商品ID,商品名,商品説明,カテゴリ,商品URL,計測用URL(UTM付き),画像URL,販売価格(税込),在庫
63,クウラ(FB01-105/L☆),FB01 覚醒の鼓動 収録,FB01 覚醒の鼓動 > L☆,https://www.kamehouse-db.com/product/63,https://www.kamehouse-db.com/product/63?utm_source=mercari&utm_medium=cpc&utm_campaign=infeed_test,https://www.kamehouse-db.com/data/kamehouse/product/20241212_d77b72.JPG,720,あり
1826,【A-】クウラ(FB01-105/L☆),FB01 覚醒の鼓動 収録,SALE,https://www.kamehouse-db.com/product/1826,https://www.kamehouse-db.com/product/1826?utm_source=mercari&utm_medium=cpc&utm_campaign=infeed_test,https://www.kamehouse-db.com/data/kamehouse/product/20241212_d77b72.JPG,650,あり
75,セル(FB02-084/SR☆),FB02 烈火の闘気 収録,FB02 烈火の闘気 > パラレル,https://www.kamehouse-db.com/product/75,https://www.kamehouse-db.com/product/75?utm_source=mercari&utm_medium=cpc&utm_campaign=infeed_test,https://www.kamehouse-db.com/data/kamehouse/product/20241212_b39a87.JPG,540,あり
6,ベジット (FB02-139/SCR☆),FB02 烈火の闘気 収録,FB02 烈火の闘気 > SCR,https://www.kamehouse-db.com/product/6,https://www.kamehouse-db.com/product/6?utm_source=mercari&utm_medium=cpc&utm_campaign=infeed_test,https://www.kamehouse-db.com/data/kamehouse/product/20241212_416552.JPG,2750,あり
657,バビディ(E03-04/☆),エナジーマーカーパック03 収録,エナジーマーカー > エナジーマーカーパック03,https://www.kamehouse-db.com/product/657,https://www.kamehouse-db.com/product/657?utm_source=mercari&utm_medium=cpc&utm_campaign=infeed_test,https://www.kamehouse-db.com/data/kamehouse/product/20250302_c54f50.jpeg,1830,あり
382,ジャネンバ(FB05-080/SR☆),FB05 未知なる冒険 収録,FB05 未知なる冒険 > パラレル,https://www.kamehouse-db.com/product/382,https://www.kamehouse-db.com/product/382?utm_source=mercari&utm_medium=cpc&utm_campaign=infeed_test,https://www.kamehouse-db.com/data/kamehouse/product/20250127_cc1304.jpeg,540,あり
387,孫悟空(FB05-119/SCR☆),FB05 未知なる冒険 収録,FB05 未知なる冒険 > SCR,https://www.kamehouse-db.com/product/387,https://www.kamehouse-db.com/product/387?utm_source=mercari&utm_medium=cpc&utm_campaign=infeed_test,https://www.kamehouse-db.com/data/kamehouse/product/20250127_c4e5c8.jpeg,8270,あり
503,ブラ:GT(FB03-127/UC☆),【プロモーションカード】 アニバーサリーパック03 収録,プロモーションカード > アニバーサリーパック,https://www.kamehouse-db.com/product/503,https://www.kamehouse-db.com/product/503?utm_source=mercari&utm_medium=cpc&utm_campaign=infeed_test,https://www.kamehouse-db.com/data/kamehouse/product/20250214_316b5d.jpeg,3210,あり
1015,人造人間16号(SB01-002/R☆),SB01 MANGA BOOSTER 01 収録,SB01 MANGA BOOSTER 01 > パラレル,https://www.kamehouse-db.com/product/1015,https://www.kamehouse-db.com/product/1015?utm_source=mercari&utm_medium=cpc&utm_campaign=infeed_test,https://www.kamehouse-db.com/data/kamehouse/product/20250626_ec3792.jpeg,5050,あり
2144,ナッパ（SB01-024 UC）,SB01 MANGA BOOSTER 01 収録,SB01 MANGA BOOSTER 01 > R以下,https://www.kamehouse-db.com/product/2144,https://www.kamehouse-db.com/product/2144?utm_source=mercari&utm_medium=cpc&utm_campaign=infeed_test,https://www.kamehouse-db.com/data/kamehouse/product/product_47608836.jpg,80,あり
1019,ブルマ(SB01-045/L☆),SB01 MANGA BOOSTER 01 収録,SB01 MANGA BOOSTER 01 > L☆,https://www.kamehouse-db.com/product/1019,https://www.kamehouse-db.com/product/1019?utm_source=mercari&utm_medium=cpc&utm_campaign=infeed_test,https://www.kamehouse-db.com/data/kamehouse/product/20250626_114af2.jpeg,43980,あり
996,クリリン(SB01-051/UC☆),SB01 MANGA BOOSTER 01 収録,SB01 MANGA BOOSTER 01 > パラレル,https://www.kamehouse-db.com/product/996,https://www.kamehouse-db.com/product/996?utm_source=mercari&utm_medium=cpc&utm_campaign=infeed_test,https://www.kamehouse-db.com/data/kamehouse/product/20250626_3c2fcb.jpeg,5050,あり
1507,孫悟飯：少年期(FB08-106/SR☆),FB08 誇り高き戦闘民族 収録,FB08 誇り高き戦闘民族 > パラレル,https://www.kamehouse-db.com/product/1507,https://www.kamehouse-db.com/product/1507?utm_source=mercari&utm_medium=cpc&utm_campaign=infeed_test,https://www.kamehouse-db.com/data/kamehouse/product/20251213_ff9d0a.jpeg,7350,あり
1669,人造人間17号（FB09 FB09-029 UC★）,FB09 VUAL EVOLUTION,FB09 DUAL EVOLUTION > パラレル,https://www.kamehouse-db.com/product/1669,https://www.kamehouse-db.com/product/1669?utm_source=mercari&utm_medium=cpc&utm_campaign=infeed_test,https://www.kamehouse-db.com/data/kamehouse/product/20260316_3edb10.jpg,1270,あり
1679,全王（FB09 FB09-031 SR★）,FB09 VUAL EVOLUTION,FB09 DUAL EVOLUTION > パラレル,https://www.kamehouse-db.com/product/1679,https://www.kamehouse-db.com/product/1679?utm_source=mercari&utm_medium=cpc&utm_campaign=infeed_test,https://www.kamehouse-db.com/data/kamehouse/product/20260316_bc9d92.jpg,720,あり
1633,ブラ：GT（FB09 FB09-114 R★）,FB09 VUAL EVOLUTION,FB09 DUAL EVOLUTION > パラレル,https://www.kamehouse-db.com/product/1633,https://www.kamehouse-db.com/product/1633?utm_source=mercari&utm_medium=cpc&utm_campaign=infeed_test,https://www.kamehouse-db.com/data/kamehouse/product/20260316_c39e49.jpg,3020,あり
1576,ゴジータ：BR（FB09 FB09-121 SCR★）,FB09 VUAL EVOLUTION,FB09 DUAL EVOLUTION > SCR,https://www.kamehouse-db.com/product/1576,https://www.kamehouse-db.com/product/1576?utm_source=mercari&utm_medium=cpc&utm_campaign=infeed_test,https://www.kamehouse-db.com/data/kamehouse/product/20260316_1a536c.jpg,6430,あり
2052,孫悟空（FB10-052 UC★）,FB10収録,FB10 CROSS FORCE > パラレル,https://www.kamehouse-db.com/product/2052,https://www.kamehouse-db.com/product/2052?utm_source=mercari&utm_medium=cpc&utm_campaign=infeed_test,https://www.kamehouse-db.com/data/kamehouse/product/20260612_9192b1.jpg,1830,あり
1942,セル（FB10 FB10-123 SCR★）,FB10 CROSS FORCE収録,FB10 CROSS FORCE > SCR,https://www.kamehouse-db.com/product/1942,https://www.kamehouse-db.com/product/1942?utm_source=mercari&utm_medium=cpc&utm_campaign=infeed_test,https://www.kamehouse-db.com/data/kamehouse/product/20260611_74bec9.jpeg,12700,あり
1370,孫悟天(FB08-008/UC),FB08 誇り高き戦闘民族 収録,FB08 誇り高き戦闘民族 > R以下,https://www.kamehouse-db.com/product/1370,https://www.kamehouse-db.com/product/1370?utm_source=mercari&utm_medium=cpc&utm_campaign=infeed_test,https://www.kamehouse-db.com/data/kamehouse/product/20251212_afea3e.jpeg,650,あり
3511,【A-】20巻表紙(E-55),SB01 MANGA BOOSTER 01 収録,SB01 MANGA BOOSTER 01 > エナジーマーカー,https://www.kamehouse-db.com/product/3511,https://www.kamehouse-db.com/product/3511?utm_source=mercari&utm_medium=cpc&utm_campaign=infeed_test,https://www.kamehouse-db.com/data/kamehouse/product/20250627_b7eb1f.jpeg,4520,あり
3510,クリリン（FB10-005 UC★）,FB10 CROSS FORCE収録,FB10 CROSS FORCE > R以下,https://www.kamehouse-db.com/product/3510,https://www.kamehouse-db.com/product/3510?utm_source=mercari&utm_medium=cpc&utm_campaign=infeed_test,https://www.kamehouse-db.com/data/kamehouse/product/20260831_c1b6ed.jpeg,2080,あり
3509,孫悟飯：少年期（FB10-055 R★）,FB10 CROSS FORCE収録,FB10 CROSS FORCE > R以下,https://www.kamehouse-db.com/product/3509,https://www.kamehouse-db.com/product/3509?utm_source=mercari&utm_medium=cpc&utm_campaign=infeed_test,https://www.kamehouse-db.com/data/kamehouse/product/20260831_84e0d8.jpeg,6160,あり
3508,ピッコロ（FB10-067 R★）,FB10 CROSS FORCE収録,FB10 CROSS FORCE > R以下,https://www.kamehouse-db.com/product/3508,https://www.kamehouse-db.com/product/3508?utm_source=mercari&utm_medium=cpc&utm_campaign=infeed_test,https://www.kamehouse-db.com/data/kamehouse/product/20260831_d45cf9.jpeg,2620,あり
3506,ビドー（FB10-085 C★）,FB10 CROSS FORCE収録,FB10 CROSS FORCE > R以下,https://www.kamehouse-db.com/product/3506,https://www.kamehouse-db.com/product/3506?utm_source=mercari&utm_medium=cpc&utm_campaign=infeed_test,https://www.kamehouse-db.com/data/kamehouse/product/20260831_c3945a.jpeg,2080,あり
3505,人造人間17号（FB10-101 R★）,FB10 CROSS FORCE収録,FB10 CROSS FORCE > R以下,https://www.kamehouse-db.com/product/3505,https://www.kamehouse-db.com/product/3505?utm_source=mercari&utm_medium=cpc&utm_campaign=infeed_test,https://www.kamehouse-db.com/data/kamehouse/product/20260831_77e486.jpeg,2080,あり
3504,孫悟空（FB10-115 R★）,FB10 CROSS FORCE収録,FB10 CROSS FORCE > R以下,https://www.kamehouse-db.com/product/3504,https://www.kamehouse-db.com/product/3504?utm_source=mercari&utm_medium=cpc&utm_campaign=infeed_test,https://www.kamehouse-db.com/data/kamehouse/product/20260831_4072e0.jpeg,2480,あり
3503,カメハウスくじ【5900円】,"【カメハウス】 5900円くじ 全200パック限定 ■S賞（1口） 《未開封》ブルマ/孫悟空：少年期（PROMO SB01-057 SR★） ■A賞（20口） 人気商品を中心にランダム封入 孫悟空（FP-059 PR★） 魔人ブウ：悪（SB01-036 UC★） ベジット（FB10-041 UC★） 極限の煌めき（FB05-115 R★） 孫悟飯：幼年期（FB03-139 SCR★） エナジーマーカー（孫悟空vsフリーザ）（E-03） ブロリー：BR（FS03-10 SR★） ベジット（FB10-025 L★） 孫悟空（SB02-004 R★） ドラゴンボール／神龍（FB07-097 L★） 蒼き力の覚醒（FB02-136 UC★） 魔人ブウ：純粋（SB01-029 L★） 孫悟天／トランクス：幼年期（FB07-105 SR★） ■B賞（40口） 人気商品を中心にランダム封入 孫悟空（FB05-049 L★） シャロット（FS09-01 L★） エナジーマーカー（ゴテンクス）（E-88） ジブレット（FS10-01 L★） 孫悟飯：少年期（FB01-071 L★） ベジータ（FB09-092 UC★） 大神官（FB09-038 C★） 人造人間18号（FB01-014 UC★） エナジーマーカー（ピッコロ）（E-55） セル（FB10-097 L★） マジュニア（FB06-113 R★） エナジーマーカー（ゴジータ）（E-31） エナジーマーカー（ベジット）（E-30） 孫悟天（ST01-001 L★） エナジーマーカー（魔人ブウ：悪）（E-67 ★） ブロリー（FB08-088 UC★） 孫悟空／ベジータ（ST01-024 SR★） 地球を破壊する一撃（FB02-104 R★） 魔人ブウ：純粋（FS10-15 C★） エナジーマーカー（孫悟空＆ピッコロ）（E-59） 孫悟空（FP-027 PR★） 孫悟飯：幼年期（FB08-056 R★） 孫悟空（FS09-06 C★） 孫悟空（FB09-033 C★） 孫悟飯：幼年期（FB07-106 R★） 北の界王（SB02-002 C★） ブルマ（FB07-114 SR★） エナジーマーカー（孫悟空）（E-112 ★）"" ■C賞（139口） ランダム封入（パラレル以上確定） ■ラストワン ポタラ（FB10-047 R★） ",オリパ・福袋,https://www.kamehouse-db.com/product/3503,https://www.kamehouse-db.com/product/3503?utm_source=mercari&utm_medium=cpc&utm_campaign=infeed_test,https://www.kamehouse-db.com/data/kamehouse/product/20260826_504706.png,5900,あり
3502,孫悟飯：幼年期（FB10 FB10-060 C★）,FB10 CROSS FORCE収録,FB10 CROSS FORCE > R以下,https://www.kamehouse-db.com/product/3502,https://www.kamehouse-db.com/product/3502?utm_source=mercari&utm_medium=cpc&utm_campaign=infeed_test,https://www.kamehouse-db.com/data/kamehouse/product/20260825_ce3b00.png,4220,あり
3501,《ARS10》エナジーマーカー（孫悟空＆ブルマ）（SB02 E-70）,エナジーマーカー,鑑定品(PSA等),https://www.kamehouse-db.com/product/3501,https://www.kamehouse-db.com/product/3501?utm_source=mercari&utm_medium=cpc&utm_campaign=infeed_test,https://www.kamehouse-db.com/data/kamehouse/product/20260821_fcd132.jpeg,36000,あり
3499,カメハウスくじ【2000円】,【カメハウス】 2000円くじ 全350パック限定 ■S賞（1口） 《未開封》孫悟飯：少年期（PROMO SB02-007 UC★） ■A賞（18口） 以下商品の中からランダム封入 チチ：少女期（FB06-103 SR★） ゴジータ（FB09-073 L★） 孫悟空（ミニ）：DA（FP-024 PR） エナジーマーカー（人造人間18号）【★】（E-33） ブロリー：BR（FS10-14 SR★） トランクス：未来（SB02-011 UC★） ブロリー（FB08-073 L★） エナジーマーカー（金背景／ベジット）【★】（E-02） 孫悟飯：少年期（FP-057 PR★） トランクス：未来（SB02-010 R★） ブロリー（FB08-073 L★） エナジーマーカー（ゴジータ：GT）（E-115 ★） ■B賞（69口） 人気商品を中心にランダム封入 孫悟空Jr.（FB08 FB08-097 L★） フリーザ（FB07 FB07-088 R★） ファイナルフラッシュ（FS02-16 C★） 孫悟飯：SH（FB07 FB07-058 SR★） エナジーマーカー（トランクス）（E01 E01-08 ★） バーダック（FB08 FB08-111 UC★） ミスター・サタン（FB10 FB10-021 SR★） 孫悟天/トランクス：幼年期（FB08 FB08-009 SR★） ブロリー（ST01 ST01-050 SR★） 孫悟飯:少年期（FB01-090 R★） ブラ：GT（FB03-127 UC★） エナジーマーカー（ゴジータ：GT）（Eon E-130 ★） トランクス:未来（FB01-049 R★） ジャネンバ（PROMO FB05-080 SR★） 孫悟空（FB09 FB09-037 SR★） トランクス：幼年期/孫悟天（ST01 ST01-058 SR★） エナジーマーカー（ST01 E-153） 孫悟空/ベジータ（FB09 FB09-082 SR★） 孫悟飯:少年期（FB01-090 R★） ■C賞（262口） ランダム封入（SR以上確定） 【配送について】 ・土日祝日は発送を行っておりません。 【注意事項】 ・抽選の公平性を担保するため、事前にリストを作成しています。 ・掲載商品は一例です。掲載以外の商品が封入される場合もございます。 ・状態に傷のある商品が含,オリパ・福袋,https://www.kamehouse-db.com/product/3499,https://www.kamehouse-db.com/product/3499?utm_source=mercari&utm_medium=cpc&utm_campaign=infeed_test,https://www.kamehouse-db.com/data/kamehouse/product/20260818_c0eccf.png,2000,あり
3478,エナジーマーカー（ST01 E-156）,"【エナジーマーカー／E-156】ドラゴンボールスーパーカードゲーム フュージョンワールドのエナジーマーカーです。 エナジーマーカーはデッキに1枚必要な必須アイテム。デッキの雰囲気に合わせてお好みの1枚をお選びいただけます。 ■状態：A（当店基準／状態表記について → https://www.kamehouse-db.com/page/2 ） ■真贋：正規品のみを取り扱っています。 ■発送：ご入金確認後、当日～翌営業日に発送。1,000円以上のご購入で全国送料無料。 ■返品：お客様都合による返品・キャンセルは原則承っておりません。",ST01 STORY BOOSTER 01 > エナジーマーカー,https://www.kamehouse-db.com/product/3478,https://www.kamehouse-db.com/product/3478?utm_source=mercari&utm_medium=cpc&utm_campaign=infeed_test,https://www.kamehouse-db.com/data/kamehouse/product/product_143610076.jpg,780,あり
3470,トランクス：幼年期(FB08-016/UC☆) 状態B,FB08 誇り高き戦闘民族 収録,FB08 誇り高き戦闘民族 > パラレル,https://www.kamehouse-db.com/product/3470,https://www.kamehouse-db.com/product/3470?utm_source=mercari&utm_medium=cpc&utm_campaign=infeed_test,https://www.kamehouse-db.com/data/kamehouse/product/20251213_0c7e67.jpeg,1250,あり
3469,孫悟空（PROMO FP-077 PR）,Vジャンプ2026年5月特大号付録,プロモーションカード > 雑誌付録,https://www.kamehouse-db.com/product/3469,https://www.kamehouse-db.com/product/3469?utm_source=mercari&utm_medium=cpc&utm_campaign=infeed_test,https://www.kamehouse-db.com/data/kamehouse/product/20260807_f70db7.png,370,あり
3424,ゴテンクス（ホロ）（ST01 ST01-020 C）,"【ゴテンクス（ホロ）／ST01-020／C】ドラゴンボールスーパーカードゲーム フュージョンワールド ST01「STORY BOOSTER 01」収録のシングルカードです。 ■状態：A（当店基準／状態表記について → https://www.kamehouse-db.com/page/2 ） ■真贋：正規品のみを取り扱っています。 ■発送：ご入金確認後、当日～翌営業日に発送。1,000円以上のご購入で全国送料無料。 ■返品：お客様都合による返品・キャンセルは原則承っておりません。",ST01 STORY BOOSTER 01 > R以下,https://www.kamehouse-db.com/product/3424,https://www.kamehouse-db.com/product/3424?utm_source=mercari&utm_medium=cpc&utm_campaign=infeed_test,https://www.kamehouse-db.com/data/kamehouse/product/product_143611297.jpg,650,あり
3421,ゴテンクス（ST01 ST01-020 C）,"【ゴテンクス／ST01-020／C】ドラゴンボールスーパーカードゲーム フュージョンワールド ST01「STORY BOOSTER 01」収録のシングルカードです。 ■状態：A（当店基準／状態表記について → https://www.kamehouse-db.com/page/2 ） ■真贋：正規品のみを取り扱っています。 ■発送：ご入金確認後、当日～翌営業日に発送。1,000円以上のご購入で全国送料無料。 ■返品：お客様都合による返品・キャンセルは原則承っておりません。",ST01 STORY BOOSTER 01 > R以下,https://www.kamehouse-db.com/product/3421,https://www.kamehouse-db.com/product/3421?utm_source=mercari&utm_medium=cpc&utm_campaign=infeed_test,https://www.kamehouse-db.com/data/kamehouse/product/product_143611307.jpg,80,あり
3419,キビト神（ST01 ST01-019 C）,"【キビト神／ST01-019／C】ドラゴンボールスーパーカードゲーム フュージョンワールド ST01「STORY BOOSTER 01」収録のシングルカードです。 ■状態：A（当店基準／状態表記について → https://www.kamehouse-db.com/page/2 ） ■真贋：正規品のみを取り扱っています。 ■発送：ご入金確認後、当日～翌営業日に発送。1,000円以上のご購入で全国送料無料。 ■返品：お客様都合による返品・キャンセルは原則承っておりません。",ST01 STORY BOOSTER 01 > R以下,https://www.kamehouse-db.com/product/3419,https://www.kamehouse-db.com/product/3419?utm_source=mercari&utm_medium=cpc&utm_campaign=infeed_test,https://www.kamehouse-db.com/data/kamehouse/product/product_143611322.jpg,50,あり
3417,キビト（ST01 ST01-018 C）,"【キビト／ST01-018／C】ドラゴンボールスーパーカードゲーム フュージョンワールド ST01「STORY BOOSTER 01」収録のシングルカードです。 ■状態：A（当店基準／状態表記について → https://www.kamehouse-db.com/page/2 ） ■真贋：正規品のみを取り扱っています。 ■発送：ご入金確認後、当日～翌営業日に発送。1,000円以上のご購入で全国送料無料。 ■返品：お客様都合による返品・キャンセルは原則承っておりません。",ST01 STORY BOOSTER 01 > R以下,https://www.kamehouse-db.com/product/3417,https://www.kamehouse-db.com/product/3417?utm_source=mercari&utm_medium=cpc&utm_campaign=infeed_test,https://www.kamehouse-db.com/data/kamehouse/product/product_143611342.jpg,50,あり
3415,世代を超えた宿命（ST01 ST01-017 C）,"【世代を超えた宿命／ST01-017／C】ドラゴンボールスーパーカードゲーム フュージョンワールド ST01「STORY BOOSTER 01」収録のシングルカードです。 ■状態：A（当店基準／状態表記について → https://www.kamehouse-db.com/page/2 ） ■真贋：正規品のみを取り扱っています。 ■発送：ご入金確認後、当日～翌営業日に発送。1,000円以上のご購入で全国送料無料。 ■返品：お客様都合による返品・キャンセルは原則承っておりません。",ST01 STORY BOOSTER 01 > R以下,https://www.kamehouse-db.com/product/3415,https://www.kamehouse-db.com/product/3415?utm_source=mercari&utm_medium=cpc&utm_campaign=infeed_test,https://www.kamehouse-db.com/data/kamehouse/product/product_143611357.jpg,50,あり
3413,かめはめ波（ST01 ST01-016 C）,"【かめはめ波／ST01-016／C】ドラゴンボールスーパーカードゲーム フュージョンワールド ST01「STORY BOOSTER 01」収録のシングルカードです。 ■状態：A（当店基準／状態表記について → https://www.kamehouse-db.com/page/2 ） ■真贋：正規品のみを取り扱っています。 ■発送：ご入金確認後、当日～翌営業日に発送。1,000円以上のご購入で全国送料無料。 ■返品：お客様都合による返品・キャンセルは原則承っておりません。",ST01 STORY BOOSTER 01 > R以下,https://www.kamehouse-db.com/product/3413,https://www.kamehouse-db.com/product/3413?utm_source=mercari&utm_medium=cpc&utm_campaign=infeed_test,https://www.kamehouse-db.com/data/kamehouse/product/product_143611377.jpg,50,あり
3409,ビーデル（ST01 ST01-014 C）,"【ビーデル／ST01-014／C】ドラゴンボールスーパーカードゲーム フュージョンワールド ST01「STORY BOOSTER 01」収録のシングルカードです。 ■状態：A（当店基準／状態表記について → https://www.kamehouse-db.com/page/2 ） ■真贋：正規品のみを取り扱っています。 ■発送：ご入金確認後、当日～翌営業日に発送。1,000円以上のご購入で全国送料無料。 ■返品：お客様都合による返品・キャンセルは原則承っておりません。",ST01 STORY BOOSTER 01 > R以下,https://www.kamehouse-db.com/product/3409,https://www.kamehouse-db.com/product/3409?utm_source=mercari&utm_medium=cpc&utm_campaign=infeed_test,https://www.kamehouse-db.com/data/kamehouse/product/product_143611412.jpg,50,あり
3408,トランクス：幼年期（ST01 ST01-013 R★）,"【トランクス：幼年期／ST01-013／R★】ドラゴンボールスーパーカードゲーム フュージョンワールド ST01「STORY BOOSTER 01」収録のシングルカードです。 ■状態：A（当店基準／状態表記について → https://www.kamehouse-db.com/page/2 ） ■真贋：正規品のみを取り扱っています。 ■発送：ご入金確認後、当日～翌営業日に発送。1,000円以上のご購入で全国送料無料。 ■返品：お客様都合による返品・キャンセルは原則承っておりません。",ST01 STORY BOOSTER 01 > パラレル,https://www.kamehouse-db.com/product/3408,https://www.kamehouse-db.com/product/3408?utm_source=mercari&utm_medium=cpc&utm_campaign=infeed_test,https://www.kamehouse-db.com/data/kamehouse/product/product_143611422.jpg,650,あり
3407,トランクス：幼年期（ST01 ST01-013 R）,"【トランクス：幼年期／ST01-013／R】ドラゴンボールスーパーカードゲーム フュージョンワールド ST01「STORY BOOSTER 01」収録のシングルカードです。 ■状態：A（当店基準／状態表記について → https://www.kamehouse-db.com/page/2 ） ■真贋：正規品のみを取り扱っています。 ■発送：ご入金確認後、当日～翌営業日に発送。1,000円以上のご購入で全国送料無料。 ■返品：お客様都合による返品・キャンセルは原則承っておりません。",ST01 STORY BOOSTER 01 > R以下,https://www.kamehouse-db.com/product/3407,https://www.kamehouse-db.com/product/3407?utm_source=mercari&utm_medium=cpc&utm_campaign=infeed_test,https://www.kamehouse-db.com/data/kamehouse/product/product_143611432.jpg,80,あり
3405,トランクス：幼年期（ST01 ST01-012 C）,"【トランクス：幼年期／ST01-012／C】ドラゴンボールスーパーカードゲーム フュージョンワールド ST01「STORY BOOSTER 01」収録のシングルカードです。 ■状態：A（当店基準／状態表記について → https://www.kamehouse-db.com/page/2 ） ■真贋：正規品のみを取り扱っています。 ■発送：ご入金確認後、当日～翌営業日に発送。1,000円以上のご購入で全国送料無料。 ■返品：お客様都合による返品・キャンセルは原則承っておりません。",ST01 STORY BOOSTER 01 > R以下,https://www.kamehouse-db.com/product/3405,https://www.kamehouse-db.com/product/3405?utm_source=mercari&utm_medium=cpc&utm_campaign=infeed_test,https://www.kamehouse-db.com/data/kamehouse/product/product_143611447.jpg,50,あり
3404,孫悟飯：青年期（ST01 ST01-011 SR★）,"【孫悟飯：青年期／ST01-011／SR★】ドラゴンボールスーパーカードゲーム フュージョンワールド ST01「STORY BOOSTER 01」収録のシングルカードです。 ■状態：A（当店基準／状態表記について → https://www.kamehouse-db.com/page/2 ） ■真贋：正規品のみを取り扱っています。 ■発送：ご入金確認後、当日～翌営業日に発送。1,000円以上のご購入で全国送料無料。 ■返品：お客様都合による返品・キャンセルは原則承っておりません。",ST01 STORY BOOSTER 01 > パラレル,https://www.kamehouse-db.com/product/3404,https://www.kamehouse-db.com/product/3404?utm_source=mercari&utm_medium=cpc&utm_campaign=infeed_test,https://www.kamehouse-db.com/data/kamehouse/product/product_143611454.jpg,1810,あり
3403,孫悟飯：青年期（ST01 ST01-011 SR）,"【孫悟飯：青年期／ST01-011／SR】ドラゴンボールスーパーカードゲーム フュージョンワールド ST01「STORY BOOSTER 01」収録のシングルカードです。 ■状態：A（当店基準／状態表記について → https://www.kamehouse-db.com/page/2 ） ■真贋：正規品のみを取り扱っています。 ■発送：ご入金確認後、当日～翌営業日に発送。1,000円以上のご購入で全国送料無料。 ■返品：お客様都合による返品・キャンセルは原則承っておりません。",ST01 STORY BOOSTER 01 > SR,https://www.kamehouse-db.com/product/3403,https://www.kamehouse-db.com/product/3403?utm_source=mercari&utm_medium=cpc&utm_campaign=infeed_test,https://www.kamehouse-db.com/data/kamehouse/product/product_143611467.jpg,80,あり
3401,孫悟飯：青年期（ST01 ST01-010 C）,"【孫悟飯：青年期／ST01-010／C】ドラゴンボールスーパーカードゲーム フュージョンワールド ST01「STORY BOOSTER 01」収録のシングルカードです。 ■状態：A（当店基準／状態表記について → https://www.kamehouse-db.com/page/2 ） ■真贋：正規品のみを取り扱っています。 ■発送：ご入金確認後、当日～翌営業日に発送。1,000円以上のご購入で全国送料無料。 ■返品：お客様都合による返品・キャンセルは原則承っておりません。",ST01 STORY BOOSTER 01 > R以下,https://www.kamehouse-db.com/product/3401,https://www.kamehouse-db.com/product/3401?utm_source=mercari&utm_medium=cpc&utm_campaign=infeed_test,https://www.kamehouse-db.com/data/kamehouse/product/product_143611482.jpg,50,あり
3399,孫悟飯：青年期（ST01 ST01-009 C）,"【孫悟飯：青年期／ST01-009／C】ドラゴンボールスーパーカードゲーム フュージョンワールド ST01「STORY BOOSTER 01」収録のシングルカードです。 ■状態：A（当店基準／状態表記について → https://www.kamehouse-db.com/page/2 ） ■真贋：正規品のみを取り扱っています。 ■発送：ご入金確認後、当日～翌営業日に発送。1,000円以上のご購入で全国送料無料。 ■返品：お客様都合による返品・キャンセルは原則承っておりません。",ST01 STORY BOOSTER 01 > R以下,https://www.kamehouse-db.com/product/3399,https://www.kamehouse-db.com/product/3399?utm_source=mercari&utm_medium=cpc&utm_campaign=infeed_test,https://www.kamehouse-db.com/data/kamehouse/product/product_143611497.jpg,50,あり
3395,孫悟天（ST01 ST01-007 R）,"【孫悟天／ST01-007／R】ドラゴンボールスーパーカードゲーム フュージョンワールド ST01「STORY BOOSTER 01」収録のシングルカードです。 ■状態：A（当店基準／状態表記について → https://www.kamehouse-db.com/page/2 ） ■真贋：正規品のみを取り扱っています。 ■発送：ご入金確認後、当日～翌営業日に発送。1,000円以上のご購入で全国送料無料。 ■返品：お客様都合による返品・キャンセルは原則承っておりません。",ST01 STORY BOOSTER 01 > R以下,https://www.kamehouse-db.com/product/3395,https://www.kamehouse-db.com/product/3395?utm_source=mercari&utm_medium=cpc&utm_campaign=infeed_test,https://www.kamehouse-db.com/data/kamehouse/product/product_143611534.jpg,80,あり
3393,孫悟天（ST01 ST01-006 R）,"【孫悟天／ST01-006／R】ドラゴンボールスーパーカードゲーム フュージョンワールド ST01「STORY BOOSTER 01」収録のシングルカードです。 ■状態：A（当店基準／状態表記について → https://www.kamehouse-db.com/page/2 ） ■真贋：正規品のみを取り扱っています。 ■発送：ご入金確認後、当日～翌営業日に発送。1,000円以上のご購入で全国送料無料。 ■返品：お客様都合による返品・キャンセルは原則承っておりません。",ST01 STORY BOOSTER 01 > R以下,https://www.kamehouse-db.com/product/3393,https://www.kamehouse-db.com/product/3393?utm_source=mercari&utm_medium=cpc&utm_campaign=infeed_test,https://www.kamehouse-db.com/data/kamehouse/product/product_143611557.jpg,80,あり
3391,孫悟天（ST01 ST01-005 C）,"【孫悟天／ST01-005／C】ドラゴンボールスーパーカードゲーム フュージョンワールド ST01「STORY BOOSTER 01」収録のシングルカードです。 ■状態：A（当店基準／状態表記について → https://www.kamehouse-db.com/page/2 ） ■真贋：正規品のみを取り扱っています。 ■発送：ご入金確認後、当日～翌営業日に発送。1,000円以上のご購入で全国送料無料。 ■返品：お客様都合による返品・キャンセルは原則承っておりません。",ST01 STORY BOOSTER 01 > R以下,https://www.kamehouse-db.com/product/3391,https://www.kamehouse-db.com/product/3391?utm_source=mercari&utm_medium=cpc&utm_campaign=infeed_test,https://www.kamehouse-db.com/data/kamehouse/product/product_143611572.jpg,50,あり
3389,孫悟空（ST01 ST01-004 SR）,"【孫悟空／ST01-004／SR】ドラゴンボールスーパーカードゲーム フュージョンワールド ST01「STORY BOOSTER 01」収録のシングルカードです。 ■状態：A（当店基準／状態表記について → https://www.kamehouse-db.com/page/2 ） ■真贋：正規品のみを取り扱っています。 ■発送：ご入金確認後、当日～翌営業日に発送。1,000円以上のご購入で全国送料無料。 ■返品：お客様都合による返品・キャンセルは原則承っておりません。",ST01 STORY BOOSTER 01 > SR,https://www.kamehouse-db.com/product/3389,https://www.kamehouse-db.com/product/3389?utm_source=mercari&utm_medium=cpc&utm_campaign=infeed_test,https://www.kamehouse-db.com/data/kamehouse/product/product_143611592.jpg,80,あり
3387,孫悟空（ST01 ST01-003 C）,"【孫悟空／ST01-003／C】ドラゴンボールスーパーカードゲーム フュージョンワールド ST01「STORY BOOSTER 01」収録のシングルカードです。 ■状態：A（当店基準／状態表記について → https://www.kamehouse-db.com/page/2 ） ■真贋：正規品のみを取り扱っています。 ■発送：ご入金確認後、当日～翌営業日に発送。1,000円以上のご購入で全国送料無料。 ■返品：お客様都合による返品・キャンセルは原則承っておりません。",ST01 STORY BOOSTER 01 > R以下,https://www.kamehouse-db.com/product/3387,https://www.kamehouse-db.com/product/3387?utm_source=mercari&utm_medium=cpc&utm_campaign=infeed_test,https://www.kamehouse-db.com/data/kamehouse/product/product_143611607.jpg,50,あり
3385,クリリン（ST01 ST01-002 C）,"【クリリン／ST01-002／C】ドラゴンボールスーパーカードゲーム フュージョンワールド ST01「STORY BOOSTER 01」収録のシングルカードです。 ■状態：A（当店基準／状態表記について → https://www.kamehouse-db.com/page/2 ） ■真贋：正規品のみを取り扱っています。 ■発送：ご入金確認後、当日～翌営業日に発送。1,000円以上のご購入で全国送料無料。 ■返品：お客様都合による返品・キャンセルは原則承っておりません。",ST01 STORY BOOSTER 01 > R以下,https://www.kamehouse-db.com/product/3385,https://www.kamehouse-db.com/product/3385?utm_source=mercari&utm_medium=cpc&utm_campaign=infeed_test,https://www.kamehouse-db.com/data/kamehouse/product/product_143611627.jpg,50,あり
3383,孫悟天（ST01 ST01-001 L）,"【孫悟天／ST01-001／L】ドラゴンボールスーパーカードゲーム フュージョンワールド ST01「STORY BOOSTER 01」収録のシングルカードです。 ■状態：A（当店基準／状態表記について → https://www.kamehouse-db.com/page/2 ） ■真贋：正規品のみを取り扱っています。 ■発送：ご入金確認後、当日～翌営業日に発送。1,000円以上のご購入で全国送料無料。 ■返品：お客様都合による返品・キャンセルは原則承っておりません。",ST01 STORY BOOSTER 01 > R以下,https://www.kamehouse-db.com/product/3383,https://www.kamehouse-db.com/product/3383?utm_source=mercari&utm_medium=cpc&utm_campaign=infeed_test,https://www.kamehouse-db.com/data/kamehouse/product/product_143611643.jpg,80,あり
3382,シン（ST01 ST01-022 C）,"【シン／ST01-022／C】ドラゴンボールスーパーカードゲーム フュージョンワールド ST01「STORY BOOSTER 01」収録のシングルカードです。 ■状態：A（当店基準／状態表記について → https://www.kamehouse-db.com/page/2 ） ■真贋：正規品のみを取り扱っています。 ■発送：ご入金確認後、当日～翌営業日に発送。1,000円以上のご購入で全国送料無料。 ■返品：お客様都合による返品・キャンセルは原則承っておりません。",ST01 STORY BOOSTER 01 > R以下,https://www.kamehouse-db.com/product/3382,https://www.kamehouse-db.com/product/3382?utm_source=mercari&utm_medium=cpc&utm_campaign=infeed_test,https://www.kamehouse-db.com/data/kamehouse/product/product_143611272.jpg,50,あり
3380,孫悟空（ST01 ST01-023 R）,"【孫悟空／ST01-023／R】ドラゴンボールスーパーカードゲーム フュージョンワールド ST01「STORY BOOSTER 01」収録のシングルカードです。 ■状態：A（当店基準／状態表記について → https://www.kamehouse-db.com/page/2 ） ■真贋：正規品のみを取り扱っています。 ■発送：ご入金確認後、当日～翌営業日に発送。1,000円以上のご購入で全国送料無料。 ■返品：お客様都合による返品・キャンセルは原則承っておりません。",ST01 STORY BOOSTER 01 > R以下,https://www.kamehouse-db.com/product/3380,https://www.kamehouse-db.com/product/3380?utm_source=mercari&utm_medium=cpc&utm_campaign=infeed_test,https://www.kamehouse-db.com/data/kamehouse/product/product_143611257.jpg,120,あり
3376,ベジット（ST01 ST01-025 R）,"【ベジット／ST01-025／R】ドラゴンボールスーパーカードゲーム フュージョンワールド ST01「STORY BOOSTER 01」収録のシングルカードです。 ■状態：A（当店基準／状態表記について → https://www.kamehouse-db.com/page/2 ） ■真贋：正規品のみを取り扱っています。 ■発送：ご入金確認後、当日～翌営業日に発送。1,000円以上のご購入で全国送料無料。 ■返品：お客様都合による返品・キャンセルは原則承っておりません。",ST01 STORY BOOSTER 01 > R以下,https://www.kamehouse-db.com/product/3376,https://www.kamehouse-db.com/product/3376?utm_source=mercari&utm_medium=cpc&utm_campaign=infeed_test,https://www.kamehouse-db.com/data/kamehouse/product/product_143611222.jpg,120,あり
3375,ベジット（ST01 ST01-025 R★）,"【ベジット／ST01-025／R★】ドラゴンボールスーパーカードゲーム フュージョンワールド ST01「STORY BOOSTER 01」収録のシングルカードです。 ■状態：A（当店基準／状態表記について → https://www.kamehouse-db.com/page/2 ） ■真贋：正規品のみを取り扱っています。 ■発送：ご入金確認後、当日～翌営業日に発送。1,000円以上のご購入で全国送料無料。 ■返品：お客様都合による返品・キャンセルは原則承っておりません。",ST01 STORY BOOSTER 01 > パラレル,https://www.kamehouse-db.com/product/3375,https://www.kamehouse-db.com/product/3375?utm_source=mercari&utm_medium=cpc&utm_campaign=infeed_test,https://www.kamehouse-db.com/data/kamehouse/product/product_143611211.jpg,1020,あり
3374,こいつが超ベジット！！（ST01 ST01-026 C）,"【こいつが超ベジット！！／ST01-026／C】ドラゴンボールスーパーカードゲーム フュージョンワールド ST01「STORY BOOSTER 01」収録のシングルカードです。 ■状態：A（当店基準／状態表記について → https://www.kamehouse-db.com/page/2 ） ■真贋：正規品のみを取り扱っています。 ■発送：ご入金確認後、当日～翌営業日に発送。1,000円以上のご購入で全国送料無料。 ■返品：お客様都合による返品・キャンセルは原則承っておりません。",ST01 STORY BOOSTER 01 > R以下,https://www.kamehouse-db.com/product/3374,https://www.kamehouse-db.com/product/3374?utm_source=mercari&utm_medium=cpc&utm_campaign=infeed_test,https://www.kamehouse-db.com/data/kamehouse/product/product_143611202.jpg,80,あり
3370,魔人ブウ（ST01 ST01-028 R）,"【魔人ブウ／ST01-028／R】ドラゴンボールスーパーカードゲーム フュージョンワールド ST01「STORY BOOSTER 01」収録のシングルカードです。 ■状態：A（当店基準／状態表記について → https://www.kamehouse-db.com/page/2 ） ■真贋：正規品のみを取り扱っています。 ■発送：ご入金確認後、当日～翌営業日に発送。1,000円以上のご購入で全国送料無料。 ■返品：お客様都合による返品・キャンセルは原則承っておりません。",ST01 STORY BOOSTER 01 > R以下,https://www.kamehouse-db.com/product/3370,https://www.kamehouse-db.com/product/3370?utm_source=mercari&utm_medium=cpc&utm_campaign=infeed_test,https://www.kamehouse-db.com/data/kamehouse/product/product_143611167.jpg,80,あり
3368,魔人ブウ：悪（ST01 ST01-029 C）,"【魔人ブウ：悪／ST01-029／C】ドラゴンボールスーパーカードゲーム フュージョンワールド ST01「STORY BOOSTER 01」収録のシングルカードです。 ■状態：A（当店基準／状態表記について → https://www.kamehouse-db.com/page/2 ） ■真贋：正規品のみを取り扱っています。 ■発送：ご入金確認後、当日～翌営業日に発送。1,000円以上のご購入で全国送料無料。 ■返品：お客様都合による返品・キャンセルは原則承っておりません。",ST01 STORY BOOSTER 01 > R以下,https://www.kamehouse-db.com/product/3368,https://www.kamehouse-db.com/product/3368?utm_source=mercari&utm_medium=cpc&utm_campaign=infeed_test,https://www.kamehouse-db.com/data/kamehouse/product/product_143611147.jpg,50,あり
3366,魔人ブウ：悪（ST01 ST01-030 C）,"【魔人ブウ：悪／ST01-030／C】ドラゴンボールスーパーカードゲーム フュージョンワールド ST01「STORY BOOSTER 01」収録のシングルカードです。 ■状態：A（当店基準／状態表記について → https://www.kamehouse-db.com/page/2 ） ■真贋：正規品のみを取り扱っています。 ■発送：ご入金確認後、当日～翌営業日に発送。1,000円以上のご購入で全国送料無料。 ■返品：お客様都合による返品・キャンセルは原則承っておりません。",ST01 STORY BOOSTER 01 > R以下,https://www.kamehouse-db.com/product/3366,https://www.kamehouse-db.com/product/3366?utm_source=mercari&utm_medium=cpc&utm_campaign=infeed_test,https://www.kamehouse-db.com/data/kamehouse/product/product_143611127.jpg,50,あり
3364,魔人ブウ：悪（ST01 ST01-031 R）,"【魔人ブウ：悪／ST01-031／R】ドラゴンボールスーパーカードゲーム フュージョンワールド ST01「STORY BOOSTER 01」収録のシングルカードです。 ■状態：A（当店基準／状態表記について → https://www.kamehouse-db.com/page/2 ） ■真贋：正規品のみを取り扱っています。 ■発送：ご入金確認後、当日～翌営業日に発送。1,000円以上のご購入で全国送料無料。 ■返品：お客様都合による返品・キャンセルは原則承っておりません。",ST01 STORY BOOSTER 01 > R以下,https://www.kamehouse-db.com/product/3364,https://www.kamehouse-db.com/product/3364?utm_source=mercari&utm_medium=cpc&utm_campaign=infeed_test,https://www.kamehouse-db.com/data/kamehouse/product/product_143611112.jpg,80,あり
3362,魔人ブウ：悪（ST01 ST01-032 R）,"【魔人ブウ：悪／ST01-032／R】ドラゴンボールスーパーカードゲーム フュージョンワールド ST01「STORY BOOSTER 01」収録のシングルカードです。 ■状態：A（当店基準／状態表記について → https://www.kamehouse-db.com/page/2 ） ■真贋：正規品のみを取り扱っています。 ■発送：ご入金確認後、当日～翌営業日に発送。1,000円以上のご購入で全国送料無料。 ■返品：お客様都合による返品・キャンセルは原則承っておりません。",ST01 STORY BOOSTER 01 > R以下,https://www.kamehouse-db.com/product/3362,https://www.kamehouse-db.com/product/3362?utm_source=mercari&utm_medium=cpc&utm_campaign=infeed_test,https://www.kamehouse-db.com/data/kamehouse/product/product_143611072.jpg,80,あり
3360,魔人ブウ：悪（ST01 ST01-033 C）,"【魔人ブウ：悪／ST01-033／C】ドラゴンボールスーパーカードゲーム フュージョンワールド ST01「STORY BOOSTER 01」収録のシングルカードです。 ■状態：A（当店基準／状態表記について → https://www.kamehouse-db.com/page/2 ） ■真贋：正規品のみを取り扱っています。 ■発送：ご入金確認後、当日～翌営業日に発送。1,000円以上のご購入で全国送料無料。 ■返品：お客様都合による返品・キャンセルは原則承っておりません。",ST01 STORY BOOSTER 01 > R以下,https://www.kamehouse-db.com/product/3360,https://www.kamehouse-db.com/product/3360?utm_source=mercari&utm_medium=cpc&utm_campaign=infeed_test,https://www.kamehouse-db.com/data/kamehouse/product/product_143611053.jpg,50,あり
3358,魔人ブウ：悪（ST01 ST01-034 C）,"【魔人ブウ：悪／ST01-034／C】ドラゴンボールスーパーカードゲーム フュージョンワールド ST01「STORY BOOSTER 01」収録のシングルカードです。 ■状態：A（当店基準／状態表記について → https://www.kamehouse-db.com/page/2 ） ■真贋：正規品のみを取り扱っています。 ■発送：ご入金確認後、当日～翌営業日に発送。1,000円以上のご購入で全国送料無料。 ■返品：お客様都合による返品・キャンセルは原則承っておりません。",ST01 STORY BOOSTER 01 > R以下,https://www.kamehouse-db.com/product/3358,https://www.kamehouse-db.com/product/3358?utm_source=mercari&utm_medium=cpc&utm_campaign=infeed_test,https://www.kamehouse-db.com/data/kamehouse/product/product_143611037.jpg,50,あり
3356,魔人ブウ：悪（ST01 ST01-035 R）,"【魔人ブウ：悪／ST01-035／R】ドラゴンボールスーパーカードゲーム フュージョンワールド ST01「STORY BOOSTER 01」収録のシングルカードです。 ■状態：A（当店基準／状態表記について → https://www.kamehouse-db.com/page/2 ） ■真贋：正規品のみを取り扱っています。 ■発送：ご入金確認後、当日～翌営業日に発送。1,000円以上のご購入で全国送料無料。 ■返品：お客様都合による返品・キャンセルは原則承っておりません。",ST01 STORY BOOSTER 01 > R以下,https://www.kamehouse-db.com/product/3356,https://www.kamehouse-db.com/product/3356?utm_source=mercari&utm_medium=cpc&utm_campaign=infeed_test,https://www.kamehouse-db.com/data/kamehouse/product/product_143611022.jpg,80,あり
3354,魔人ブウ：悪（ST01 ST01-036 SR）,"【魔人ブウ：悪／ST01-036／SR】ドラゴンボールスーパーカードゲーム フュージョンワールド ST01「STORY BOOSTER 01」収録のシングルカードです。 ■状態：A（当店基準／状態表記について → https://www.kamehouse-db.com/page/2 ） ■真贋：正規品のみを取り扱っています。 ■発送：ご入金確認後、当日～翌営業日に発送。1,000円以上のご購入で全国送料無料。 ■返品：お客様都合による返品・キャンセルは原則承っておりません。",ST01 STORY BOOSTER 01 > SR,https://www.kamehouse-db.com/product/3354,https://www.kamehouse-db.com/product/3354?utm_source=mercari&utm_medium=cpc&utm_campaign=infeed_test,https://www.kamehouse-db.com/data/kamehouse/product/product_143611002.jpg,80,あり
3353,魔人ブウ：悪（ST01 ST01-036 SR★）,"【魔人ブウ：悪／ST01-036／SR★】ドラゴンボールスーパーカードゲーム フュージョンワールド ST01「STORY BOOSTER 01」収録のシングルカードです。 ■状態：A（当店基準／状態表記について → https://www.kamehouse-db.com/page/2 ） ■真贋：正規品のみを取り扱っています。 ■発送：ご入金確認後、当日～翌営業日に発送。1,000円以上のご購入で全国送料無料。 ■返品：お客様都合による返品・キャンセルは原則承っておりません。",ST01 STORY BOOSTER 01 > パラレル,https://www.kamehouse-db.com/product/3353,https://www.kamehouse-db.com/product/3353?utm_source=mercari&utm_medium=cpc&utm_campaign=infeed_test,https://www.kamehouse-db.com/data/kamehouse/product/product_143610992.jpg,1020,あり
3352,魔人ブウ：純粋（ST01 ST01-037 R）,"【魔人ブウ：純粋／ST01-037／R】ドラゴンボールスーパーカードゲーム フュージョンワールド ST01「STORY BOOSTER 01」収録のシングルカードです。 ■状態：A（当店基準／状態表記について → https://www.kamehouse-db.com/page/2 ） ■真贋：正規品のみを取り扱っています。 ■発送：ご入金確認後、当日～翌営業日に発送。1,000円以上のご購入で全国送料無料。 ■返品：お客様都合による返品・キャンセルは原則承っておりません。",ST01 STORY BOOSTER 01 > R以下,https://www.kamehouse-db.com/product/3352,https://www.kamehouse-db.com/product/3352?utm_source=mercari&utm_medium=cpc&utm_campaign=infeed_test,https://www.kamehouse-db.com/data/kamehouse/product/product_143610982.jpg,80,あり
3350,魔人ブウ：純粋（ST01 ST01-038 SR）,"【魔人ブウ：純粋／ST01-038／SR】ドラゴンボールスーパーカードゲーム フュージョンワールド ST01「STORY BOOSTER 01」収録のシングルカードです。 ■状態：A（当店基準／状態表記について → https://www.kamehouse-db.com/page/2 ） ■真贋：正規品のみを取り扱っています。 ■発送：ご入金確認後、当日～翌営業日に発送。1,000円以上のご購入で全国送料無料。 ■返品：お客様都合による返品・キャンセルは原則承っておりません。",ST01 STORY BOOSTER 01 > SR,https://www.kamehouse-db.com/product/3350,https://www.kamehouse-db.com/product/3350?utm_source=mercari&utm_medium=cpc&utm_campaign=infeed_test,https://www.kamehouse-db.com/data/kamehouse/product/product_143610967.jpg,80,あり
3349,魔人ブウ：純粋（ST01 ST01-038 SR★）,"【魔人ブウ：純粋／ST01-038／SR★】ドラゴンボールスーパーカードゲーム フュージョンワールド ST01「STORY BOOSTER 01」収録のシングルカードです。 ■状態：A（当店基準／状態表記について → https://www.kamehouse-db.com/page/2 ） ■真贋：正規品のみを取り扱っています。 ■発送：ご入金確認後、当日～翌営業日に発送。1,000円以上のご購入で全国送料無料。 ■返品：お客様都合による返品・キャンセルは原則承っておりません。",ST01 STORY BOOSTER 01 > パラレル,https://www.kamehouse-db.com/product/3349,https://www.kamehouse-db.com/product/3349?utm_source=mercari&utm_medium=cpc&utm_campaign=infeed_test,https://www.kamehouse-db.com/data/kamehouse/product/product_143610957.jpg,1110,あり
3348,魔人ブウ：純粋（ST01 ST01-039 C）,"【魔人ブウ：純粋／ST01-039／C】ドラゴンボールスーパーカードゲーム フュージョンワールド ST01「STORY BOOSTER 01」収録のシングルカードです。 ■状態：A（当店基準／状態表記について → https://www.kamehouse-db.com/page/2 ） ■真贋：正規品のみを取り扱っています。 ■発送：ご入金確認後、当日～翌営業日に発送。1,000円以上のご購入で全国送料無料。 ■返品：お客様都合による返品・キャンセルは原則承っておりません。",ST01 STORY BOOSTER 01 > R以下,https://www.kamehouse-db.com/product/3348,https://www.kamehouse-db.com/product/3348?utm_source=mercari&utm_medium=cpc&utm_campaign=infeed_test,https://www.kamehouse-db.com/data/kamehouse/product/product_143610921.jpg,50,あり
3346,魔人ブウ：純粋悪（ST01 ST01-040 C）,"【魔人ブウ：純粋悪／ST01-040／C】ドラゴンボールスーパーカードゲーム フュージョンワールド ST01「STORY BOOSTER 01」収録のシングルカードです。 ■状態：A（当店基準／状態表記について → https://www.kamehouse-db.com/page/2 ） ■真贋：正規品のみを取り扱っています。 ■発送：ご入金確認後、当日～翌営業日に発送。1,000円以上のご購入で全国送料無料。 ■返品：お客様都合による返品・キャンセルは原則承っておりません。",ST01 STORY BOOSTER 01 > R以下,https://www.kamehouse-db.com/product/3346,https://www.kamehouse-db.com/product/3346?utm_source=mercari&utm_medium=cpc&utm_campaign=infeed_test,https://www.kamehouse-db.com/data/kamehouse/product/product_143610902.jpg,50,あり
3344,魔人ブウ：純粋悪（ST01 ST01-041 C）,"【魔人ブウ：純粋悪／ST01-041／C】ドラゴンボールスーパーカードゲーム フュージョンワールド ST01「STORY BOOSTER 01」収録のシングルカードです。 ■状態：A（当店基準／状態表記について → https://www.kamehouse-db.com/page/2 ） ■真贋：正規品のみを取り扱っています。 ■発送：ご入金確認後、当日～翌営業日に発送。1,000円以上のご購入で全国送料無料。 ■返品：お客様都合による返品・キャンセルは原則承っておりません。",ST01 STORY BOOSTER 01 > R以下,https://www.kamehouse-db.com/product/3344,https://www.kamehouse-db.com/product/3344?utm_source=mercari&utm_medium=cpc&utm_campaign=infeed_test,https://www.kamehouse-db.com/data/kamehouse/product/product_143610888.jpg,50,あり
3343,魔人ブウ：純粋悪（ホロ）（ST01 ST01-041 C）,"【魔人ブウ：純粋悪（ホロ）／ST01-041／C】ドラゴンボールスーパーカードゲーム フュージョンワールド ST01「STORY BOOSTER 01」収録のシングルカードです。 ■状態：A（当店基準／状態表記について → https://www.kamehouse-db.com/page/2 ） ■真贋：正規品のみを取り扱っています。 ■発送：ご入金確認後、当日～翌営業日に発送。1,000円以上のご購入で全国送料無料。 ■返品：お客様都合による返品・キャンセルは原則承っておりません。",ST01 STORY BOOSTER 01 > R以下,https://www.kamehouse-db.com/product/3343,https://www.kamehouse-db.com/product/3343?utm_source=mercari&utm_medium=cpc&utm_campaign=infeed_test,https://www.kamehouse-db.com/data/kamehouse/product/product_143610882.jpg,180,あり
3342,魔の迷宮（ST01 ST01-042 C）,"【魔の迷宮／ST01-042／C】ドラゴンボールスーパーカードゲーム フュージョンワールド ST01「STORY BOOSTER 01」収録のシングルカードです。 ■状態：A（当店基準／状態表記について → https://www.kamehouse-db.com/page/2 ） ■真贋：正規品のみを取り扱っています。 ■発送：ご入金確認後、当日～翌営業日に発送。1,000円以上のご購入で全国送料無料。 ■返品：お客様都合による返品・キャンセルは原則承っておりません。",ST01 STORY BOOSTER 01 > R以下,https://www.kamehouse-db.com/product/3342,https://www.kamehouse-db.com/product/3342?utm_source=mercari&utm_medium=cpc&utm_campaign=infeed_test,https://www.kamehouse-db.com/data/kamehouse/product/product_143610877.jpg,50,あり
3340,理性なき破壊衝動（ST01 ST01-043 C）,"【理性なき破壊衝動／ST01-043／C】ドラゴンボールスーパーカードゲーム フュージョンワールド ST01「STORY BOOSTER 01」収録のシングルカードです。 ■状態：A（当店基準／状態表記について → https://www.kamehouse-db.com/page/2 ） ■真贋：正規品のみを取り扱っています。 ■発送：ご入金確認後、当日～翌営業日に発送。1,000円以上のご購入で全国送料無料。 ■返品：お客様都合による返品・キャンセルは原則承っておりません。",ST01 STORY BOOSTER 01 > R以下,https://www.kamehouse-db.com/product/3340,https://www.kamehouse-db.com/product/3340?utm_source=mercari&utm_medium=cpc&utm_campaign=infeed_test,https://www.kamehouse-db.com/data/kamehouse/product/product_143610867.jpg,50,あり
3339,理性なき破壊衝動（ホロ）（ST01 ST01-043 C）,"【理性なき破壊衝動（ホロ）／ST01-043／C】ドラゴンボールスーパーカードゲーム フュージョンワールド ST01「STORY BOOSTER 01」収録のシングルカードです。 ■状態：A（当店基準／状態表記について → https://www.kamehouse-db.com/page/2 ） ■真贋：正規品のみを取り扱っています。 ■発送：ご入金確認後、当日～翌営業日に発送。1,000円以上のご購入で全国送料無料。 ■返品：お客様都合による返品・キャンセルは原則承っておりません。",ST01 STORY BOOSTER 01 > R以下,https://www.kamehouse-db.com/product/3339,https://www.kamehouse-db.com/product/3339?utm_source=mercari&utm_medium=cpc&utm_campaign=infeed_test,https://www.kamehouse-db.com/data/kamehouse/product/product_143610857.jpg,180,あり
3338,孫悟空（ST01 ST01-044 SR）,"【孫悟空／ST01-044／SR】ドラゴンボールスーパーカードゲーム フュージョンワールド ST01「STORY BOOSTER 01」収録のシングルカードです。 ■状態：A（当店基準／状態表記について → https://www.kamehouse-db.com/page/2 ） ■真贋：正規品のみを取り扱っています。 ■発送：ご入金確認後、当日～翌営業日に発送。1,000円以上のご購入で全国送料無料。 ■返品：お客様都合による返品・キャンセルは原則承っておりません。",ST01 STORY BOOSTER 01 > SR,https://www.kamehouse-db.com/product/3338,https://www.kamehouse-db.com/product/3338?utm_source=mercari&utm_medium=cpc&utm_campaign=infeed_test,https://www.kamehouse-db.com/data/kamehouse/product/product_143610847.jpg,180,あり
3336,孫悟飯：青年期（ST01 ST01-045 C）,"【孫悟飯：青年期／ST01-045／C】ドラゴンボールスーパーカードゲーム フュージョンワールド ST01「STORY BOOSTER 01」収録のシングルカードです。 ■状態：A（当店基準／状態表記について → https://www.kamehouse-db.com/page/2 ） ■真贋：正規品のみを取り扱っています。 ■発送：ご入金確認後、当日～翌営業日に発送。1,000円以上のご購入で全国送料無料。 ■返品：お客様都合による返品・キャンセルは原則承っておりません。",ST01 STORY BOOSTER 01 > R以下,https://www.kamehouse-db.com/product/3336,https://www.kamehouse-db.com/product/3336?utm_source=mercari&utm_medium=cpc&utm_campaign=infeed_test,https://www.kamehouse-db.com/data/kamehouse/product/product_143610829.jpg,50,あり
3335,孫悟飯：青年期（ホロ）（ST01 ST01-045 C）,"【孫悟飯：青年期（ホロ）／ST01-045／C】ドラゴンボールスーパーカードゲーム フュージョンワールド ST01「STORY BOOSTER 01」収録のシングルカードです。 ■状態：A（当店基準／状態表記について → https://www.kamehouse-db.com/page/2 ） ■真贋：正規品のみを取り扱っています。 ■発送：ご入金確認後、当日～翌営業日に発送。1,000円以上のご購入で全国送料無料。 ■返品：お客様都合による返品・キャンセルは原則承っておりません。",ST01 STORY BOOSTER 01 > R以下,https://www.kamehouse-db.com/product/3335,https://www.kamehouse-db.com/product/3335?utm_source=mercari&utm_medium=cpc&utm_campaign=infeed_test,https://www.kamehouse-db.com/data/kamehouse/product/product_143610817.jpg,180,あり
3334,孫悟飯：青年期（ST01 ST01-046 R）,"【孫悟飯：青年期／ST01-046／R】ドラゴンボールスーパーカードゲーム フュージョンワールド ST01「STORY BOOSTER 01」収録のシングルカードです。 ■状態：A（当店基準／状態表記について → https://www.kamehouse-db.com/page/2 ） ■真贋：正規品のみを取り扱っています。 ■発送：ご入金確認後、当日～翌営業日に発送。1,000円以上のご購入で全国送料無料。 ■返品：お客様都合による返品・キャンセルは原則承っておりません。",ST01 STORY BOOSTER 01 > R以下,https://www.kamehouse-db.com/product/3334,https://www.kamehouse-db.com/product/3334?utm_source=mercari&utm_medium=cpc&utm_campaign=infeed_test,https://www.kamehouse-db.com/data/kamehouse/product/product_143610807.jpg,120,あり
3332,パラガス（ST01 ST01-047 C）,"【パラガス／ST01-047／C】ドラゴンボールスーパーカードゲーム フュージョンワールド ST01「STORY BOOSTER 01」収録のシングルカードです。 ■状態：A（当店基準／状態表記について → https://www.kamehouse-db.com/page/2 ） ■真贋：正規品のみを取り扱っています。 ■発送：ご入金確認後、当日～翌営業日に発送。1,000円以上のご購入で全国送料無料。 ■返品：お客様都合による返品・キャンセルは原則承っておりません。",ST01 STORY BOOSTER 01 > R以下,https://www.kamehouse-db.com/product/3332,https://www.kamehouse-db.com/product/3332?utm_source=mercari&utm_medium=cpc&utm_campaign=infeed_test,https://www.kamehouse-db.com/data/kamehouse/product/product_143610792.jpg,80,あり
3330,ブロリー（ST01 ST01-048 C）,"【ブロリー／ST01-048／C】ドラゴンボールスーパーカードゲーム フュージョンワールド ST01「STORY BOOSTER 01」収録のシングルカードです。 ■状態：A（当店基準／状態表記について → https://www.kamehouse-db.com/page/2 ） ■真贋：正規品のみを取り扱っています。 ■発送：ご入金確認後、当日～翌営業日に発送。1,000円以上のご購入で全国送料無料。 ■返品：お客様都合による返品・キャンセルは原則承っておりません。",ST01 STORY BOOSTER 01 > R以下,https://www.kamehouse-db.com/product/3330,https://www.kamehouse-db.com/product/3330?utm_source=mercari&utm_medium=cpc&utm_campaign=infeed_test,https://www.kamehouse-db.com/data/kamehouse/product/product_143610772.jpg,80,あり
3328,ブロリー（ST01 ST01-049 R）,"【ブロリー／ST01-049／R】ドラゴンボールスーパーカードゲーム フュージョンワールド ST01「STORY BOOSTER 01」収録のシングルカードです。 ■状態：A（当店基準／状態表記について → https://www.kamehouse-db.com/page/2 ） ■真贋：正規品のみを取り扱っています。 ■発送：ご入金確認後、当日～翌営業日に発送。1,000円以上のご購入で全国送料無料。 ■返品：お客様都合による返品・キャンセルは原則承っておりません。",ST01 STORY BOOSTER 01 > R以下,https://www.kamehouse-db.com/product/3328,https://www.kamehouse-db.com/product/3328?utm_source=mercari&utm_medium=cpc&utm_campaign=infeed_test,https://www.kamehouse-db.com/data/kamehouse/product/product_143610752.jpg,120,あり
3327,ブロリー（ST01 ST01-049 R★）,"【ブロリー／ST01-049／R★】ドラゴンボールスーパーカードゲーム フュージョンワールド ST01「STORY BOOSTER 01」収録のシングルカードです。 ■状態：A（当店基準／状態表記について → https://www.kamehouse-db.com/page/2 ） ■真贋：正規品のみを取り扱っています。 ■発送：ご入金確認後、当日～翌営業日に発送。1,000円以上のご購入で全国送料無料。 ■返品：お客様都合による返品・キャンセルは原則承っておりません。",ST01 STORY BOOSTER 01 > パラレル,https://www.kamehouse-db.com/product/3327,https://www.kamehouse-db.com/product/3327?utm_source=mercari&utm_medium=cpc&utm_campaign=infeed_test,https://www.kamehouse-db.com/data/kamehouse/product/product_143610742.jpg,1040,あり
3325,ブロリー（ST01 ST01-050 SR★）,"【ブロリー／ST01-050／SR★】ドラゴンボールスーパーカードゲーム フュージョンワールド ST01「STORY BOOSTER 01」収録のシングルカードです。 ■状態：A（当店基準／状態表記について → https://www.kamehouse-db.com/page/2 ） ■真贋：正規品のみを取り扱っています。 ■発送：ご入金確認後、当日～翌営業日に発送。1,000円以上のご購入で全国送料無料。 ■返品：お客様都合による返品・キャンセルは原則承っておりません。",ST01 STORY BOOSTER 01 > パラレル,https://www.kamehouse-db.com/product/3325,https://www.kamehouse-db.com/product/3325?utm_source=mercari&utm_medium=cpc&utm_campaign=infeed_test,https://www.kamehouse-db.com/data/kamehouse/product/product_143610724.jpg,2770,あり
3323,ブロリー（ST01 ST01-051 R★）,"【ブロリー／ST01-051／R★】ドラゴンボールスーパーカードゲーム フュージョンワールド ST01「STORY BOOSTER 01」収録のシングルカードです。 ■状態：A（当店基準／状態表記について → https://www.kamehouse-db.com/page/2 ） ■真贋：正規品のみを取り扱っています。 ■発送：ご入金確認後、当日～翌営業日に発送。1,000円以上のご購入で全国送料無料。 ■返品：お客様都合による返品・キャンセルは原則承っておりません。",ST01 STORY BOOSTER 01 > パラレル,https://www.kamehouse-db.com/product/3323,https://www.kamehouse-db.com/product/3323?utm_source=mercari&utm_medium=cpc&utm_campaign=infeed_test,https://www.kamehouse-db.com/data/kamehouse/product/product_143610707.jpg,1040,あり
3322,ベジータ（ST01 ST01-052 C）,"【ベジータ／ST01-052／C】ドラゴンボールスーパーカードゲーム フュージョンワールド ST01「STORY BOOSTER 01」収録のシングルカードです。 ■状態：A（当店基準／状態表記について → https://www.kamehouse-db.com/page/2 ） ■真贋：正規品のみを取り扱っています。 ■発送：ご入金確認後、当日～翌営業日に発送。1,000円以上のご購入で全国送料無料。 ■返品：お客様都合による返品・キャンセルは原則承っておりません。",ST01 STORY BOOSTER 01 > R以下,https://www.kamehouse-db.com/product/3322,https://www.kamehouse-db.com/product/3322?utm_source=mercari&utm_medium=cpc&utm_campaign=infeed_test,https://www.kamehouse-db.com/data/kamehouse/product/product_143610698.jpg,180,あり
3320,ベジータ（ST01 ST01-053 L）,"【ベジータ／ST01-053／L】ドラゴンボールスーパーカードゲーム フュージョンワールド ST01「STORY BOOSTER 01」収録のシングルカードです。 ■状態：A（当店基準／状態表記について → https://www.kamehouse-db.com/page/2 ） ■真贋：正規品のみを取り扱っています。 ■発送：ご入金確認後、当日～翌営業日に発送。1,000円以上のご購入で全国送料無料。 ■返品：お客様都合による返品・キャンセルは原則承っておりません。",ST01 STORY BOOSTER 01 > R以下,https://www.kamehouse-db.com/product/3320,https://www.kamehouse-db.com/product/3320?utm_source=mercari&utm_medium=cpc&utm_campaign=infeed_test,https://www.kamehouse-db.com/data/kamehouse/product/product_143610682.jpg,80,あり
3318,孫悟天（ST01 ST01-054 C）,"【孫悟天／ST01-054／C】ドラゴンボールスーパーカードゲーム フュージョンワールド ST01「STORY BOOSTER 01」収録のシングルカードです。 ■状態：A（当店基準／状態表記について → https://www.kamehouse-db.com/page/2 ） ■真贋：正規品のみを取り扱っています。 ■発送：ご入金確認後、当日～翌営業日に発送。1,000円以上のご購入で全国送料無料。 ■返品：お客様都合による返品・キャンセルは原則承っておりません。",ST01 STORY BOOSTER 01 > R以下,https://www.kamehouse-db.com/product/3318,https://www.kamehouse-db.com/product/3318?utm_source=mercari&utm_medium=cpc&utm_campaign=infeed_test,https://www.kamehouse-db.com/data/kamehouse/product/product_143610662.jpg,50,あり
3316,ダーブラ（ST01 ST01-055 R）,"【ダーブラ／ST01-055／R】ドラゴンボールスーパーカードゲーム フュージョンワールド ST01「STORY BOOSTER 01」収録のシングルカードです。 ■状態：A（当店基準／状態表記について → https://www.kamehouse-db.com/page/2 ） ■真贋：正規品のみを取り扱っています。 ■発送：ご入金確認後、当日～翌営業日に発送。1,000円以上のご購入で全国送料無料。 ■返品：お客様都合による返品・キャンセルは原則承っておりません。",ST01 STORY BOOSTER 01 > R以下,https://www.kamehouse-db.com/product/3316,https://www.kamehouse-db.com/product/3316?utm_source=mercari&utm_medium=cpc&utm_campaign=infeed_test,https://www.kamehouse-db.com/data/kamehouse/product/product_143610647.jpg,120,あり
3314,トランクス：幼年期（ST01 ST01-056 C）,"【トランクス：幼年期／ST01-056／C】ドラゴンボールスーパーカードゲーム フュージョンワールド ST01「STORY BOOSTER 01」収録のシングルカードです。 ■状態：A（当店基準／状態表記について → https://www.kamehouse-db.com/page/2 ） ■真贋：正規品のみを取り扱っています。 ■発送：ご入金確認後、当日～翌営業日に発送。1,000円以上のご購入で全国送料無料。 ■返品：お客様都合による返品・キャンセルは原則承っておりません。",ST01 STORY BOOSTER 01 > R以下,https://www.kamehouse-db.com/product/3314,https://www.kamehouse-db.com/product/3314?utm_source=mercari&utm_medium=cpc&utm_campaign=infeed_test,https://www.kamehouse-db.com/data/kamehouse/product/product_143610637.jpg,120,あり
3310,トランクス：幼年期/孫悟天（ST01 ST01-058 SR）,"【トランクス：幼年期/孫悟天／ST01-058／SR】ドラゴンボールスーパーカードゲーム フュージョンワールド ST01「STORY BOOSTER 01」収録のシングルカードです。 ■状態：A（当店基準／状態表記について → https://www.kamehouse-db.com/page/2 ） ■真贋：正規品のみを取り扱っています。 ■発送：ご入金確認後、当日～翌営業日に発送。1,000円以上のご購入で全国送料無料。 ■返品：お客様都合による返品・キャンセルは原則承っておりません。",ST01 STORY BOOSTER 01 > SR,https://www.kamehouse-db.com/product/3310,https://www.kamehouse-db.com/product/3310?utm_source=mercari&utm_medium=cpc&utm_campaign=infeed_test,https://www.kamehouse-db.com/data/kamehouse/product/product_143610602.jpg,210,あり
3309,トランクス：幼年期/孫悟天（ST01 ST01-058 SR★）,"【トランクス：幼年期/孫悟天／ST01-058／SR★】ドラゴンボールスーパーカードゲーム フュージョンワールド ST01「STORY BOOSTER 01」収録のシングルカードです。 ■状態：A（当店基準／状態表記について → https://www.kamehouse-db.com/page/2 ） ■真贋：正規品のみを取り扱っています。 ■発送：ご入金確認後、当日～翌営業日に発送。1,000円以上のご購入で全国送料無料。 ■返品：お客様都合による返品・キャンセルは原則承っておりません。",ST01 STORY BOOSTER 01 > パラレル,https://www.kamehouse-db.com/product/3309,https://www.kamehouse-db.com/product/3309?utm_source=mercari&utm_medium=cpc&utm_campaign=infeed_test,https://www.kamehouse-db.com/data/kamehouse/product/product_143610591.jpg,2240,あり
3308,バビディ（ST01 ST01-059 C）,"【バビディ／ST01-059／C】ドラゴンボールスーパーカードゲーム フュージョンワールド ST01「STORY BOOSTER 01」収録のシングルカードです。 ■状態：A（当店基準／状態表記について → https://www.kamehouse-db.com/page/2 ） ■真贋：正規品のみを取り扱っています。 ■発送：ご入金確認後、当日～翌営業日に発送。1,000円以上のご購入で全国送料無料。 ■返品：お客様都合による返品・キャンセルは原則承っておりません。",ST01 STORY BOOSTER 01 > R以下,https://www.kamehouse-db.com/product/3308,https://www.kamehouse-db.com/product/3308?utm_source=mercari&utm_medium=cpc&utm_campaign=infeed_test,https://www.kamehouse-db.com/data/kamehouse/product/product_143610582.jpg,50,あり
3306,バビディ（ST01 ST01-060 C）,"【バビディ／ST01-060／C】ドラゴンボールスーパーカードゲーム フュージョンワールド ST01「STORY BOOSTER 01」収録のシングルカードです。 ■状態：A（当店基準／状態表記について → https://www.kamehouse-db.com/page/2 ） ■真贋：正規品のみを取り扱っています。 ■発送：ご入金確認後、当日～翌営業日に発送。1,000円以上のご購入で全国送料無料。 ■返品：お客様都合による返品・キャンセルは原則承っておりません。",ST01 STORY BOOSTER 01 > R以下,https://www.kamehouse-db.com/product/3306,https://www.kamehouse-db.com/product/3306?utm_source=mercari&utm_medium=cpc&utm_campaign=infeed_test,https://www.kamehouse-db.com/data/kamehouse/product/product_143610562.jpg,50,あり
3304,プイプイ（ST01 ST01-061 C）,"【プイプイ／ST01-061／C】ドラゴンボールスーパーカードゲーム フュージョンワールド ST01「STORY BOOSTER 01」収録のシングルカードです。 ■状態：A（当店基準／状態表記について → https://www.kamehouse-db.com/page/2 ） ■真贋：正規品のみを取り扱っています。 ■発送：ご入金確認後、当日～翌営業日に発送。1,000円以上のご購入で全国送料無料。 ■返品：お客様都合による返品・キャンセルは原則承っておりません。",ST01 STORY BOOSTER 01 > R以下,https://www.kamehouse-db.com/product/3304,https://www.kamehouse-db.com/product/3304?utm_source=mercari&utm_medium=cpc&utm_campaign=infeed_test,https://www.kamehouse-db.com/data/kamehouse/product/product_143610542.jpg,50,あり
3302,ブルマ（ST01 ST01-062 C）,"【ブルマ／ST01-062／C】ドラゴンボールスーパーカードゲーム フュージョンワールド ST01「STORY BOOSTER 01」収録のシングルカードです。 ■状態：A（当店基準／状態表記について → https://www.kamehouse-db.com/page/2 ） ■真贋：正規品のみを取り扱っています。 ■発送：ご入金確認後、当日～翌営業日に発送。1,000円以上のご購入で全国送料無料。 ■返品：お客様都合による返品・キャンセルは原則承っておりません。",ST01 STORY BOOSTER 01 > R以下,https://www.kamehouse-db.com/product/3302,https://www.kamehouse-db.com/product/3302?utm_source=mercari&utm_medium=cpc&utm_campaign=infeed_test,https://www.kamehouse-db.com/data/kamehouse/product/product_143610522.jpg,50,あり
3300,ベジータ（ST01 ST01-063 C）,"【ベジータ／ST01-063／C】ドラゴンボールスーパーカードゲーム フュージョンワールド ST01「STORY BOOSTER 01」収録のシングルカードです。 ■状態：A（当店基準／状態表記について → https://www.kamehouse-db.com/page/2 ） ■真贋：正規品のみを取り扱っています。 ■発送：ご入金確認後、当日～翌営業日に発送。1,000円以上のご購入で全国送料無料。 ■返品：お客様都合による返品・キャンセルは原則承っておりません。",ST01 STORY BOOSTER 01 > R以下,https://www.kamehouse-db.com/product/3300,https://www.kamehouse-db.com/product/3300?utm_source=mercari&utm_medium=cpc&utm_campaign=infeed_test,https://www.kamehouse-db.com/data/kamehouse/product/product_143610507.jpg,80,あり
3294,ベジータ（ST01 ST01-066 R）,"【ベジータ／ST01-066／R】ドラゴンボールスーパーカードゲーム フュージョンワールド ST01「STORY BOOSTER 01」収録のシングルカードです。 ■状態：A（当店基準／状態表記について → https://www.kamehouse-db.com/page/2 ） ■真贋：正規品のみを取り扱っています。 ■発送：ご入金確認後、当日～翌営業日に発送。1,000円以上のご購入で全国送料無料。 ■返品：お客様都合による返品・キャンセルは原則承っておりません。",ST01 STORY BOOSTER 01 > R以下,https://www.kamehouse-db.com/product/3294,https://www.kamehouse-db.com/product/3294?utm_source=mercari&utm_medium=cpc&utm_campaign=infeed_test,https://www.kamehouse-db.com/data/kamehouse/product/product_143610447.jpg,180,あり
3292,ヤコン（ST01 ST01-067 C）,"【ヤコン／ST01-067／C】ドラゴンボールスーパーカードゲーム フュージョンワールド ST01「STORY BOOSTER 01」収録のシングルカードです。 ■状態：A（当店基準／状態表記について → https://www.kamehouse-db.com/page/2 ） ■真贋：正規品のみを取り扱っています。 ■発送：ご入金確認後、当日～翌営業日に発送。1,000円以上のご購入で全国送料無料。 ■返品：お客様都合による返品・キャンセルは原則承っておりません。",ST01 STORY BOOSTER 01 > R以下,https://www.kamehouse-db.com/product/3292,https://www.kamehouse-db.com/product/3292?utm_source=mercari&utm_medium=cpc&utm_campaign=infeed_test,https://www.kamehouse-db.com/data/kamehouse/product/product_143610427.jpg,50,あり
3290,ベジータ（FP-087 PR）,バトルパック11収録,プロモーションカード > バトルパック,https://www.kamehouse-db.com/product/3290,https://www.kamehouse-db.com/product/3290?utm_source=mercari&utm_medium=cpc&utm_campaign=infeed_test,https://www.kamehouse-db.com/data/kamehouse/product/20260807_432dd8.png,460,あり
3289,破壊王子（ST01 ST01-068 SR）,"【破壊王子／ST01-068／SR】ドラゴンボールスーパーカードゲーム フュージョンワールド ST01「STORY BOOSTER 01」収録のシングルカードです。 ■状態：A（当店基準／状態表記について → https://www.kamehouse-db.com/page/2 ） ■真贋：正規品のみを取り扱っています。 ■発送：ご入金確認後、当日～翌営業日に発送。1,000円以上のご購入で全国送料無料。 ■返品：お客様都合による返品・キャンセルは原則承っておりません。",ST01 STORY BOOSTER 01 > SR,https://www.kamehouse-db.com/product/3289,https://www.kamehouse-db.com/product/3289?utm_source=mercari&utm_medium=cpc&utm_campaign=infeed_test,https://www.kamehouse-db.com/data/kamehouse/product/product_143610407.jpg,360,あり
3287,見つけられた邪心（ST01 ST01-069 C）,"【見つけられた邪心／ST01-069／C】ドラゴンボールスーパーカードゲーム フュージョンワールド ST01「STORY BOOSTER 01」収録のシングルカードです。 ■状態：A（当店基準／状態表記について → https://www.kamehouse-db.com/page/2 ） ■真贋：正規品のみを取り扱っています。 ■発送：ご入金確認後、当日～翌営業日に発送。1,000円以上のご購入で全国送料無料。 ■返品：お客様都合による返品・キャンセルは原則承っておりません。",ST01 STORY BOOSTER 01 > R以下,https://www.kamehouse-db.com/product/3287,https://www.kamehouse-db.com/product/3287?utm_source=mercari&utm_medium=cpc&utm_campaign=infeed_test,https://www.kamehouse-db.com/data/kamehouse/product/product_143610392.jpg,50,あり
3282,ベジータ（ST01 ST01-071 SCR）,"【ベジータ／ST01-071／SCR】ドラゴンボールスーパーカードゲーム フュージョンワールド ST01「STORY BOOSTER 01」収録のシングルカードです。 ■状態：A（当店基準／状態表記について → https://www.kamehouse-db.com/page/2 ） ■真贋：正規品のみを取り扱っています。 ■発送：ご入金確認後、当日～翌営業日に発送。1,000円以上のご購入で全国送料無料。 ■返品：お客様都合による返品・キャンセルは原則承っておりません。",ST01 STORY BOOSTER 01 > SCR,https://www.kamehouse-db.com/product/3282,https://www.kamehouse-db.com/product/3282?utm_source=mercari&utm_medium=cpc&utm_campaign=infeed_test,https://www.kamehouse-db.com/data/kamehouse/product/product_143610336.jpg,1330,あり
3259,Dr.ゲロの研究所（FB01-102 R）,FB01 覚醒の鼓動 収録,FB01 覚醒の鼓動 > R以下,https://www.kamehouse-db.com/product/3259,https://www.kamehouse-db.com/product/3259?utm_source=mercari&utm_medium=cpc&utm_campaign=infeed_test,https://www.kamehouse-db.com/data/kamehouse/product/product_47614612.jpg,80,あり
3245,チルド（FB01-121 R）,FB01 覚醒の鼓動 収録,FB01 覚醒の鼓動 > R以下,https://www.kamehouse-db.com/product/3245,https://www.kamehouse-db.com/product/3245?utm_source=mercari&utm_medium=cpc&utm_campaign=infeed_test,https://www.kamehouse-db.com/data/kamehouse/product/product_47614520.jpg,80,あり
3240,グルド（FB01-114 R）,FB01 覚醒の鼓動 収録,FB01 覚醒の鼓動 > R以下,https://www.kamehouse-db.com/product/3240,https://www.kamehouse-db.com/product/3240?utm_source=mercari&utm_medium=cpc&utm_campaign=infeed_test,https://www.kamehouse-db.com/data/kamehouse/product/product_47614548.jpg,80,あり
3230,ギニュー特戦隊の絆（FB01-133 R）,FB01 覚醒の鼓動 収録,FB01 覚醒の鼓動 > R以下,https://www.kamehouse-db.com/product/3230,https://www.kamehouse-db.com/product/3230?utm_source=mercari&utm_medium=cpc&utm_campaign=infeed_test,https://www.kamehouse-db.com/data/kamehouse/product/product_47614468.jpg,80,あり
3215,エナジーマーカー（孫悟空）（E-143 ★）,エナジーマーカーパック10,エナジーマーカー > エナジーマーカーパック10,https://www.kamehouse-db.com/product/3215,https://www.kamehouse-db.com/product/3215?utm_source=mercari&utm_medium=cpc&utm_campaign=infeed_test,https://www.kamehouse-db.com/data/kamehouse/product/20260715_336e9c.jpeg,10500,あり
3212,悪鬼を討つ戦士（FB09-096 SR★）,【プロモーションカード】 アルティメットバトル,プロモーションカード > アルティメットバトル,https://www.kamehouse-db.com/product/3212,https://www.kamehouse-db.com/product/3212?utm_source=mercari&utm_medium=cpc&utm_campaign=infeed_test,https://www.kamehouse-db.com/data/kamehouse/product/20260715_19bf5b.jpg,3090,あり
3211,孫悟空（FS11 FS11-01 L）,スタートデッキEX:FS11 進化の境地,スタートデッキEX > FS11 進化の境地,https://www.kamehouse-db.com/product/3211,https://www.kamehouse-db.com/product/3211?utm_source=mercari&utm_medium=cpc&utm_campaign=infeed_test,https://www.kamehouse-db.com/data/kamehouse/product/20260714_51b896.jpeg,910,あり
3210,孫悟空:GT(FB03-111/SR☆)A-,FB03収録,FB03 怒りの咆哮 > パラレル,https://www.kamehouse-db.com/product/3210,https://www.kamehouse-db.com/product/3210?utm_source=mercari&utm_medium=cpc&utm_campaign=infeed_test,https://www.kamehouse-db.com/data/kamehouse/product/20260710_35a9be.png,500,あり
3209,バーダック(FP-021/PR☆),【プロモーションカード】 チャンピオンシップ2024-2025 wave2 エリア予選 参加記念品,プロモーションカード > 大会配布プロモ,https://www.kamehouse-db.com/product/3209,https://www.kamehouse-db.com/product/3209?utm_source=mercari&utm_medium=cpc&utm_campaign=infeed_test,https://www.kamehouse-db.com/data/kamehouse/product/20241212_1b188f.JPG,2160,あり
3202,《PSA10》孫悟空(FB05-053/R☆),Vジャンプスペシャル 1st COMPLETE CARD COLLECTION 収録,鑑定品(PSA等),https://www.kamehouse-db.com/product/3202,https://www.kamehouse-db.com/product/3202?utm_source=mercari&utm_medium=cpc&utm_campaign=infeed_test,https://www.kamehouse-db.com/data/kamehouse/product/20260630_226750.jpg,44100,あり
3195,【A-】バーダック(FP-021/PR☆),【プロモーションカード】 チャンピオンシップ2024-2025 wave2 エリア予選 参加記念品,SALE,https://www.kamehouse-db.com/product/3195,https://www.kamehouse-db.com/product/3195?utm_source=mercari&utm_medium=cpc&utm_campaign=infeed_test,https://www.kamehouse-db.com/data/kamehouse/product/20241212_1b188f.JPG,1440,あり
3190,ウイス：BR（FB09 FB09-003 C）,FB09 VUAL EVOLUTION,FB09 DUAL EVOLUTION > R以下,https://www.kamehouse-db.com/product/3190,https://www.kamehouse-db.com/product/3190?utm_source=mercari&utm_medium=cpc&utm_campaign=infeed_test,https://www.kamehouse-db.com/data/kamehouse/product/product_75149229.jpg,50,あり
3189,グロリオ：DA（FB09 FB09-004 UC）,FB09 VUAL EVOLUTION,FB09 DUAL EVOLUTION > R以下,https://www.kamehouse-db.com/product/3189,https://www.kamehouse-db.com/product/3189?utm_source=mercari&utm_medium=cpc&utm_campaign=infeed_test,https://www.kamehouse-db.com/data/kamehouse/product/product_75149222.jpg,50,あり
3187,孫悟空：BR（FB09 FB09-008 C）,FB09 VUAL EVOLUTION,FB09 DUAL EVOLUTION > R以下,https://www.kamehouse-db.com/product/3187,https://www.kamehouse-db.com/product/3187?utm_source=mercari&utm_medium=cpc&utm_campaign=infeed_test,https://www.kamehouse-db.com/data/kamehouse/product/product_75149178.jpg,80,あり
3186,ブルマ：BR（FB09 FB09-014 C）,FB09 DUAL EVOLUTION,FB09 DUAL EVOLUTION > R以下,https://www.kamehouse-db.com/product/3186,https://www.kamehouse-db.com/product/3186?utm_source=mercari&utm_medium=cpc&utm_campaign=infeed_test,https://www.kamehouse-db.com/data/kamehouse/product/product_75149126.jpg,50,あり
3185,ブロリー：BR（FB09 FB09-015 UC）,FB09 VUAL EVOLUTION,FB09 DUAL EVOLUTION > R以下,https://www.kamehouse-db.com/product/3185,https://www.kamehouse-db.com/product/3185?utm_source=mercari&utm_medium=cpc&utm_campaign=infeed_test,https://www.kamehouse-db.com/data/kamehouse/product/product_75149121.jpg,50,あり
3184,ベクウ：BR（FB09 FB09-016 C）,FB09 VUAL EVOLUTION,FB09 DUAL EVOLUTION > R以下,https://www.kamehouse-db.com/product/3184,https://www.kamehouse-db.com/product/3184?utm_source=mercari&utm_medium=cpc&utm_campaign=infeed_test,https://www.kamehouse-db.com/data/kamehouse/product/product_75149115.jpg,80,あり
3183,ベクウ：BR（FB09 FB09-017 C）,FB09 VUAL EVOLUTION,FB09 DUAL EVOLUTION > R以下,https://www.kamehouse-db.com/product/3183,https://www.kamehouse-db.com/product/3183?utm_source=mercari&utm_medium=cpc&utm_campaign=infeed_test,https://www.kamehouse-db.com/data/kamehouse/product/product_75149110.jpg,50,あり
3182,ベジータ：BR（FB09 FB09-018 C）,FB09 VUAL EVOLUTION,FB09 DUAL EVOLUTION > R以下,https://www.kamehouse-db.com/product/3182,https://www.kamehouse-db.com/product/3182?utm_source=mercari&utm_medium=cpc&utm_campaign=infeed_test,https://www.kamehouse-db.com/data/kamehouse/product/product_75148987.jpg,50,あり
3181,ベジータ：BR（FB09 FB09-019 UC）,FB09 VUAL EVOLUTION,FB09 DUAL EVOLUTION > R以下,https://www.kamehouse-db.com/product/3181,https://www.kamehouse-db.com/product/3181?utm_source=mercari&utm_medium=cpc&utm_campaign=infeed_test,https://www.kamehouse-db.com/data/kamehouse/product/product_75148980.jpg,50,あり
3180,ベジータ：DA（FB09 FB09-021 R）,FB09 VUAL EVOLUTION,FB09 DUAL EVOLUTION > R以下,https://www.kamehouse-db.com/product/3180,https://www.kamehouse-db.com/product/3180?utm_source=mercari&utm_medium=cpc&utm_campaign=infeed_test,https://www.kamehouse-db.com/data/kamehouse/product/product_75148968.jpg,50,あり
3179,レモ：BR（FB09 FB09-022 C）,FB09 VUAL EVOLUTION,FB09 DUAL EVOLUTION > R以下,https://www.kamehouse-db.com/product/3179,https://www.kamehouse-db.com/product/3179?utm_source=mercari&utm_medium=cpc&utm_campaign=infeed_test,https://www.kamehouse-db.com/data/kamehouse/product/product_75148962.jpg,50,あり
3178,光の奔流（FB09 FB09-023 UC）,FB09 VUAL EVOLUTION,FB09 DUAL EVOLUTION > R以下,https://www.kamehouse-db.com/product/3178,https://www.kamehouse-db.com/product/3178?utm_source=mercari&utm_medium=cpc&utm_campaign=infeed_test,https://www.kamehouse-db.com/data/kamehouse/product/product_75148956.jpg,50,あり
3177,フュージョンの会得（FB09 FB09-024 C）,FB09 VUAL EVOLUTION,FB09 DUAL EVOLUTION > R以下,https://www.kamehouse-db.com/product/3177,https://www.kamehouse-db.com/product/3177?utm_source=mercari&utm_medium=cpc&utm_campaign=infeed_test,https://www.kamehouse-db.com/data/kamehouse/product/product_75148950.jpg,50,あり
3176,孫悟空（FB09 FB09-025 L）,FB09 VUAL EVOLUTION,FB09 DUAL EVOLUTION > R以下,https://www.kamehouse-db.com/product/3176,https://www.kamehouse-db.com/product/3176?utm_source=mercari&utm_medium=cpc&utm_campaign=infeed_test,https://www.kamehouse-db.com/data/kamehouse/product/product_75148944.jpg,50,あり
3175,カリフラ（FB09 FB09-026 UC）,FB09 VUAL EVOLUTION,FB09 DUAL EVOLUTION > R以下,https://www.kamehouse-db.com/product/3175,https://www.kamehouse-db.com/product/3175?utm_source=mercari&utm_medium=cpc&utm_campaign=infeed_test,https://www.kamehouse-db.com/data/kamehouse/product/product_75148927.jpg,50,あり
3174,ケフラ（FB09 FB09-027 UC）,FB09 VUAL EVOLUTION,FB09 DUAL EVOLUTION > R以下,https://www.kamehouse-db.com/product/3174,https://www.kamehouse-db.com/product/3174?utm_source=mercari&utm_medium=cpc&utm_campaign=infeed_test,https://www.kamehouse-db.com/data/kamehouse/product/product_75148921.jpg,50,あり
3173,人造人間17号（FB09 FB09-028 C）,FB09 VUAL EVOLUTION,FB09 DUAL EVOLUTION > R以下,https://www.kamehouse-db.com/product/3173,https://www.kamehouse-db.com/product/3173?utm_source=mercari&utm_medium=cpc&utm_campaign=infeed_test,https://www.kamehouse-db.com/data/kamehouse/product/product_75148915.jpg,50,あり
3172,人造人間17号（FB09 FB09-029 UC）,FB09 VUAL EVOLUTION,FB09 DUAL EVOLUTION > R以下,https://www.kamehouse-db.com/product/3172,https://www.kamehouse-db.com/product/3172?utm_source=mercari&utm_medium=cpc&utm_campaign=infeed_test,https://www.kamehouse-db.com/data/kamehouse/product/product_75148909.jpg,120,あり
3171,全王（FB09 FB09-030 R）,FB09 VUAL EVOLUTION,FB09 DUAL EVOLUTION > R以下,https://www.kamehouse-db.com/product/3171,https://www.kamehouse-db.com/product/3171?utm_source=mercari&utm_medium=cpc&utm_campaign=infeed_test,https://www.kamehouse-db.com/data/kamehouse/product/product_75148898.jpg,50,あり
3170,孫悟空（FB09 FB09-033 C）,FB09 VUAL EVOLUTION,FB09 DUAL EVOLUTION > R以下,https://www.kamehouse-db.com/product/3170,https://www.kamehouse-db.com/product/3170?utm_source=mercari&utm_medium=cpc&utm_campaign=infeed_test,https://www.kamehouse-db.com/data/kamehouse/product/product_75148879.jpg,80,あり
3169,孫悟空（FB09 FB09-034 C）,FB09 VUAL EVOLUTION,FB09 DUAL EVOLUTION > R以下,https://www.kamehouse-db.com/product/3169,https://www.kamehouse-db.com/product/3169?utm_source=mercari&utm_medium=cpc&utm_campaign=infeed_test,https://www.kamehouse-db.com/data/kamehouse/product/product_75148873.jpg,50,あり
3168,孫悟空（FB09 FB09-035 R）,FB09 VUAL EVOLUTION,FB09 DUAL EVOLUTION > R以下,https://www.kamehouse-db.com/product/3168,https://www.kamehouse-db.com/product/3168?utm_source=mercari&utm_medium=cpc&utm_campaign=infeed_test,https://www.kamehouse-db.com/data/kamehouse/product/product_75148867.jpg,120,あり
3167,孫悟空（FS12 FS12-01 L）,スタートデッキEX:FS12 気の躍動,スタートデッキEX > FS12 気の躍動,https://www.kamehouse-db.com/product/3167,https://www.kamehouse-db.com/product/3167?utm_source=mercari&utm_medium=cpc&utm_campaign=infeed_test,https://www.kamehouse-db.com/data/kamehouse/product/20260716_91d7d0.jpeg,560,あり
3164,最長老（FS12 FS12-04 C）,スタートデッキEX:FS12 気の躍動,スタートデッキEX > FS12 気の躍動,https://www.kamehouse-db.com/product/3164,https://www.kamehouse-db.com/product/3164?utm_source=mercari&utm_medium=cpc&utm_campaign=infeed_test,https://www.kamehouse-db.com/data/kamehouse/product/product_78406207.jpg,180,あり
3160,孫悟飯：幼年期（FS12 FS12-08 C）,スタートデッキEX:FS12 気の躍動,スタートデッキEX > FS12 気の躍動,https://www.kamehouse-db.com/product/3160,https://www.kamehouse-db.com/product/3160?utm_source=mercari&utm_medium=cpc&utm_campaign=infeed_test,https://www.kamehouse-db.com/data/kamehouse/product/product_78406191.jpg,50,あり
3153,ブルマ（FS12 FS12-15 C）,スタートデッキE X :FS12気の躍動,スタートデッキEX > FS12 気の躍動,https://www.kamehouse-db.com/product/3153,https://www.kamehouse-db.com/product/3153?utm_source=mercari&utm_medium=cpc&utm_campaign=infeed_test,https://www.kamehouse-db.com/data/kamehouse/product/product_78406163.jpg,50,あり
3152,ベジータ（FS12 FS12-16 C）,スタートデッキEX:FS12 気の躍動,スタートデッキEX > FS12 気の躍動,https://www.kamehouse-db.com/product/3152,https://www.kamehouse-db.com/product/3152?utm_source=mercari&utm_medium=cpc&utm_campaign=infeed_test,https://www.kamehouse-db.com/data/kamehouse/product/product_78406159.jpg,80,あり
3121,孫悟空（FS11 FS11-01 L★）,進化の境地,スタートデッキEX > FS11 進化の境地,https://www.kamehouse-db.com/product/3121,https://www.kamehouse-db.com/product/3121?utm_source=mercari&utm_medium=cpc&utm_campaign=infeed_test,https://www.kamehouse-db.com/data/kamehouse/product/20260715_dca926.jpeg,46820,あり
3105,トランクス：未来（SB02-011 UC）,SB02 MANGA BOOSTER 02 収録,SB02 MANGA BOOSTER 02 > R以下,https://www.kamehouse-db.com/product/3105,https://www.kamehouse-db.com/product/3105?utm_source=mercari&utm_medium=cpc&utm_campaign=infeed_test,https://www.kamehouse-db.com/data/kamehouse/product/20260626_5fe64e.jpeg,180,あり
3104,ブルー将軍（SB02 SB02-059 UC）,SB02 MANGA BOOSTER 02 収録,SB02 MANGA BOOSTER 02 > R以下,https://www.kamehouse-db.com/product/3104,https://www.kamehouse-db.com/product/3104?utm_source=mercari&utm_medium=cpc&utm_campaign=infeed_test,https://www.kamehouse-db.com/data/kamehouse/product/20260626_b8323e.jpeg,80,あり
3103,孫悟飯：幼年期（SB02-039 UC）,SB02 MANGA BOOSTER 02 収録,SB02 MANGA BOOSTER 02 > R以下,https://www.kamehouse-db.com/product/3103,https://www.kamehouse-db.com/product/3103?utm_source=mercari&utm_medium=cpc&utm_campaign=infeed_test,https://www.kamehouse-db.com/data/kamehouse/product/20260626_f09392.jpeg,80,あり
3101,ベジータ（SB02-014 UC）,SB02 MANGA BOOSTER 02 収録,SB02 MANGA BOOSTER 02 > R以下,https://www.kamehouse-db.com/product/3101,https://www.kamehouse-db.com/product/3101?utm_source=mercari&utm_medium=cpc&utm_campaign=infeed_test,https://www.kamehouse-db.com/data/kamehouse/product/20260626_e14770.jpeg,120,あり
3095,フリーザ（FS04-01 L）,FS04 フリーザ 収録,SB02 MANGA BOOSTER 02 > R以下,https://www.kamehouse-db.com/product/3095,https://www.kamehouse-db.com/product/3095?utm_source=mercari&utm_medium=cpc&utm_campaign=infeed_test,https://www.kamehouse-db.com/data/kamehouse/product/20260626_b27f4f.jpeg,260,あり
3094,フリーザ（FS04-11 C）,FS04 フリーザ 収録,SB02 MANGA BOOSTER 02 > R以下,https://www.kamehouse-db.com/product/3094,https://www.kamehouse-db.com/product/3094?utm_source=mercari&utm_medium=cpc&utm_campaign=infeed_test,https://www.kamehouse-db.com/data/kamehouse/product/20260626_7fd634.jpeg,80,あり
3093,フリーザ（FS04-12 C）,FS04 フリーザ 収録,SB02 MANGA BOOSTER 02 > R以下,https://www.kamehouse-db.com/product/3093,https://www.kamehouse-db.com/product/3093?utm_source=mercari&utm_medium=cpc&utm_campaign=infeed_test,https://www.kamehouse-db.com/data/kamehouse/product/20260626_ab56f2.jpeg,50,あり
3088,人造人間18号（FB01-081 R）,FB01 覚醒の鼓動 収録,FB01 覚醒の鼓動 > R以下,https://www.kamehouse-db.com/product/3088,https://www.kamehouse-db.com/product/3088?utm_source=mercari&utm_medium=cpc&utm_campaign=infeed_test,https://www.kamehouse-db.com/data/kamehouse/product/product_47614700.jpg,80,あり
3087,人造人間20号（FB01-083 C）,FB01 覚醒の鼓動 収録,FB01 覚醒の鼓動 > R以下,https://www.kamehouse-db.com/product/3087,https://www.kamehouse-db.com/product/3087?utm_source=mercari&utm_medium=cpc&utm_campaign=infeed_test,https://www.kamehouse-db.com/data/kamehouse/product/product_47614692.jpg,80,あり
3086,人造人間20号（FB01-084 R）,FB01 覚醒の鼓動 収録,FB01 覚醒の鼓動 > R以下,https://www.kamehouse-db.com/product/3086,https://www.kamehouse-db.com/product/3086?utm_source=mercari&utm_medium=cpc&utm_campaign=infeed_test,https://www.kamehouse-db.com/data/kamehouse/product/product_47614688.jpg,80,あり
3085,孫悟空（FB01-085 C）,FB01 覚醒の鼓動 収録,FB01 覚醒の鼓動 > R以下,https://www.kamehouse-db.com/product/3085,https://www.kamehouse-db.com/product/3085?utm_source=mercari&utm_medium=cpc&utm_campaign=infeed_test,https://www.kamehouse-db.com/data/kamehouse/product/product_47614684.jpg,80,あり
3083,孫悟空（FB01-087 R）,FB01 覚醒の鼓動 収録,FB01 覚醒の鼓動 > R以下,https://www.kamehouse-db.com/product/3083,https://www.kamehouse-db.com/product/3083?utm_source=mercari&utm_medium=cpc&utm_campaign=infeed_test,https://www.kamehouse-db.com/data/kamehouse/product/product_47614676.jpg,80,あり
3082,孫悟飯:少年期（FB01-088 C）,FB01 覚醒の鼓動 収録,FB01 覚醒の鼓動 > R以下,https://www.kamehouse-db.com/product/3082,https://www.kamehouse-db.com/product/3082?utm_source=mercari&utm_medium=cpc&utm_campaign=infeed_test,https://www.kamehouse-db.com/data/kamehouse/product/product_47614672.jpg,110,あり
3081,孫悟飯:少年期（FB01-089 R）,FB01 覚醒の鼓動 収録,FB01 覚醒の鼓動 > R以下,https://www.kamehouse-db.com/product/3081,https://www.kamehouse-db.com/product/3081?utm_source=mercari&utm_medium=cpc&utm_campaign=infeed_test,https://www.kamehouse-db.com/data/kamehouse/product/product_47614668.jpg,80,あり
3079,トランクス:未来（FB01-092 R）,FB01 覚醒の鼓動 収録,FB01 覚醒の鼓動 > R以下,https://www.kamehouse-db.com/product/3079,https://www.kamehouse-db.com/product/3079?utm_source=mercari&utm_medium=cpc&utm_campaign=infeed_test,https://www.kamehouse-db.com/data/kamehouse/product/product_47614656.jpg,80,あり
3072,ギニュー（FB01-104 L）,FB01 覚醒の鼓動 収録,FB01 覚醒の鼓動 > R以下,https://www.kamehouse-db.com/product/3072,https://www.kamehouse-db.com/product/3072?utm_source=mercari&utm_medium=cpc&utm_campaign=infeed_test,https://www.kamehouse-db.com/data/kamehouse/product/product_47614604.jpg,80,あり
3071,クウラ（FB01-105 L）,FB01 覚醒の鼓動 収録,FB01 覚醒の鼓動 > R以下,https://www.kamehouse-db.com/product/3071,https://www.kamehouse-db.com/product/3071?utm_source=mercari&utm_medium=cpc&utm_campaign=infeed_test,https://www.kamehouse-db.com/data/kamehouse/product/product_47614596.jpg,80,あり
3070,アプール（FB01-106 C）,FB01 覚醒の鼓動 収録,FB01 覚醒の鼓動 > R以下,https://www.kamehouse-db.com/product/3070,https://www.kamehouse-db.com/product/3070?utm_source=mercari&utm_medium=cpc&utm_campaign=infeed_test,https://www.kamehouse-db.com/data/kamehouse/product/product_47614588.jpg,80,あり
3069,ギニュー（FB01-108 R）,FB01 覚醒の鼓動 収録,FB01 覚醒の鼓動 > R以下,https://www.kamehouse-db.com/product/3069,https://www.kamehouse-db.com/product/3069?utm_source=mercari&utm_medium=cpc&utm_campaign=infeed_test,https://www.kamehouse-db.com/data/kamehouse/product/product_47614580.jpg,80,あり
3067,クウラ（FB01-112 C）,FB01 覚醒の鼓動 収録,FB01 覚醒の鼓動 > R以下,https://www.kamehouse-db.com/product/3067,https://www.kamehouse-db.com/product/3067?utm_source=mercari&utm_medium=cpc&utm_campaign=infeed_test,https://www.kamehouse-db.com/data/kamehouse/product/product_47614560.jpg,80,あり
3065,コルド大王（FB01-115 C）,FB01 覚醒の鼓動 収録,FB01 覚醒の鼓動 > R以下,https://www.kamehouse-db.com/product/3065,https://www.kamehouse-db.com/product/3065?utm_source=mercari&utm_medium=cpc&utm_campaign=infeed_test,https://www.kamehouse-db.com/data/kamehouse/product/product_47614544.jpg,80,あり
3064,ジース（FB01-119 UC）,FB01 覚醒の鼓動 収録,FB01 覚醒の鼓動 > R以下,https://www.kamehouse-db.com/product/3064,https://www.kamehouse-db.com/product/3064?utm_source=mercari&utm_medium=cpc&utm_campaign=infeed_test,https://www.kamehouse-db.com/data/kamehouse/product/product_47614528.jpg,80,あり
3059,バータ（FB01-126 C）,FB01 覚醒の鼓動 収録,FB01 覚醒の鼓動 > R以下,https://www.kamehouse-db.com/product/3059,https://www.kamehouse-db.com/product/3059?utm_source=mercari&utm_medium=cpc&utm_campaign=infeed_test,https://www.kamehouse-db.com/data/kamehouse/product/product_47614500.jpg,80,あり
3058,バナン（FB01-127 UC）,FB01 覚醒の鼓動 収録,FB01 覚醒の鼓動 > R以下,https://www.kamehouse-db.com/product/3058,https://www.kamehouse-db.com/product/3058?utm_source=mercari&utm_medium=cpc&utm_campaign=infeed_test,https://www.kamehouse-db.com/data/kamehouse/product/product_47614496.jpg,80,あり
3057,フリーザ（FB01-128 UC）,FB01 覚醒の鼓動 収録,FB01 覚醒の鼓動 > R以下,https://www.kamehouse-db.com/product/3057,https://www.kamehouse-db.com/product/3057?utm_source=mercari&utm_medium=cpc&utm_campaign=infeed_test,https://www.kamehouse-db.com/data/kamehouse/product/product_47614492.jpg,80,あり
3056,メタルクウラ（FB01-131 C）,FB01 覚醒の鼓動 収録,FB01 覚醒の鼓動 > R以下,https://www.kamehouse-db.com/product/3056,https://www.kamehouse-db.com/product/3056?utm_source=mercari&utm_medium=cpc&utm_campaign=infeed_test,https://www.kamehouse-db.com/data/kamehouse/product/product_47614476.jpg,80,あり
3054,クラッシャーボール（FB01-135 UC）,FB01 覚醒の鼓動 収録,FB01 覚醒の鼓動 > R以下,https://www.kamehouse-db.com/product/3054,https://www.kamehouse-db.com/product/3054?utm_source=mercari&utm_medium=cpc&utm_campaign=infeed_test,https://www.kamehouse-db.com/data/kamehouse/product/product_47614460.jpg,80,あり
3053,スーパーノヴァ（FB01-136 R）,FB01 覚醒の鼓動 収録,FB01 覚醒の鼓動 > R以下,https://www.kamehouse-db.com/product/3053,https://www.kamehouse-db.com/product/3053?utm_source=mercari&utm_medium=cpc&utm_campaign=infeed_test,https://www.kamehouse-db.com/data/kamehouse/product/product_47614456.jpg,80,あり
3052,ボディチェンジ（FB01-137 R）,FB01 覚醒の鼓動 収録,FB01 覚醒の鼓動 > R以下,https://www.kamehouse-db.com/product/3052,https://www.kamehouse-db.com/product/3052?utm_source=mercari&utm_medium=cpc&utm_campaign=infeed_test,https://www.kamehouse-db.com/data/kamehouse/product/product_47614452.jpg,80,あり
3050,孫悟空（FB01-048 UC）,FB01 覚醒の鼓動 収録,FB01 覚醒の鼓動 > R以下,https://www.kamehouse-db.com/product/3050,https://www.kamehouse-db.com/product/3050?utm_source=mercari&utm_medium=cpc&utm_campaign=infeed_test,https://www.kamehouse-db.com/data/kamehouse/product/product_47612124.jpg,80,あり
3049,孫悟飯：少年期（FB01-088 C）,SB01 MANGA BOOSTER 01 収録,SB01 MANGA BOOSTER 01 > R以下,https://www.kamehouse-db.com/product/3049,https://www.kamehouse-db.com/product/3049?utm_source=mercari&utm_medium=cpc&utm_campaign=infeed_test,https://www.kamehouse-db.com/data/kamehouse/product/product_47608636.jpg,110,あり
3048,ギニュー（FB01-108 R）,SB02 MANGA BOOSTER 02 収録,SB02 MANGA BOOSTER 02 > R以下,https://www.kamehouse-db.com/product/3048,https://www.kamehouse-db.com/product/3048?utm_source=mercari&utm_medium=cpc&utm_campaign=infeed_test,https://www.kamehouse-db.com/data/kamehouse/product/product_50808120.jpg,80,あり
3047,メカフリーザ（FB01-130 R）,SB02 MANGA BOOSTER 02 収録,SB02 MANGA BOOSTER 02 > R以下,https://www.kamehouse-db.com/product/3047,https://www.kamehouse-db.com/product/3047?utm_source=mercari&utm_medium=cpc&utm_campaign=infeed_test,https://www.kamehouse-db.com/data/kamehouse/product/product_50808108.jpg,80,あり
3046,リクーム（FB01-132 R）,SB02 MANGA BOOSTER 02 収録,SB02 MANGA BOOSTER 02 > R以下,https://www.kamehouse-db.com/product/3046,https://www.kamehouse-db.com/product/3046?utm_source=mercari&utm_medium=cpc&utm_campaign=infeed_test,https://www.kamehouse-db.com/data/kamehouse/product/product_50808104.jpg,80,あり
3044,瞬間移動かめはめ波（FB01-101 C）,FB01 覚醒の鼓動 収録,FB01 覚醒の鼓動 > R以下,https://www.kamehouse-db.com/product/3044,https://www.kamehouse-db.com/product/3044?utm_source=mercari&utm_medium=cpc&utm_campaign=infeed_test,https://www.kamehouse-db.com/data/kamehouse/product/product_47614616.jpg,120,あり
3043,孫悟空（FB01-085 C）,SB01 MANGA BOOSTER 01 収録,SB01 MANGA BOOSTER 01 > R以下,https://www.kamehouse-db.com/product/3043,https://www.kamehouse-db.com/product/3043?utm_source=mercari&utm_medium=cpc&utm_campaign=infeed_test,https://www.kamehouse-db.com/data/kamehouse/product/product_47608640.jpg,120,あり
3042,ビッグ・バン・アタック（FB01-103 UC）,SB01 MANGA BOOSTER 01 収録,SB01 MANGA BOOSTER 01 > R以下,https://www.kamehouse-db.com/product/3042,https://www.kamehouse-db.com/product/3042?utm_source=mercari&utm_medium=cpc&utm_campaign=infeed_test,https://www.kamehouse-db.com/data/kamehouse/product/product_47608628.jpg,120,あり
3041,ギニュー（FB01-107 UC）,SB02 MANGA BOOSTER 02 収録,SB02 MANGA BOOSTER 02 > R以下,https://www.kamehouse-db.com/product/3041,https://www.kamehouse-db.com/product/3041?utm_source=mercari&utm_medium=cpc&utm_campaign=infeed_test,https://www.kamehouse-db.com/data/kamehouse/product/product_50808124.jpg,120,あり
3040,瞬間移動かめはめ波（FB01-101 C）,SB01 MANGA BOOSTER 01 収録,SB01 MANGA BOOSTER 01 > R以下,https://www.kamehouse-db.com/product/3040,https://www.kamehouse-db.com/product/3040?utm_source=mercari&utm_medium=cpc&utm_campaign=infeed_test,https://www.kamehouse-db.com/data/kamehouse/product/product_47608632.jpg,180,あり
3039,ウイス（FB01-004 UC）,FB01 覚醒の鼓動 収録,FB01 覚醒の鼓動 > R以下,https://www.kamehouse-db.com/product/3039,https://www.kamehouse-db.com/product/3039?utm_source=mercari&utm_medium=cpc&utm_campaign=infeed_test,https://www.kamehouse-db.com/data/kamehouse/product/product_47615056.jpg,170,あり
3038,ヴァドス（FB01-003 C）,FB01 覚醒の鼓動 収録,FB01 覚醒の鼓動 > R以下,https://www.kamehouse-db.com/product/3038,https://www.kamehouse-db.com/product/3038?utm_source=mercari&utm_medium=cpc&utm_campaign=infeed_test,https://www.kamehouse-db.com/data/kamehouse/product/product_47615060.jpg,50,あり
3037,サオネル（FB01-010 C）,FB01 覚醒の鼓動 収録,FB01 覚醒の鼓動 > R以下,https://www.kamehouse-db.com/product/3037,https://www.kamehouse-db.com/product/3037?utm_source=mercari&utm_medium=cpc&utm_campaign=infeed_test,https://www.kamehouse-db.com/data/kamehouse/product/product_47615032.jpg,50,あり
3036,シャンパ（FB01-011 C）,FB01 覚醒の鼓動 収録,FB01 覚醒の鼓動 > R以下,https://www.kamehouse-db.com/product/3036,https://www.kamehouse-db.com/product/3036?utm_source=mercari&utm_medium=cpc&utm_campaign=infeed_test,https://www.kamehouse-db.com/data/kamehouse/product/product_47615028.jpg,50,あり
3034,天津飯（FB01-018 C）,FB01 覚醒の鼓動 収録,FB01 覚醒の鼓動 > R以下,https://www.kamehouse-db.com/product/3034,https://www.kamehouse-db.com/product/3034?utm_source=mercari&utm_medium=cpc&utm_campaign=infeed_test,https://www.kamehouse-db.com/data/kamehouse/product/product_47614996.jpg,50,あり
3033,Dr.ロタ（FB01-019 C）,FB01 覚醒の鼓動 収録,FB01 覚醒の鼓動 > R以下,https://www.kamehouse-db.com/product/3033,https://www.kamehouse-db.com/product/3033?utm_source=mercari&utm_medium=cpc&utm_campaign=infeed_test,https://www.kamehouse-db.com/data/kamehouse/product/product_47614992.jpg,50,あり
3032,ピッコロ（FB01-020 C）,FB01 覚醒の鼓動 収録,FB01 覚醒の鼓動 > R以下,https://www.kamehouse-db.com/product/3032,https://www.kamehouse-db.com/product/3032?utm_source=mercari&utm_medium=cpc&utm_campaign=infeed_test,https://www.kamehouse-db.com/data/kamehouse/product/product_47614988.jpg,50,あり
3031,ピリナ（FB01-022 C）,FB01 覚醒の鼓動 収録,FB01 覚醒の鼓動 > R以下,https://www.kamehouse-db.com/product/3031,https://www.kamehouse-db.com/product/3031?utm_source=mercari&utm_medium=cpc&utm_campaign=infeed_test,https://www.kamehouse-db.com/data/kamehouse/product/product_47614976.jpg,50,あり
3029,マゲッタ（FB01-029 C）,FB01 覚醒の鼓動 収録,FB01 覚醒の鼓動 > R以下,https://www.kamehouse-db.com/product/3029,https://www.kamehouse-db.com/product/3029?utm_source=mercari&utm_medium=cpc&utm_campaign=infeed_test,https://www.kamehouse-db.com/data/kamehouse/product/product_47614944.jpg,50,あり
3028,時とばし（FB01-033 C）,FB01 覚醒の鼓動 収録,FB01 覚醒の鼓動 > R以下,https://www.kamehouse-db.com/product/3028,https://www.kamehouse-db.com/product/3028?utm_source=mercari&utm_medium=cpc&utm_campaign=infeed_test,https://www.kamehouse-db.com/data/kamehouse/product/product_47614928.jpg,50,あり
3027,魔封波（FB01-034 C）,FB01 覚醒の鼓動 収録,FB01 覚醒の鼓動 > R以下,https://www.kamehouse-db.com/product/3027,https://www.kamehouse-db.com/product/3027?utm_source=mercari&utm_medium=cpc&utm_campaign=infeed_test,https://www.kamehouse-db.com/data/kamehouse/product/product_47614924.jpg,50,あり
3026,ゴワス（FB01-041 C）,FB01 覚醒の鼓動 収録,FB01 覚醒の鼓動 > R以下,https://www.kamehouse-db.com/product/3026,https://www.kamehouse-db.com/product/3026?utm_source=mercari&utm_medium=cpc&utm_campaign=infeed_test,https://www.kamehouse-db.com/data/kamehouse/product/product_47614884.jpg,50,あり
3025,ザマス（FB01-043 C）,FB01 覚醒の鼓動 収録,FB01 覚醒の鼓動 > R以下,https://www.kamehouse-db.com/product/3025,https://www.kamehouse-db.com/product/3025?utm_source=mercari&utm_medium=cpc&utm_campaign=infeed_test,https://www.kamehouse-db.com/data/kamehouse/product/product_47614876.jpg,50,あり
3024,シュウ（FB01-045 C）,FB01 覚醒の鼓動 収録,FB01 覚醒の鼓動 > R以下,https://www.kamehouse-db.com/product/3024,https://www.kamehouse-db.com/product/3024?utm_source=mercari&utm_medium=cpc&utm_campaign=infeed_test,https://www.kamehouse-db.com/data/kamehouse/product/product_47614868.jpg,50,あり
3023,ババリ星人（FB01-053 C）,FB01 覚醒の鼓動 収録,FB01 覚醒の鼓動 > R以下,https://www.kamehouse-db.com/product/3023,https://www.kamehouse-db.com/product/3023?utm_source=mercari&utm_medium=cpc&utm_campaign=infeed_test,https://www.kamehouse-db.com/data/kamehouse/product/product_47614832.jpg,50,あり
3022,ハル/マキ（FB01-054 C）,FB01 覚醒の鼓動 収録,FB01 覚醒の鼓動 > R以下,https://www.kamehouse-db.com/product/3022,https://www.kamehouse-db.com/product/3022?utm_source=mercari&utm_medium=cpc&utm_campaign=infeed_test,https://www.kamehouse-db.com/data/kamehouse/product/product_47614828.jpg,50,あり
3021,ブルマ（FB01-057 C）,FB01 覚醒の鼓動 収録,FB01 覚醒の鼓動 > R以下,https://www.kamehouse-db.com/product/3021,https://www.kamehouse-db.com/product/3021?utm_source=mercari&utm_medium=cpc&utm_campaign=infeed_test,https://www.kamehouse-db.com/data/kamehouse/product/product_47614816.jpg,50,あり
3019,クリリン（FB01-072 C）,FB01 覚醒の鼓動 収録,FB01 覚醒の鼓動 > R以下,https://www.kamehouse-db.com/product/3019,https://www.kamehouse-db.com/product/3019?utm_source=mercari&utm_medium=cpc&utm_campaign=infeed_test,https://www.kamehouse-db.com/data/kamehouse/product/product_47614744.jpg,50,あり
3018,人造人間17号（FB01-075 C）,FB01 覚醒の鼓動 収録,FB01 覚醒の鼓動 > R以下,https://www.kamehouse-db.com/product/3018,https://www.kamehouse-db.com/product/3018?utm_source=mercari&utm_medium=cpc&utm_campaign=infeed_test,https://www.kamehouse-db.com/data/kamehouse/product/product_47614732.jpg,50,あり
3017,人造人間18号（FB01-080 C）,FB01 覚醒の鼓動 収録,FB01 覚醒の鼓動 > R以下,https://www.kamehouse-db.com/product/3017,https://www.kamehouse-db.com/product/3017?utm_source=mercari&utm_medium=cpc&utm_campaign=infeed_test,https://www.kamehouse-db.com/data/kamehouse/product/product_47614704.jpg,50,あり
3016,人造人間19号（FB01-082 C）,FB01 覚醒の鼓動 収録,FB01 覚醒の鼓動 > R以下,https://www.kamehouse-db.com/product/3016,https://www.kamehouse-db.com/product/3016?utm_source=mercari&utm_medium=cpc&utm_campaign=infeed_test,https://www.kamehouse-db.com/data/kamehouse/product/product_47614696.jpg,50,あり
3015,天津飯（FB01-091 C）,FB01 覚醒の鼓動 収録,FB01 覚醒の鼓動 > R以下,https://www.kamehouse-db.com/product/3015,https://www.kamehouse-db.com/product/3015?utm_source=mercari&utm_medium=cpc&utm_campaign=infeed_test,https://www.kamehouse-db.com/data/kamehouse/product/product_47614660.jpg,50,あり
3014,ピッコロ（FB01-094 C）,FB01 覚醒の鼓動 収録,FB01 覚醒の鼓動 > R以下,https://www.kamehouse-db.com/product/3014,https://www.kamehouse-db.com/product/3014?utm_source=mercari&utm_medium=cpc&utm_campaign=infeed_test,https://www.kamehouse-db.com/data/kamehouse/product/product_47614648.jpg,50,あり
3013,ベジータ（FB01-095 C）,FB01 覚醒の鼓動 収録,FB01 覚醒の鼓動 > R以下,https://www.kamehouse-db.com/product/3013,https://www.kamehouse-db.com/product/3013?utm_source=mercari&utm_medium=cpc&utm_campaign=infeed_test,https://www.kamehouse-db.com/data/kamehouse/product/product_47614644.jpg,50,あり
3012,ミスター・サタン（FB01-097 C）,FB01 覚醒の鼓動 収録,FB01 覚醒の鼓動 > R以下,https://www.kamehouse-db.com/product/3012,https://www.kamehouse-db.com/product/3012?utm_source=mercari&utm_medium=cpc&utm_campaign=infeed_test,https://www.kamehouse-db.com/data/kamehouse/product/product_47614632.jpg,50,あり
3010,ギニュー（FB01-110 C）,FB01 覚醒の鼓動 収録,FB01 覚醒の鼓動 > R以下,https://www.kamehouse-db.com/product/3010,https://www.kamehouse-db.com/product/3010?utm_source=mercari&utm_medium=cpc&utm_campaign=infeed_test,https://www.kamehouse-db.com/data/kamehouse/product/product_47614568.jpg,50,あり
3009,ザーボン（FB01-116 C）,FB01 覚醒の鼓動 収録,FB01 覚醒の鼓動 > R以下,https://www.kamehouse-db.com/product/3009,https://www.kamehouse-db.com/product/3009?utm_source=mercari&utm_medium=cpc&utm_campaign=infeed_test,https://www.kamehouse-db.com/data/kamehouse/product/product_47614540.jpg,50,あり
3008,サウザー（FB01-117 C）,FB01 覚醒の鼓動 収録,FB01 覚醒の鼓動 > R以下,https://www.kamehouse-db.com/product/3008,https://www.kamehouse-db.com/product/3008?utm_source=mercari&utm_medium=cpc&utm_campaign=infeed_test,https://www.kamehouse-db.com/data/kamehouse/product/product_47614536.jpg,50,あり
3007,サウザー（FB01-118 C）,FB01 覚醒の鼓動 収録,FB01 覚醒の鼓動 > R以下,https://www.kamehouse-db.com/product/3007,https://www.kamehouse-db.com/product/3007?utm_source=mercari&utm_medium=cpc&utm_campaign=infeed_test,https://www.kamehouse-db.com/data/kamehouse/product/product_47614532.jpg,50,あり
3006,ドーレ（FB01-122 C）,FB01 覚醒の鼓動 収録,FB01 覚醒の鼓動 > R以下,https://www.kamehouse-db.com/product/3006,https://www.kamehouse-db.com/product/3006?utm_source=mercari&utm_medium=cpc&utm_campaign=infeed_test,https://www.kamehouse-db.com/data/kamehouse/product/product_47614516.jpg,50,あり
3005,ドドリア（FB01-123 C）,FB01 覚醒の鼓動 収録,FB01 覚醒の鼓動 > R以下,https://www.kamehouse-db.com/product/3005,https://www.kamehouse-db.com/product/3005?utm_source=mercari&utm_medium=cpc&utm_campaign=infeed_test,https://www.kamehouse-db.com/data/kamehouse/product/product_47614512.jpg,50,あり
3004,メカフリーザ（FB01-130 R）,FB01 覚醒の鼓動 収録,FB01 覚醒の鼓動 > R以下,https://www.kamehouse-db.com/product/3004,https://www.kamehouse-db.com/product/3004?utm_source=mercari&utm_medium=cpc&utm_campaign=infeed_test,https://www.kamehouse-db.com/data/kamehouse/product/product_47614480.jpg,50,あり
3003,リクーム（FB01-132 R）,FB01 覚醒の鼓動 収録,FB01 覚醒の鼓動 > R以下,https://www.kamehouse-db.com/product/3003,https://www.kamehouse-db.com/product/3003?utm_source=mercari&utm_medium=cpc&utm_campaign=infeed_test,https://www.kamehouse-db.com/data/kamehouse/product/product_47614472.jpg,50,あり
3001,みんなそろってギニュー特戦隊（FB01-138 C）,FB01 覚醒の鼓動 収録,FB01 覚醒の鼓動 > R以下,https://www.kamehouse-db.com/product/3001,https://www.kamehouse-db.com/product/3001?utm_source=mercari&utm_medium=cpc&utm_campaign=infeed_test,https://www.kamehouse-db.com/data/kamehouse/product/product_47614448.jpg,50,あり
3000,フリーザ（FB01-024 C）,FB01 覚醒の鼓動 収録,FB01 覚醒の鼓動 > R以下,https://www.kamehouse-db.com/product/3000,https://www.kamehouse-db.com/product/3000?utm_source=mercari&utm_medium=cpc&utm_campaign=infeed_test,https://www.kamehouse-db.com/data/kamehouse/product/product_47612208.jpg,50,あり
2999,ザーボン（FB01-116 C）,SB02 MANGA BOOSTER 02 収録,SB02 MANGA BOOSTER 02 > R以下,https://www.kamehouse-db.com/product/2999,https://www.kamehouse-db.com/product/2999?utm_source=mercari&utm_medium=cpc&utm_campaign=infeed_test,https://www.kamehouse-db.com/data/kamehouse/product/product_50808112.jpg,50,あり
2998,みんなそろってギニュー特戦隊（FB01-138 C）,SB02 MANGA BOOSTER 02 収録,SB02 MANGA BOOSTER 02 > R以下,https://www.kamehouse-db.com/product/2998,https://www.kamehouse-db.com/product/2998?utm_source=mercari&utm_medium=cpc&utm_campaign=infeed_test,https://www.kamehouse-db.com/data/kamehouse/product/product_50808100.jpg,50,あり
2997,孫悟空（FB01-001 L）,FB01 覚醒の鼓動 収録,FB01 覚醒の鼓動 > R以下,https://www.kamehouse-db.com/product/2997,https://www.kamehouse-db.com/product/2997?utm_source=mercari&utm_medium=cpc&utm_campaign=infeed_test,https://www.kamehouse-db.com/data/kamehouse/product/product_47615076.jpg,80,あり
2996,ビルス（FB01-002 L）,FB01 覚醒の鼓動 収録,FB01 覚醒の鼓動 > R以下,https://www.kamehouse-db.com/product/2996,https://www.kamehouse-db.com/product/2996?utm_source=mercari&utm_medium=cpc&utm_campaign=infeed_test,https://www.kamehouse-db.com/data/kamehouse/product/product_47615068.jpg,80,あり
2992,クリリン（FB01-008 R）,FB01 覚醒の鼓動 収録,FB01 覚醒の鼓動 > R以下,https://www.kamehouse-db.com/product/2992,https://www.kamehouse-db.com/product/2992?utm_source=mercari&utm_medium=cpc&utm_campaign=infeed_test,https://www.kamehouse-db.com/data/kamehouse/product/product_47615040.jpg,80,あり
2991,ケール（FB01-009 UC）,FB01 覚醒の鼓動 収録,FB01 覚醒の鼓動 > R以下,https://www.kamehouse-db.com/product/2991,https://www.kamehouse-db.com/product/2991?utm_source=mercari&utm_medium=cpc&utm_campaign=infeed_test,https://www.kamehouse-db.com/data/kamehouse/product/product_47615036.jpg,50,あり
2989,人造人間17号（FB01-013 UC）,FB01 覚醒の鼓動 収録,FB01 覚醒の鼓動 > R以下,https://www.kamehouse-db.com/product/2989,https://www.kamehouse-db.com/product/2989?utm_source=mercari&utm_medium=cpc&utm_campaign=infeed_test,https://www.kamehouse-db.com/data/kamehouse/product/product_47615020.jpg,80,あり
2987,孫悟飯:青年期（FB01-016 R）,FB01 覚醒の鼓動 収録,FB01 覚醒の鼓動 > R以下,https://www.kamehouse-db.com/product/2987,https://www.kamehouse-db.com/product/2987?utm_source=mercari&utm_medium=cpc&utm_campaign=infeed_test,https://www.kamehouse-db.com/data/kamehouse/product/product_47615004.jpg,80,あり
2986,フロスト（FB01-025 R）,FB01 覚醒の鼓動 収録,FB01 覚醒の鼓動 > R以下,https://www.kamehouse-db.com/product/2986,https://www.kamehouse-db.com/product/2986?utm_source=mercari&utm_medium=cpc&utm_campaign=infeed_test,https://www.kamehouse-db.com/data/kamehouse/product/product_47614960.jpg,80,あり
2985,フワ（FB01-026 R）,FB01 覚醒の鼓動 収録,FB01 覚醒の鼓動 > R以下,https://www.kamehouse-db.com/product/2985,https://www.kamehouse-db.com/product/2985?utm_source=mercari&utm_medium=cpc&utm_campaign=infeed_test,https://www.kamehouse-db.com/data/kamehouse/product/product_47614956.jpg,80,あり
2984,ベジータ（FB01-027 R）,FB01 覚醒の鼓動 収録,FB01 覚醒の鼓動 > R以下,https://www.kamehouse-db.com/product/2984,https://www.kamehouse-db.com/product/2984?utm_source=mercari&utm_medium=cpc&utm_campaign=infeed_test,https://www.kamehouse-db.com/data/kamehouse/product/product_47614952.jpg,80,あり
2983,ボタモ（FB01-028 R）,FB01 覚醒の鼓動 収録,FB01 覚醒の鼓動 > R以下,https://www.kamehouse-db.com/product/2983,https://www.kamehouse-db.com/product/2983?utm_source=mercari&utm_medium=cpc&utm_campaign=infeed_test,https://www.kamehouse-db.com/data/kamehouse/product/product_47614948.jpg,80,あり
2982,集結！第7宇宙代表（FB01-030 C）,FB01 覚醒の鼓動 収録,FB01 覚醒の鼓動 > R以下,https://www.kamehouse-db.com/product/2982,https://www.kamehouse-db.com/product/2982?utm_source=mercari&utm_medium=cpc&utm_campaign=infeed_test,https://www.kamehouse-db.com/data/kamehouse/product/product_47614940.jpg,80,あり
2981,第6宇宙の強者たち（FB01-031 C）,FB01 覚醒の鼓動 収録,FB01 覚醒の鼓動 > R以下,https://www.kamehouse-db.com/product/2981,https://www.kamehouse-db.com/product/2981?utm_source=mercari&utm_medium=cpc&utm_campaign=infeed_test,https://www.kamehouse-db.com/data/kamehouse/product/product_47614936.jpg,80,あり
2980,ゴクウブラック（FB01-035 L）,FB01 覚醒の鼓動 収録,FB01 覚醒の鼓動 > R以下,https://www.kamehouse-db.com/product/2980,https://www.kamehouse-db.com/product/2980?utm_source=mercari&utm_medium=cpc&utm_campaign=infeed_test,https://www.kamehouse-db.com/data/kamehouse/product/product_47614920.jpg,80,あり
2979,トランクス:未来（FB01-036 L）,FB01 覚醒の鼓動 収録,FB01 覚醒の鼓動 > R以下,https://www.kamehouse-db.com/product/2979,https://www.kamehouse-db.com/product/2979?utm_source=mercari&utm_medium=cpc&utm_campaign=infeed_test,https://www.kamehouse-db.com/data/kamehouse/product/product_47614912.jpg,80,あり
2978,ゴクウブラック（FB01-037 R）,FB01 覚醒の鼓動 収録,FB01 覚醒の鼓動 > R以下,https://www.kamehouse-db.com/product/2978,https://www.kamehouse-db.com/product/2978?utm_source=mercari&utm_medium=cpc&utm_campaign=infeed_test,https://www.kamehouse-db.com/data/kamehouse/product/product_47614904.jpg,80,あり
2977,ゴクウブラック（FB01-038 C）,FB01 覚醒の鼓動 収録,FB01 覚醒の鼓動 > R以下,https://www.kamehouse-db.com/product/2977,https://www.kamehouse-db.com/product/2977?utm_source=mercari&utm_medium=cpc&utm_campaign=infeed_test,https://www.kamehouse-db.com/data/kamehouse/product/product_47614900.jpg,80,あり
2976,ゴワス（FB01-040 C）,FB01 覚醒の鼓動 収録,FB01 覚醒の鼓動 > R以下,https://www.kamehouse-db.com/product/2976,https://www.kamehouse-db.com/product/2976?utm_source=mercari&utm_medium=cpc&utm_campaign=infeed_test,https://www.kamehouse-db.com/data/kamehouse/product/product_47614888.jpg,80,あり
2974,ザマス（FB01-044 C）,FB01 覚醒の鼓動 収録,FB01 覚醒の鼓動 > R以下,https://www.kamehouse-db.com/product/2974,https://www.kamehouse-db.com/product/2974?utm_source=mercari&utm_medium=cpc&utm_campaign=infeed_test,https://www.kamehouse-db.com/data/kamehouse/product/product_47614872.jpg,80,あり
2973,孫悟空（FB01-046 R）,FB01 覚醒の鼓動 収録,FB01 覚醒の鼓動 > R以下,https://www.kamehouse-db.com/product/2973,https://www.kamehouse-db.com/product/2973?utm_source=mercari&utm_medium=cpc&utm_campaign=infeed_test,https://www.kamehouse-db.com/data/kamehouse/product/product_47614864.jpg,80,あり
2970,トランクス:未来（FB01-049 R）,FB01 覚醒の鼓動 収録,FB01 覚醒の鼓動 > R以下,https://www.kamehouse-db.com/product/2970,https://www.kamehouse-db.com/product/2970?utm_source=mercari&utm_medium=cpc&utm_campaign=infeed_test,https://www.kamehouse-db.com/data/kamehouse/product/product_47614852.jpg,80,あり
2969,トランクス:未来（FB01-051 R）,FB01 覚醒の鼓動 収録,FB01 覚醒の鼓動 > R以下,https://www.kamehouse-db.com/product/2969,https://www.kamehouse-db.com/product/2969?utm_source=mercari&utm_medium=cpc&utm_campaign=infeed_test,https://www.kamehouse-db.com/data/kamehouse/product/product_47614840.jpg,80,あり
2968,トランクス:幼年期（FB01-052 UC）,FB01 覚醒の鼓動 収録,FB01 覚醒の鼓動 > R以下,https://www.kamehouse-db.com/product/2968,https://www.kamehouse-db.com/product/2968?utm_source=mercari&utm_medium=cpc&utm_campaign=infeed_test,https://www.kamehouse-db.com/data/kamehouse/product/product_47614836.jpg,80,あり
2967,パン（FB01-055 C）,FB01 覚醒の鼓動 収録,FB01 覚醒の鼓動 > R以下,https://www.kamehouse-db.com/product/2967,https://www.kamehouse-db.com/product/2967?utm_source=mercari&utm_medium=cpc&utm_campaign=infeed_test,https://www.kamehouse-db.com/data/kamehouse/product/product_47614824.jpg,80,あり
2966,ピラフ（FB01-056 C）,FB01 覚醒の鼓動 収録,FB01 覚醒の鼓動 > R以下,https://www.kamehouse-db.com/product/2966,https://www.kamehouse-db.com/product/2966?utm_source=mercari&utm_medium=cpc&utm_campaign=infeed_test,https://www.kamehouse-db.com/data/kamehouse/product/product_47614820.jpg,80,あり
2964,ベジータ（FB01-059 R）,FB01 覚醒の鼓動 収録,FB01 覚醒の鼓動 > R以下,https://www.kamehouse-db.com/product/2964,https://www.kamehouse-db.com/product/2964?utm_source=mercari&utm_medium=cpc&utm_campaign=infeed_test,https://www.kamehouse-db.com/data/kamehouse/product/product_47614808.jpg,80,あり
2963,ベジータ（FB01-060 C）,FB01 覚醒の鼓動 収録,FB01 覚醒の鼓動 > R以下,https://www.kamehouse-db.com/product/2963,https://www.kamehouse-db.com/product/2963?utm_source=mercari&utm_medium=cpc&utm_campaign=infeed_test,https://www.kamehouse-db.com/data/kamehouse/product/product_47614804.jpg,80,あり
2959,ファイナルホープスラッシュ（FB01-066 R）,FB01 覚醒の鼓動 収録,FB01 覚醒の鼓動 > R以下,https://www.kamehouse-db.com/product/2959,https://www.kamehouse-db.com/product/2959?utm_source=mercari&utm_medium=cpc&utm_campaign=infeed_test,https://www.kamehouse-db.com/data/kamehouse/product/product_47614776.jpg,80,あり
2957,禍々しき大鎌（FB01-068 R）,FB01 覚醒の鼓動 収録,FB01 覚醒の鼓動 > R以下,https://www.kamehouse-db.com/product/2957,https://www.kamehouse-db.com/product/2957?utm_source=mercari&utm_medium=cpc&utm_campaign=infeed_test,https://www.kamehouse-db.com/data/kamehouse/product/product_47614768.jpg,80,あり
2956,禍々しき分身（FB01-069 R）,FB01 覚醒の鼓動 収録,FB01 覚醒の鼓動 > R以下,https://www.kamehouse-db.com/product/2956,https://www.kamehouse-db.com/product/2956?utm_source=mercari&utm_medium=cpc&utm_campaign=infeed_test,https://www.kamehouse-db.com/data/kamehouse/product/product_47614764.jpg,80,あり
2955,人造人間17号/人造人間18号（FB01-070 L）,FB01 覚醒の鼓動 収録,FB01 覚醒の鼓動 > R以下,https://www.kamehouse-db.com/product/2955,https://www.kamehouse-db.com/product/2955?utm_source=mercari&utm_medium=cpc&utm_campaign=infeed_test,https://www.kamehouse-db.com/data/kamehouse/product/product_47614760.jpg,80,あり
2954,孫悟飯:少年期（FB01-071 L）,FB01 覚醒の鼓動 収録,FB01 覚醒の鼓動 > R以下,https://www.kamehouse-db.com/product/2954,https://www.kamehouse-db.com/product/2954?utm_source=mercari&utm_medium=cpc&utm_campaign=infeed_test,https://www.kamehouse-db.com/data/kamehouse/product/product_47614752.jpg,80,あり
2951,人造人間17号（FB01-076 C）,FB01 覚醒の鼓動 収録,FB01 覚醒の鼓動 > R以下,https://www.kamehouse-db.com/product/2951,https://www.kamehouse-db.com/product/2951?utm_source=mercari&utm_medium=cpc&utm_campaign=infeed_test,https://www.kamehouse-db.com/data/kamehouse/product/product_47614728.jpg,80,あり
2948,アニラーザ（FB02-002 C）,FB02 烈火の闘気 収録,FB02 烈火の闘気 > R以下,https://www.kamehouse-db.com/product/2948,https://www.kamehouse-db.com/product/2948?utm_source=mercari&utm_medium=cpc&utm_campaign=infeed_test,https://www.kamehouse-db.com/data/kamehouse/product/product_47613832.jpg,50,あり
2945,カリフラ（FB02-006 C）,FB02 烈火の闘気 収録,FB02 烈火の闘気 > R以下,https://www.kamehouse-db.com/product/2945,https://www.kamehouse-db.com/product/2945?utm_source=mercari&utm_medium=cpc&utm_campaign=infeed_test,https://www.kamehouse-db.com/data/kamehouse/product/product_47613816.jpg,50,あり
2944,キャウェイ（FB02-009 C）,FB02 烈火の闘気 収録,FB02 烈火の闘気 > R以下,https://www.kamehouse-db.com/product/2944,https://www.kamehouse-db.com/product/2944?utm_source=mercari&utm_medium=cpc&utm_campaign=infeed_test,https://www.kamehouse-db.com/data/kamehouse/product/product_47613804.jpg,50,あり
2941,シドラ（FB02-014 C）,FB02 烈火の闘気 収録,FB02 烈火の闘気 > R以下,https://www.kamehouse-db.com/product/2941,https://www.kamehouse-db.com/product/2941?utm_source=mercari&utm_medium=cpc&utm_campaign=infeed_test,https://www.kamehouse-db.com/data/kamehouse/product/product_47613780.jpg,50,あり
2940,人造人間18号（FB02-016 R）,FB02 烈火の闘気 収録,FB02 烈火の闘気 > R以下,https://www.kamehouse-db.com/product/2940,https://www.kamehouse-db.com/product/2940?utm_source=mercari&utm_medium=cpc&utm_campaign=infeed_test,https://www.kamehouse-db.com/data/kamehouse/product/product_47613768.jpg,50,あり
2936,ベルガモ（FB02-025 C）,FB02 烈火の闘気 収録,FB02 烈火の闘気 > R以下,https://www.kamehouse-db.com/product/2936,https://www.kamehouse-db.com/product/2936?utm_source=mercari&utm_medium=cpc&utm_campaign=infeed_test,https://www.kamehouse-db.com/data/kamehouse/product/product_47613728.jpg,50,あり
2935,ムリチム（FB02-027 C）,FB02 烈火の闘気 収録,FB02 烈火の闘気 > R以下,https://www.kamehouse-db.com/product/2935,https://www.kamehouse-db.com/product/2935?utm_source=mercari&utm_medium=cpc&utm_campaign=infeed_test,https://www.kamehouse-db.com/data/kamehouse/product/product_47613720.jpg,50,あり
2934,ラベンダ（FB02-028 C）,FB02 烈火の闘気 収録,FB02 烈火の闘気 > R以下,https://www.kamehouse-db.com/product/2934,https://www.kamehouse-db.com/product/2934?utm_source=mercari&utm_medium=cpc&utm_campaign=infeed_test,https://www.kamehouse-db.com/data/kamehouse/product/product_47613716.jpg,50,あり
2933,ロージィ（FB02-032 C）,FB02 烈火の闘気 収録,FB02 烈火の闘気 > R以下,https://www.kamehouse-db.com/product/2933,https://www.kamehouse-db.com/product/2933?utm_source=mercari&utm_medium=cpc&utm_campaign=infeed_test,https://www.kamehouse-db.com/data/kamehouse/product/product_47613700.jpg,50,あり
2932,キビト（FB02-037 UC）,FB02 烈火の闘気 収録,FB02 烈火の闘気 > R以下,https://www.kamehouse-db.com/product/2932,https://www.kamehouse-db.com/product/2932?utm_source=mercari&utm_medium=cpc&utm_campaign=infeed_test,https://www.kamehouse-db.com/data/kamehouse/product/product_47613676.jpg,50,あり
2930,ズノー（FB02-048 C）,FB02 烈火の闘気 収録,FB02 烈火の闘気 > R以下,https://www.kamehouse-db.com/product/2930,https://www.kamehouse-db.com/product/2930?utm_source=mercari&utm_medium=cpc&utm_campaign=infeed_test,https://www.kamehouse-db.com/data/kamehouse/product/product_47613624.jpg,50,あり
2929,孫悟空（FB02-050 C）,FB02 烈火の闘気 収録,FB02 烈火の闘気 > R以下,https://www.kamehouse-db.com/product/2929,https://www.kamehouse-db.com/product/2929?utm_source=mercari&utm_medium=cpc&utm_campaign=infeed_test,https://www.kamehouse-db.com/data/kamehouse/product/product_47613616.jpg,50,あり
2927,トランクス:未来（FB02-053 C）,FB02 烈火の闘気 収録,FB02 烈火の闘気 > R以下,https://www.kamehouse-db.com/product/2927,https://www.kamehouse-db.com/product/2927?utm_source=mercari&utm_medium=cpc&utm_campaign=infeed_test,https://www.kamehouse-db.com/data/kamehouse/product/product_47613604.jpg,50,あり
2924,裁きの刃（FB02-065 C）,FB02 烈火の闘気 収録,FB02 烈火の闘気 > R以下,https://www.kamehouse-db.com/product/2924,https://www.kamehouse-db.com/product/2924?utm_source=mercari&utm_medium=cpc&utm_campaign=infeed_test,https://www.kamehouse-db.com/data/kamehouse/product/product_47613552.jpg,50,あり
2922,神様（FB02-071 C）,FB02 烈火の闘気 収録,FB02 烈火の闘気 > R以下,https://www.kamehouse-db.com/product/2922,https://www.kamehouse-db.com/product/2922?utm_source=mercari&utm_medium=cpc&utm_campaign=infeed_test,https://www.kamehouse-db.com/data/kamehouse/product/product_47613524.jpg,50,あり
2921,カリン（FB02-072 C）,FB02 烈火の闘気 収録,FB02 烈火の闘気 > R以下,https://www.kamehouse-db.com/product/2921,https://www.kamehouse-db.com/product/2921?utm_source=mercari&utm_medium=cpc&utm_campaign=infeed_test,https://www.kamehouse-db.com/data/kamehouse/product/product_47613520.jpg,50,あり
2920,カロニー/ピーザ/ピロシキ（FB02-073 C）,FB02 烈火の闘気 収録,FB02 烈火の闘気 > R以下,https://www.kamehouse-db.com/product/2920,https://www.kamehouse-db.com/product/2920?utm_source=mercari&utm_medium=cpc&utm_campaign=infeed_test,https://www.kamehouse-db.com/data/kamehouse/product/product_47613516.jpg,50,あり
2919,人造人間17号（FB02-076 UC）,FB02 烈火の闘気 収録,FB02 烈火の闘気 > R以下,https://www.kamehouse-db.com/product/2919,https://www.kamehouse-db.com/product/2919?utm_source=mercari&utm_medium=cpc&utm_campaign=infeed_test,https://www.kamehouse-db.com/data/kamehouse/product/product_47613504.jpg,50,あり
2918,人造人間19号（FB02-079 C）,FB02 烈火の闘気 収録,FB02 烈火の闘気 > R以下,https://www.kamehouse-db.com/product/2918,https://www.kamehouse-db.com/product/2918?utm_source=mercari&utm_medium=cpc&utm_campaign=infeed_test,https://www.kamehouse-db.com/data/kamehouse/product/product_47613492.jpg,50,あり
2917,スパイロボット（FB02-081 C）,FB02 烈火の闘気 収録,FB02 烈火の闘気 > R以下,https://www.kamehouse-db.com/product/2917,https://www.kamehouse-db.com/product/2917?utm_source=mercari&utm_medium=cpc&utm_campaign=infeed_test,https://www.kamehouse-db.com/data/kamehouse/product/product_47613484.jpg,50,あり
2915,セル（FB02-083 C）,FB02 烈火の闘気 収録,FB02 烈火の闘気 > R以下,https://www.kamehouse-db.com/product/2915,https://www.kamehouse-db.com/product/2915?utm_source=mercari&utm_medium=cpc&utm_campaign=infeed_test,https://www.kamehouse-db.com/data/kamehouse/product/product_47613476.jpg,50,あり
2913,チチ（FB02-090 C）,FB02 烈火の闘気 収録,FB02 烈火の闘気 > R以下,https://www.kamehouse-db.com/product/2913,https://www.kamehouse-db.com/product/2913?utm_source=mercari&utm_medium=cpc&utm_campaign=infeed_test,https://www.kamehouse-db.com/data/kamehouse/product/product_47613440.jpg,50,あり
2912,トランクス:未来（FB02-092 C）,FB02 烈火の闘気 収録,FB02 烈火の闘気 > R以下,https://www.kamehouse-db.com/product/2912,https://www.kamehouse-db.com/product/2912?utm_source=mercari&utm_medium=cpc&utm_campaign=infeed_test,https://www.kamehouse-db.com/data/kamehouse/product/product_47613428.jpg,50,あり
2910,ヤムチャ（FB02-099 C）,FB02 烈火の闘気 収録,FB02 烈火の闘気 > R以下,https://www.kamehouse-db.com/product/2910,https://www.kamehouse-db.com/product/2910?utm_source=mercari&utm_medium=cpc&utm_campaign=infeed_test,https://www.kamehouse-db.com/data/kamehouse/product/product_47613400.jpg,50,あり
2908,仙豆（FB02-103 C）,FB02 烈火の闘気 収録,FB02 烈火の闘気 > R以下,https://www.kamehouse-db.com/product/2908,https://www.kamehouse-db.com/product/2908?utm_source=mercari&utm_medium=cpc&utm_campaign=infeed_test,https://www.kamehouse-db.com/data/kamehouse/product/product_47613384.jpg,50,あり
2907,ウイス（FB02-107 UC）,FB02 烈火の闘気 収録,FB02 烈火の闘気 > R以下,https://www.kamehouse-db.com/product/2907,https://www.kamehouse-db.com/product/2907?utm_source=mercari&utm_medium=cpc&utm_campaign=infeed_test,https://www.kamehouse-db.com/data/kamehouse/product/product_47613364.jpg,50,あり
2905,亀仙人（FB02-109 R）,FB02 烈火の闘気 収録,FB02 烈火の闘気 > R以下,https://www.kamehouse-db.com/product/2905,https://www.kamehouse-db.com/product/2905?utm_source=mercari&utm_medium=cpc&utm_campaign=infeed_test,https://www.kamehouse-db.com/data/kamehouse/product/product_47613356.jpg,50,あり
2904,ギニュー（FB02-110 R）,FB02 烈火の闘気 収録,FB02 烈火の闘気 > R以下,https://www.kamehouse-db.com/product/2904,https://www.kamehouse-db.com/product/2904?utm_source=mercari&utm_medium=cpc&utm_campaign=infeed_test,https://www.kamehouse-db.com/data/kamehouse/product/product_47613352.jpg,50,あり
2902,クリリン（FB02-112 C）,FB02 烈火の闘気 収録,FB02 烈火の闘気 > R以下,https://www.kamehouse-db.com/product/2902,https://www.kamehouse-db.com/product/2902?utm_source=mercari&utm_medium=cpc&utm_campaign=infeed_test,https://www.kamehouse-db.com/data/kamehouse/product/product_47613344.jpg,50,あり
2901,ゴテンクス（FB02-113 C）,FB02 烈火の闘気 収録,FB02 烈火の闘気 > R以下,https://www.kamehouse-db.com/product/2901,https://www.kamehouse-db.com/product/2901?utm_source=mercari&utm_medium=cpc&utm_campaign=infeed_test,https://www.kamehouse-db.com/data/kamehouse/product/product_47613340.jpg,50,あり
2899,孫悟空（FB02-117 C）,FB02 烈火の闘気 収録,FB02 烈火の闘気 > R以下,https://www.kamehouse-db.com/product/2899,https://www.kamehouse-db.com/product/2899?utm_source=mercari&utm_medium=cpc&utm_campaign=infeed_test,https://www.kamehouse-db.com/data/kamehouse/product/product_47613324.jpg,50,あり
2897,孫悟天（FB02-120 C）,FB02 烈火の闘気 収録,FB02 烈火の闘気 > R以下,https://www.kamehouse-db.com/product/2897,https://www.kamehouse-db.com/product/2897?utm_source=mercari&utm_medium=cpc&utm_campaign=infeed_test,https://www.kamehouse-db.com/data/kamehouse/product/product_47613308.jpg,50,あり
2896,孫悟飯:青年期（FB02-121 C）,FB02 烈火の闘気 収録,FB02 烈火の闘気 > R以下,https://www.kamehouse-db.com/product/2896,https://www.kamehouse-db.com/product/2896?utm_source=mercari&utm_medium=cpc&utm_campaign=infeed_test,https://www.kamehouse-db.com/data/kamehouse/product/product_47613304.jpg,50,あり
2894,トランクス:幼年期（FB02-124 C）,FB02 烈火の闘気 収録,FB02 烈火の闘気 > R以下,https://www.kamehouse-db.com/product/2894,https://www.kamehouse-db.com/product/2894?utm_source=mercari&utm_medium=cpc&utm_campaign=infeed_test,https://www.kamehouse-db.com/data/kamehouse/product/product_47613292.jpg,50,あり
2893,ビーデル（FB02-125 C）,FB02 烈火の闘気 収録,FB02 烈火の闘気 > R以下,https://www.kamehouse-db.com/product/2893,https://www.kamehouse-db.com/product/2893?utm_source=mercari&utm_medium=cpc&utm_campaign=infeed_test,https://www.kamehouse-db.com/data/kamehouse/product/product_47613288.jpg,50,あり
2891,ビルス（FB02-127 C）,FB02 烈火の闘気 収録,FB02 烈火の闘気 > R以下,https://www.kamehouse-db.com/product/2891,https://www.kamehouse-db.com/product/2891?utm_source=mercari&utm_medium=cpc&utm_campaign=infeed_test,https://www.kamehouse-db.com/data/kamehouse/product/product_47613280.jpg,50,あり
2890,ブルマ（FB02-129 C）,FB02 烈火の闘気 収録,FB02 烈火の闘気 > R以下,https://www.kamehouse-db.com/product/2890,https://www.kamehouse-db.com/product/2890?utm_source=mercari&utm_medium=cpc&utm_campaign=infeed_test,https://www.kamehouse-db.com/data/kamehouse/product/product_47613272.jpg,50,あり
2889,ベジータ（FB02-131 C）,FB02 烈火の闘気 収録,FB02 烈火の闘気 > R以下,https://www.kamehouse-db.com/product/2889,https://www.kamehouse-db.com/product/2889?utm_source=mercari&utm_medium=cpc&utm_campaign=infeed_test,https://www.kamehouse-db.com/data/kamehouse/product/product_47613260.jpg,50,あり
2887,メカフリーザ（FB02-134 C）,FB02 烈火の闘気 収録,FB02 烈火の闘気 > R以下,https://www.kamehouse-db.com/product/2887,https://www.kamehouse-db.com/product/2887?utm_source=mercari&utm_medium=cpc&utm_campaign=infeed_test,https://www.kamehouse-db.com/data/kamehouse/product/product_47613244.jpg,50,あり
2886,連続エネルギー弾（FB02-138 C）,FB02 烈火の闘気 収録,FB02 烈火の闘気 > R以下,https://www.kamehouse-db.com/product/2886,https://www.kamehouse-db.com/product/2886?utm_source=mercari&utm_medium=cpc&utm_campaign=infeed_test,https://www.kamehouse-db.com/data/kamehouse/product/product_47613228.jpg,50,あり
2885,孫悟空（FB02-001 L）,FB02 烈火の闘気 収録,FB02 烈火の闘気 > R以下,https://www.kamehouse-db.com/product/2885,https://www.kamehouse-db.com/product/2885?utm_source=mercari&utm_medium=cpc&utm_campaign=infeed_test,https://www.kamehouse-db.com/data/kamehouse/product/product_47613840.jpg,80,あり
2884,カトペスラ（FB02-004 R）,FB02 烈火の闘気 収録,FB02 烈火の闘気 > R以下,https://www.kamehouse-db.com/product/2884,https://www.kamehouse-db.com/product/2884?utm_source=mercari&utm_medium=cpc&utm_campaign=infeed_test,https://www.kamehouse-db.com/data/kamehouse/product/product_47613824.jpg,80,あり
2883,カリフラ（FB02-007 R）,FB02 烈火の闘気 収録,FB02 烈火の闘気 > R以下,https://www.kamehouse-db.com/product/2883,https://www.kamehouse-db.com/product/2883?utm_source=mercari&utm_medium=cpc&utm_campaign=infeed_test,https://www.kamehouse-db.com/data/kamehouse/product/product_47613812.jpg,80,あり
2882,キテラ（FB02-008 R）,FB02 烈火の闘気 収録,FB02 烈火の闘気 > R以下,https://www.kamehouse-db.com/product/2882,https://www.kamehouse-db.com/product/2882?utm_source=mercari&utm_medium=cpc&utm_campaign=infeed_test,https://www.kamehouse-db.com/data/kamehouse/product/product_47613808.jpg,80,あり
2880,バジル（FB02-020 C）,FB02 烈火の闘気 収録,FB02 烈火の闘気 > R以下,https://www.kamehouse-db.com/product/2880,https://www.kamehouse-db.com/product/2880?utm_source=mercari&utm_medium=cpc&utm_campaign=infeed_test,https://www.kamehouse-db.com/data/kamehouse/product/product_47613748.jpg,80,あり
2879,ピッコロ（FB02-022 C）,FB02 烈火の闘気 収録,FB02 烈火の闘気 > R以下,https://www.kamehouse-db.com/product/2879,https://www.kamehouse-db.com/product/2879?utm_source=mercari&utm_medium=cpc&utm_campaign=infeed_test,https://www.kamehouse-db.com/data/kamehouse/product/product_47613740.jpg,80,あり
2878,フリーザ（FB02-023 R）,FB02 烈火の闘気 収録,FB02 烈火の闘気 > R以下,https://www.kamehouse-db.com/product/2878,https://www.kamehouse-db.com/product/2878?utm_source=mercari&utm_medium=cpc&utm_campaign=infeed_test,https://www.kamehouse-db.com/data/kamehouse/product/product_47613736.jpg,80,あり
2877,ベジータ（FB02-024 UC）,FB02 烈火の闘気 収録,FB02 烈火の闘気 > R以下,https://www.kamehouse-db.com/product/2877,https://www.kamehouse-db.com/product/2877?utm_source=mercari&utm_medium=cpc&utm_campaign=infeed_test,https://www.kamehouse-db.com/data/kamehouse/product/product_47613732.jpg,80,あり
2876,ヘレス（FB02-026 R）,FB02 烈火の闘気 収録,FB02 烈火の闘気 > R以下,https://www.kamehouse-db.com/product/2876,https://www.kamehouse-db.com/product/2876?utm_source=mercari&utm_medium=cpc&utm_campaign=infeed_test,https://www.kamehouse-db.com/data/kamehouse/product/product_47613724.jpg,80,あり
2873,リブリアン（FB02-031 R）,FB02 烈火の闘気 収録,FB02 烈火の闘気 > R以下,https://www.kamehouse-db.com/product/2873,https://www.kamehouse-db.com/product/2873?utm_source=mercari&utm_medium=cpc&utm_campaign=infeed_test,https://www.kamehouse-db.com/data/kamehouse/product/product_47613704.jpg,80,あり
2872,窮地を救うバリア（FB02-033 R）,FB02 烈火の闘気 収録,FB02 烈火の闘気 > R以下,https://www.kamehouse-db.com/product/2872,https://www.kamehouse-db.com/product/2872?utm_source=mercari&utm_medium=cpc&utm_campaign=infeed_test,https://www.kamehouse-db.com/data/kamehouse/product/product_47613696.jpg,80,あり
2871,強者の激突（FB02-034 C）,FB02 烈火の闘気 収録,FB02 烈火の闘気 > R以下,https://www.kamehouse-db.com/product/2871,https://www.kamehouse-db.com/product/2871?utm_source=mercari&utm_medium=cpc&utm_campaign=infeed_test,https://www.kamehouse-db.com/data/kamehouse/product/product_47613692.jpg,80,あり
2870,身勝手の極意の片鱗（FB02-035 C）,FB02 烈火の闘気 収録,FB02 烈火の闘気 > R以下,https://www.kamehouse-db.com/product/2870,https://www.kamehouse-db.com/product/2870?utm_source=mercari&utm_medium=cpc&utm_campaign=infeed_test,https://www.kamehouse-db.com/data/kamehouse/product/product_47613688.jpg,80,あり
2869,ザマス:合体（FB02-036 L）,FB02 烈火の闘気 収録,FB02 烈火の闘気 > R以下,https://www.kamehouse-db.com/product/2869,https://www.kamehouse-db.com/product/2869?utm_source=mercari&utm_medium=cpc&utm_campaign=infeed_test,https://www.kamehouse-db.com/data/kamehouse/product/product_47613684.jpg,80,あり
2868,グレートサイヤマン（FB02-038 C）,FB02 烈火の闘気 収録,FB02 烈火の闘気 > R以下,https://www.kamehouse-db.com/product/2868,https://www.kamehouse-db.com/product/2868?utm_source=mercari&utm_medium=cpc&utm_campaign=infeed_test,https://www.kamehouse-db.com/data/kamehouse/product/product_47613672.jpg,80,あり
2867,ゴクウブラック（FB02-039 UC）,FB02 烈火の闘気 収録,FB02 烈火の闘気 > R以下,https://www.kamehouse-db.com/product/2867,https://www.kamehouse-db.com/product/2867?utm_source=mercari&utm_medium=cpc&utm_campaign=infeed_test,https://www.kamehouse-db.com/data/kamehouse/product/product_47613668.jpg,80,あり
2866,ゴクウブラック（FB02-040 R）,FB02 烈火の闘気 収録,FB02 烈火の闘気 > R以下,https://www.kamehouse-db.com/product/2866,https://www.kamehouse-db.com/product/2866?utm_source=mercari&utm_medium=cpc&utm_campaign=infeed_test,https://www.kamehouse-db.com/data/kamehouse/product/product_47613664.jpg,80,あり
2864,ザマス（FB02-042 R）,FB02 烈火の闘気 収録,FB02 烈火の闘気 > R以下,https://www.kamehouse-db.com/product/2864,https://www.kamehouse-db.com/product/2864?utm_source=mercari&utm_medium=cpc&utm_campaign=infeed_test,https://www.kamehouse-db.com/data/kamehouse/product/product_47613656.jpg,80,あり
2863,ザマス:合体（FB02-046 R）,FB02 烈火の闘気 収録,FB02 烈火の闘気 > R以下,https://www.kamehouse-db.com/product/2863,https://www.kamehouse-db.com/product/2863?utm_source=mercari&utm_medium=cpc&utm_campaign=infeed_test,https://www.kamehouse-db.com/data/kamehouse/product/product_47613632.jpg,80,あり
2862,シン（FB02-047 C）,FB02 烈火の闘気 収録,FB02 烈火の闘気 > R以下,https://www.kamehouse-db.com/product/2862,https://www.kamehouse-db.com/product/2862?utm_source=mercari&utm_medium=cpc&utm_campaign=infeed_test,https://www.kamehouse-db.com/data/kamehouse/product/product_47613628.jpg,180,あり
2860,ビーデル（FB02-054 R）,FB02 烈火の闘気 収録,FB02 烈火の闘気 > R以下,https://www.kamehouse-db.com/product/2860,https://www.kamehouse-db.com/product/2860?utm_source=mercari&utm_medium=cpc&utm_campaign=infeed_test,https://www.kamehouse-db.com/data/kamehouse/product/product_47613600.jpg,80,あり
2858,ブルマ（FB02-056 C）,FB02 烈火の闘気 収録,FB02 烈火の闘気 > R以下,https://www.kamehouse-db.com/product/2858,https://www.kamehouse-db.com/product/2858?utm_source=mercari&utm_medium=cpc&utm_campaign=infeed_test,https://www.kamehouse-db.com/data/kamehouse/product/product_47613592.jpg,80,あり
2857,ベジータ（FB02-058 R）,FB02 烈火の闘気 収録,FB02 烈火の闘気 > R以下,https://www.kamehouse-db.com/product/2857,https://www.kamehouse-db.com/product/2857?utm_source=mercari&utm_medium=cpc&utm_campaign=infeed_test,https://www.kamehouse-db.com/data/kamehouse/product/product_47613584.jpg,80,あり
2856,マイ:未来（FB02-062 C）,FB02 烈火の闘気 収録,FB02 烈火の闘気 > R以下,https://www.kamehouse-db.com/product/2856,https://www.kamehouse-db.com/product/2856?utm_source=mercari&utm_medium=cpc&utm_campaign=infeed_test,https://www.kamehouse-db.com/data/kamehouse/product/product_47613564.jpg,80,あり
2854,神の鉄槌（FB02-064 C）,FB02 烈火の闘気 収録,FB02 烈火の闘気 > R以下,https://www.kamehouse-db.com/product/2854,https://www.kamehouse-db.com/product/2854?utm_source=mercari&utm_medium=cpc&utm_campaign=infeed_test,https://www.kamehouse-db.com/data/kamehouse/product/product_47613556.jpg,80,あり
2853,邪悪なる力の融合（FB02-066 R）,FB02 烈火の闘気 収録,FB02 烈火の闘気 > R以下,https://www.kamehouse-db.com/product/2853,https://www.kamehouse-db.com/product/2853?utm_source=mercari&utm_medium=cpc&utm_campaign=infeed_test,https://www.kamehouse-db.com/data/kamehouse/product/product_47613548.jpg,80,あり
2851,時の指輪（FB02-069 C）,FB02 烈火の闘気 収録,FB02 烈火の闘気 > R以下,https://www.kamehouse-db.com/product/2851,https://www.kamehouse-db.com/product/2851?utm_source=mercari&utm_medium=cpc&utm_campaign=infeed_test,https://www.kamehouse-db.com/data/kamehouse/product/product_47613536.jpg,80,あり
2850,セル（FB02-070 L）,FB02 烈火の闘気 収録,FB02 烈火の闘気 > R以下,https://www.kamehouse-db.com/product/2850,https://www.kamehouse-db.com/product/2850?utm_source=mercari&utm_medium=cpc&utm_campaign=infeed_test,https://www.kamehouse-db.com/data/kamehouse/product/product_47613532.jpg,80,あり
2849,クリリン（FB02-074 R）,FB02 烈火の闘気 収録,FB02 烈火の闘気 > R以下,https://www.kamehouse-db.com/product/2849,https://www.kamehouse-db.com/product/2849?utm_source=mercari&utm_medium=cpc&utm_campaign=infeed_test,https://www.kamehouse-db.com/data/kamehouse/product/product_47613512.jpg,80,あり
2845,セルジュニア（FB02-085 R）,FB02 烈火の闘気 収録,FB02 烈火の闘気 > R以下,https://www.kamehouse-db.com/product/2845,https://www.kamehouse-db.com/product/2845?utm_source=mercari&utm_medium=cpc&utm_campaign=infeed_test,https://www.kamehouse-db.com/data/kamehouse/product/product_47613464.jpg,80,あり
2844,孫悟空（FB02-086 R）,FB02 烈火の闘気 収録,FB02 烈火の闘気 > R以下,https://www.kamehouse-db.com/product/2844,https://www.kamehouse-db.com/product/2844?utm_source=mercari&utm_medium=cpc&utm_campaign=infeed_test,https://www.kamehouse-db.com/data/kamehouse/product/product_47613460.jpg,80,あり
2841,ブルマ（FB02-095 C）,FB02 烈火の闘気 収録,FB02 烈火の闘気 > R以下,https://www.kamehouse-db.com/product/2841,https://www.kamehouse-db.com/product/2841?utm_source=mercari&utm_medium=cpc&utm_campaign=infeed_test,https://www.kamehouse-db.com/data/kamehouse/product/product_47613416.jpg,80,あり
2840,ブロリー:BR（FB02-096 R）,FB02 烈火の闘気 収録,FB02 烈火の闘気 > R以下,https://www.kamehouse-db.com/product/2840,https://www.kamehouse-db.com/product/2840?utm_source=mercari&utm_medium=cpc&utm_campaign=infeed_test,https://www.kamehouse-db.com/data/kamehouse/product/product_47613412.jpg,80,あり
2839,ベジータ（FB02-097 C）,FB02 烈火の闘気 収録,FB02 烈火の闘気 > R以下,https://www.kamehouse-db.com/product/2839,https://www.kamehouse-db.com/product/2839?utm_source=mercari&utm_medium=cpc&utm_campaign=infeed_test,https://www.kamehouse-db.com/data/kamehouse/product/product_47613408.jpg,80,あり
2838,ミスター・サタン（FB02-098 R）,FB02 烈火の闘気 収録,FB02 烈火の闘気 > R以下,https://www.kamehouse-db.com/product/2838,https://www.kamehouse-db.com/product/2838?utm_source=mercari&utm_medium=cpc&utm_campaign=infeed_test,https://www.kamehouse-db.com/data/kamehouse/product/product_47613404.jpg,80,あり
2836,セルゲーム会場（FB02-102 R）,FB02 烈火の闘気 収録,FB02 烈火の闘気 > R以下,https://www.kamehouse-db.com/product/2836,https://www.kamehouse-db.com/product/2836?utm_source=mercari&utm_medium=cpc&utm_campaign=infeed_test,https://www.kamehouse-db.com/data/kamehouse/product/product_47613388.jpg,80,あり
2835,ベジータ（FB02-105 L）,FB02 烈火の闘気 収録,FB02 烈火の闘気 > R以下,https://www.kamehouse-db.com/product/2835,https://www.kamehouse-db.com/product/2835?utm_source=mercari&utm_medium=cpc&utm_campaign=infeed_test,https://www.kamehouse-db.com/data/kamehouse/product/product_47613376.jpg,80,あり
2834,ウイス（FB02-106 R）,FB02 烈火の闘気 収録,FB02 烈火の闘気 > R以下,https://www.kamehouse-db.com/product/2834,https://www.kamehouse-db.com/product/2834?utm_source=mercari&utm_medium=cpc&utm_campaign=infeed_test,https://www.kamehouse-db.com/data/kamehouse/product/product_47613368.jpg,80,あり
2832,人造人間18号（FB02-116 R）,FB02 烈火の闘気 収録,FB02 烈火の闘気 > R以下,https://www.kamehouse-db.com/product/2832,https://www.kamehouse-db.com/product/2832?utm_source=mercari&utm_medium=cpc&utm_campaign=infeed_test,https://www.kamehouse-db.com/data/kamehouse/product/product_47613328.jpg,80,あり
2831,孫悟飯:青年期（FB02-122 R）,FB02 烈火の闘気 収録,FB02 烈火の闘気 > R以下,https://www.kamehouse-db.com/product/2831,https://www.kamehouse-db.com/product/2831?utm_source=mercari&utm_medium=cpc&utm_campaign=infeed_test,https://www.kamehouse-db.com/data/kamehouse/product/product_47613300.jpg,80,あり
2830,フリーザ（FB02-128 R）,FB02 烈火の闘気 収録,FB02 烈火の闘気 > R以下,https://www.kamehouse-db.com/product/2830,https://www.kamehouse-db.com/product/2830?utm_source=mercari&utm_medium=cpc&utm_campaign=infeed_test,https://www.kamehouse-db.com/data/kamehouse/product/product_47613276.jpg,80,あり
2828,巻き戻される時間（FB02-137 R）,FB02 烈火の闘気 収録,FB02 烈火の闘気 > R以下,https://www.kamehouse-db.com/product/2828,https://www.kamehouse-db.com/product/2828?utm_source=mercari&utm_medium=cpc&utm_campaign=infeed_test,https://www.kamehouse-db.com/data/kamehouse/product/product_47613232.jpg,80,あり
2818,神様（FB02-071 C）,SB01 MANGA BOOSTER 01 収録,SB01 MANGA BOOSTER 01 > R以下,https://www.kamehouse-db.com/product/2818,https://www.kamehouse-db.com/product/2818?utm_source=mercari&utm_medium=cpc&utm_campaign=infeed_test,https://www.kamehouse-db.com/data/kamehouse/product/product_47608624.jpg,80,あり
2817,セルジュニア（FB02-085 R）,SB01 MANGA BOOSTER 01 収録,SB01 MANGA BOOSTER 01 > R以下,https://www.kamehouse-db.com/product/2817,https://www.kamehouse-db.com/product/2817?utm_source=mercari&utm_medium=cpc&utm_campaign=infeed_test,https://www.kamehouse-db.com/data/kamehouse/product/product_47608616.jpg,80,あり
2816,孫悟天（FB02-052 C）,FB02 烈火の闘気 収録,FB02 烈火の闘気 > R以下,https://www.kamehouse-db.com/product/2816,https://www.kamehouse-db.com/product/2816?utm_source=mercari&utm_medium=cpc&utm_campaign=infeed_test,https://www.kamehouse-db.com/data/kamehouse/product/product_47613608.jpg,180,あり
2813,クリリン（FB02-074 R）,SB01 MANGA BOOSTER 01 収録,SB01 MANGA BOOSTER 01 > R以下,https://www.kamehouse-db.com/product/2813,https://www.kamehouse-db.com/product/2813?utm_source=mercari&utm_medium=cpc&utm_campaign=infeed_test,https://www.kamehouse-db.com/data/kamehouse/product/product_47608620.jpg,120,あり
2812,全王（FB02-049 R）,FB02 烈火の闘気 収録,FB02 烈火の闘気 > R以下,https://www.kamehouse-db.com/product/2812,https://www.kamehouse-db.com/product/2812?utm_source=mercari&utm_medium=cpc&utm_campaign=infeed_test,https://www.kamehouse-db.com/data/kamehouse/product/product_47613620.jpg,120,あり
2810,地球を破壊する一撃（FB02-104 R）,FB02 烈火の闘気 収録,FB02 烈火の闘気 > R以下,https://www.kamehouse-db.com/product/2810,https://www.kamehouse-db.com/product/2810?utm_source=mercari&utm_medium=cpc&utm_campaign=infeed_test,https://www.kamehouse-db.com/data/kamehouse/product/product_47613380.jpg,180,あり
2809,蒼き力の覚醒（FB02-136 UC）,FB02 烈火の闘気 収録,FB02 烈火の闘気 > R以下,https://www.kamehouse-db.com/product/2809,https://www.kamehouse-db.com/product/2809?utm_source=mercari&utm_medium=cpc&utm_campaign=infeed_test,https://www.kamehouse-db.com/data/kamehouse/product/product_47613236.jpg,120,あり
2808,魔人ブウ:純粋悪（FB03-091 UC）,FB03 怒りの咆哮 収録,FB03 怒りの咆哮 > R以下,https://www.kamehouse-db.com/product/2808,https://www.kamehouse-db.com/product/2808?utm_source=mercari&utm_medium=cpc&utm_campaign=infeed_test,https://www.kamehouse-db.com/data/kamehouse/product/product_47612560.jpg,50,あり
2807,魔人ブウ（FB03-092 C）,FB03 怒りの咆哮 収録,FB03 怒りの咆哮 > R以下,https://www.kamehouse-db.com/product/2807,https://www.kamehouse-db.com/product/2807?utm_source=mercari&utm_medium=cpc&utm_campaign=infeed_test,https://www.kamehouse-db.com/data/kamehouse/product/product_47612556.jpg,50,あり
2806,リクーム（FB03-097 UC）,FB03 怒りの咆哮 収録,FB03 怒りの咆哮 > R以下,https://www.kamehouse-db.com/product/2806,https://www.kamehouse-db.com/product/2806?utm_source=mercari&utm_medium=cpc&utm_campaign=infeed_test,https://www.kamehouse-db.com/data/kamehouse/product/product_47612532.jpg,50,あり
2805,アメ玉になっちゃえ（FB03-098 C）,FB03 怒りの咆哮 収録,FB03 怒りの咆哮 > R以下,https://www.kamehouse-db.com/product/2805,https://www.kamehouse-db.com/product/2805?utm_source=mercari&utm_medium=cpc&utm_campaign=infeed_test,https://www.kamehouse-db.com/data/kamehouse/product/product_47612528.jpg,50,あり
2804,エネルギー吸収（FB03-099 C）,FB03 怒りの咆哮 収録,FB03 怒りの咆哮 > R以下,https://www.kamehouse-db.com/product/2804,https://www.kamehouse-db.com/product/2804?utm_source=mercari&utm_medium=cpc&utm_campaign=infeed_test,https://www.kamehouse-db.com/data/kamehouse/product/product_47612524.jpg,50,あり
2803,パッパラパー（FB03-100 C）,FB03 怒りの咆哮 収録,FB03 怒りの咆哮 > R以下,https://www.kamehouse-db.com/product/2803,https://www.kamehouse-db.com/product/2803?utm_source=mercari&utm_medium=cpc&utm_campaign=infeed_test,https://www.kamehouse-db.com/data/kamehouse/product/product_47612520.jpg,50,あり
2802,バビディの宇宙船（FB03-101 R）,FB03 怒りの咆哮 収録,FB03 怒りの咆哮 > R以下,https://www.kamehouse-db.com/product/2802,https://www.kamehouse-db.com/product/2802?utm_source=mercari&utm_medium=cpc&utm_campaign=infeed_test,https://www.kamehouse-db.com/data/kamehouse/product/product_47612516.jpg,50,あり
2801,封印されし魔人（FB03-103 C）,FB03 怒りの咆哮 収録,FB03 怒りの咆哮 > R以下,https://www.kamehouse-db.com/product/2801,https://www.kamehouse-db.com/product/2801?utm_source=mercari&utm_medium=cpc&utm_campaign=infeed_test,https://www.kamehouse-db.com/data/kamehouse/product/product_47612508.jpg,50,あり
2800,ウーブ:GT（FB03-105 R）,FB03 怒りの咆哮 収録,FB03 怒りの咆哮 > R以下,https://www.kamehouse-db.com/product/2800,https://www.kamehouse-db.com/product/2800?utm_source=mercari&utm_medium=cpc&utm_campaign=infeed_test,https://www.kamehouse-db.com/data/kamehouse/product/product_47612496.jpg,50,あり
2799,黄金大猿孫悟空（FB03-106 C）,FB03 怒りの咆哮 収録,FB03 怒りの咆哮 > R以下,https://www.kamehouse-db.com/product/2799,https://www.kamehouse-db.com/product/2799?utm_source=mercari&utm_medium=cpc&utm_campaign=infeed_test,https://www.kamehouse-db.com/data/kamehouse/product/product_47612492.jpg,50,あり
2798,ギネ:BR（FB03-107 UC）,FB03 怒りの咆哮 収録,FB03 怒りの咆哮 > R以下,https://www.kamehouse-db.com/product/2798,https://www.kamehouse-db.com/product/2798?utm_source=mercari&utm_medium=cpc&utm_campaign=infeed_test,https://www.kamehouse-db.com/data/kamehouse/product/product_47612488.jpg,50,あり
2797,ズーナマー（FB03-109 C）,FB03 怒りの咆哮 収録,FB03 怒りの咆哮 > R以下,https://www.kamehouse-db.com/product/2797,https://www.kamehouse-db.com/product/2797?utm_source=mercari&utm_medium=cpc&utm_campaign=infeed_test,https://www.kamehouse-db.com/data/kamehouse/product/product_47612480.jpg,50,あり
2796,チルド（FB03-115 UC）,FB03 怒りの咆哮 収録,FB03 怒りの咆哮 > R以下,https://www.kamehouse-db.com/product/2796,https://www.kamehouse-db.com/product/2796?utm_source=mercari&utm_medium=cpc&utm_campaign=infeed_test,https://www.kamehouse-db.com/data/kamehouse/product/product_47612452.jpg,50,あり
2795,トオロ（FB03-116 UC）,FB03 怒りの咆哮 収録,FB03 怒りの咆哮 > R以下,https://www.kamehouse-db.com/product/2795,https://www.kamehouse-db.com/product/2795?utm_source=mercari&utm_medium=cpc&utm_campaign=infeed_test,https://www.kamehouse-db.com/data/kamehouse/product/product_47612448.jpg,50,あり
2794,Dr.ミュー（FB03-117 C）,FB03 怒りの咆哮 収録,FB03 怒りの咆哮 > R以下,https://www.kamehouse-db.com/product/2794,https://www.kamehouse-db.com/product/2794?utm_source=mercari&utm_medium=cpc&utm_campaign=infeed_test,https://www.kamehouse-db.com/data/kamehouse/product/product_47612444.jpg,50,あり
2793,トランクス:GT（FB03-118 UC）,FB03 怒りの咆哮 収録,FB03 怒りの咆哮 > R以下,https://www.kamehouse-db.com/product/2793,https://www.kamehouse-db.com/product/2793?utm_source=mercari&utm_medium=cpc&utm_campaign=infeed_test,https://www.kamehouse-db.com/data/kamehouse/product/product_47612440.jpg,50,あり
2792,ドルタッキー（FB03-120 UC）,FB03 怒りの咆哮 収録,FB03 怒りの咆哮 > R以下,https://www.kamehouse-db.com/product/2792,https://www.kamehouse-db.com/product/2792?utm_source=mercari&utm_medium=cpc&utm_campaign=infeed_test,https://www.kamehouse-db.com/data/kamehouse/product/product_47612432.jpg,50,あり
2791,バーダック:BR（FB03-122 UC）,FB03 怒りの咆哮 収録,FB03 怒りの咆哮 > R以下,https://www.kamehouse-db.com/product/2791,https://www.kamehouse-db.com/product/2791?utm_source=mercari&utm_medium=cpc&utm_campaign=infeed_test,https://www.kamehouse-db.com/data/kamehouse/product/product_47612420.jpg,50,あり
2790,ピッコロ:GT（FB03-126 C）,FB03 怒りの咆哮 収録,FB03 怒りの咆哮 > R以下,https://www.kamehouse-db.com/product/2790,https://www.kamehouse-db.com/product/2790?utm_source=mercari&utm_medium=cpc&utm_campaign=infeed_test,https://www.kamehouse-db.com/data/kamehouse/product/product_47612400.jpg,50,あり
2789,ブルマ:GT（FB03-128 R）,FB03 怒りの咆哮 収録,FB03 怒りの咆哮 > R以下,https://www.kamehouse-db.com/product/2789,https://www.kamehouse-db.com/product/2789?utm_source=mercari&utm_medium=cpc&utm_campaign=infeed_test,https://www.kamehouse-db.com/data/kamehouse/product/product_47612392.jpg,50,あり
2788,ベジータ:GT（FB03-129 C）,FB03 怒りの咆哮 収録,FB03 怒りの咆哮 > R以下,https://www.kamehouse-db.com/product/2788,https://www.kamehouse-db.com/product/2788?utm_source=mercari&utm_medium=cpc&utm_campaign=infeed_test,https://www.kamehouse-db.com/data/kamehouse/product/product_47612388.jpg,50,あり
2787,ベジータ:少年期BR（FB03-130 C）,FB03 怒りの咆哮 収録,FB03 怒りの咆哮 > R以下,https://www.kamehouse-db.com/product/2787,https://www.kamehouse-db.com/product/2787?utm_source=mercari&utm_medium=cpc&utm_campaign=infeed_test,https://www.kamehouse-db.com/data/kamehouse/product/product_47612384.jpg,50,あり
2786,魔人ブウ:GT（FB03-131 C）,FB03 怒りの咆哮 収録,FB03 怒りの咆哮 > R以下,https://www.kamehouse-db.com/product/2786,https://www.kamehouse-db.com/product/2786?utm_source=mercari&utm_medium=cpc&utm_campaign=infeed_test,https://www.kamehouse-db.com/data/kamehouse/product/product_47612380.jpg,50,あり
2785,ルード（FB03-133 C）,FB03 怒りの咆哮 収録,FB03 怒りの咆哮 > R以下,https://www.kamehouse-db.com/product/2785,https://www.kamehouse-db.com/product/2785?utm_source=mercari&utm_medium=cpc&utm_campaign=infeed_test,https://www.kamehouse-db.com/data/kamehouse/product/product_47612372.jpg,50,あり
2784,レジック（FB03-134 R）,FB03 怒りの咆哮 収録,FB03 怒りの咆哮 > R以下,https://www.kamehouse-db.com/product/2784,https://www.kamehouse-db.com/product/2784?utm_source=mercari&utm_medium=cpc&utm_campaign=infeed_test,https://www.kamehouse-db.com/data/kamehouse/product/product_47612368.jpg,50,あり
2783,希望の宇宙船（FB03-136 C）,FB03 怒りの咆哮 収録,FB03 怒りの咆哮 > R以下,https://www.kamehouse-db.com/product/2783,https://www.kamehouse-db.com/product/2783?utm_source=mercari&utm_medium=cpc&utm_campaign=infeed_test,https://www.kamehouse-db.com/data/kamehouse/product/product_47612360.jpg,50,あり
2782,理性を持った大猿（FB03-138 C）,FB03 怒りの咆哮 収録,FB03 怒りの咆哮 > R以下,https://www.kamehouse-db.com/product/2782,https://www.kamehouse-db.com/product/2782?utm_source=mercari&utm_medium=cpc&utm_campaign=infeed_test,https://www.kamehouse-db.com/data/kamehouse/product/product_47612352.jpg,50,あり
2781,ブルマ（FB03-071 C）,SB02 MANGA BOOSTER 02 収録,SB02 MANGA BOOSTER 02 > R以下,https://www.kamehouse-db.com/product/2781,https://www.kamehouse-db.com/product/2781?utm_source=mercari&utm_medium=cpc&utm_campaign=infeed_test,https://www.kamehouse-db.com/data/kamehouse/product/product_50808088.jpg,50,あり
2780,ダーブラ（FB03-081 UC）,SB02 MANGA BOOSTER 02 収録,SB02 MANGA BOOSTER 02 > R以下,https://www.kamehouse-db.com/product/2780,https://www.kamehouse-db.com/product/2780?utm_source=mercari&utm_medium=cpc&utm_campaign=infeed_test,https://www.kamehouse-db.com/data/kamehouse/product/product_50808084.jpg,50,あり
2779,ジレン（FB03-001 L）,FB03 怒りの咆哮 収録,FB03 怒りの咆哮 > R以下,https://www.kamehouse-db.com/product/2779,https://www.kamehouse-db.com/product/2779?utm_source=mercari&utm_medium=cpc&utm_campaign=infeed_test,https://www.kamehouse-db.com/data/kamehouse/product/product_47612968.jpg,80,あり
2778,カーセラル（FB03-002 R）,FB03 怒りの咆哮 収録,FB03 怒りの咆哮 > R以下,https://www.kamehouse-db.com/product/2778,https://www.kamehouse-db.com/product/2778?utm_source=mercari&utm_medium=cpc&utm_campaign=infeed_test,https://www.kamehouse-db.com/data/kamehouse/product/product_47612960.jpg,80,あり
2777,カイ（FB03-003 C）,FB03 怒りの咆哮 収録,FB03 怒りの咆哮 > R以下,https://www.kamehouse-db.com/product/2777,https://www.kamehouse-db.com/product/2777?utm_source=mercari&utm_medium=cpc&utm_campaign=infeed_test,https://www.kamehouse-db.com/data/kamehouse/product/product_47612956.jpg,80,あり
2776,キャベ（FB03-004 R）,FB03 怒りの咆哮 収録,FB03 怒りの咆哮 > R以下,https://www.kamehouse-db.com/product/2776,https://www.kamehouse-db.com/product/2776?utm_source=mercari&utm_medium=cpc&utm_campaign=infeed_test,https://www.kamehouse-db.com/data/kamehouse/product/product_47612952.jpg,80,あり
2774,ココット（FB03-008 UC）,FB03 怒りの咆哮 収録,FB03 怒りの咆哮 > R以下,https://www.kamehouse-db.com/product/2774,https://www.kamehouse-db.com/product/2774?utm_source=mercari&utm_medium=cpc&utm_campaign=infeed_test,https://www.kamehouse-db.com/data/kamehouse/product/product_47612936.jpg,80,あり
2773,ディスポ（FB03-014 R）,FB03 怒りの咆哮 収録,FB03 怒りの咆哮 > R以下,https://www.kamehouse-db.com/product/2773,https://www.kamehouse-db.com/product/2773?utm_source=mercari&utm_medium=cpc&utm_campaign=infeed_test,https://www.kamehouse-db.com/data/kamehouse/product/product_47612908.jpg,80,あり
2772,ビルス（FB03-018 R）,FB03 怒りの咆哮 収録,FB03 怒りの咆哮 > R以下,https://www.kamehouse-db.com/product/2772,https://www.kamehouse-db.com/product/2772?utm_source=mercari&utm_medium=cpc&utm_campaign=infeed_test,https://www.kamehouse-db.com/data/kamehouse/product/product_47612888.jpg,80,あり
2771,ブーオン（FB03-019 UC）,FB03 怒りの咆哮 収録,FB03 怒りの咆哮 > R以下,https://www.kamehouse-db.com/product/2771,https://www.kamehouse-db.com/product/2771?utm_source=mercari&utm_medium=cpc&utm_campaign=infeed_test,https://www.kamehouse-db.com/data/kamehouse/product/product_47612884.jpg,80,あり
2770,ベルモッド（FB03-021 UC）,FB03 怒りの咆哮 収録,FB03 怒りの咆哮 > R以下,https://www.kamehouse-db.com/product/2770,https://www.kamehouse-db.com/product/2770?utm_source=mercari&utm_medium=cpc&utm_campaign=infeed_test,https://www.kamehouse-db.com/data/kamehouse/product/product_47612872.jpg,80,あり
2769,マルカリータ（FB03-022 C）,FB03 怒りの咆哮 収録,FB03 怒りの咆哮 > R以下,https://www.kamehouse-db.com/product/2769,https://www.kamehouse-db.com/product/2769?utm_source=mercari&utm_medium=cpc&utm_campaign=infeed_test,https://www.kamehouse-db.com/data/kamehouse/product/product_47612868.jpg,80,あり
2768,終わりだ（FB03-023 R）,FB03 怒りの咆哮 収録,FB03 怒りの咆哮 > R以下,https://www.kamehouse-db.com/product/2768,https://www.kamehouse-db.com/product/2768?utm_source=mercari&utm_medium=cpc&utm_campaign=infeed_test,https://www.kamehouse-db.com/data/kamehouse/product/product_47612864.jpg,80,あり
2767,孫悟空（FB03-027 L）,FB03 怒りの咆哮 収録,FB03 怒りの咆哮 > R以下,https://www.kamehouse-db.com/product/2767,https://www.kamehouse-db.com/product/2767?utm_source=mercari&utm_medium=cpc&utm_campaign=infeed_test,https://www.kamehouse-db.com/data/kamehouse/product/product_47612848.jpg,80,あり
2765,シャプナー（FB03-033 UC）,FB03 怒りの咆哮 収録,FB03 怒りの咆哮 > R以下,https://www.kamehouse-db.com/product/2765,https://www.kamehouse-db.com/product/2765?utm_source=mercari&utm_medium=cpc&utm_campaign=infeed_test,https://www.kamehouse-db.com/data/kamehouse/product/product_47612820.jpg,80,あり
2764,人造人間18号（FB03-035 UC）,FB03 怒りの咆哮 収録,FB03 怒りの咆哮 > R以下,https://www.kamehouse-db.com/product/2764,https://www.kamehouse-db.com/product/2764?utm_source=mercari&utm_medium=cpc&utm_campaign=infeed_test,https://www.kamehouse-db.com/data/kamehouse/product/product_47612812.jpg,80,あり
2763,孫悟飯:青年期（FB03-038 C）,FB03 怒りの咆哮 収録,FB03 怒りの咆哮 > R以下,https://www.kamehouse-db.com/product/2763,https://www.kamehouse-db.com/product/2763?utm_source=mercari&utm_medium=cpc&utm_campaign=infeed_test,https://www.kamehouse-db.com/data/kamehouse/product/product_47612800.jpg,80,あり
2762,トランクス:未来（FB03-040 R）,FB03 怒りの咆哮 収録,FB03 怒りの咆哮 > R以下,https://www.kamehouse-db.com/product/2762,https://www.kamehouse-db.com/product/2762?utm_source=mercari&utm_medium=cpc&utm_campaign=infeed_test,https://www.kamehouse-db.com/data/kamehouse/product/product_47612788.jpg,80,あり
2760,ベジータ（FB03-047 R）,FB03 怒りの咆哮 収録,FB03 怒りの咆哮 > R以下,https://www.kamehouse-db.com/product/2760,https://www.kamehouse-db.com/product/2760?utm_source=mercari&utm_medium=cpc&utm_campaign=infeed_test,https://www.kamehouse-db.com/data/kamehouse/product/product_47612756.jpg,80,あり
2759,ミスター・サタン（FB03-049 R）,FB03 怒りの咆哮 収録,FB03 怒りの咆哮 > R以下,https://www.kamehouse-db.com/product/2759,https://www.kamehouse-db.com/product/2759?utm_source=mercari&utm_medium=cpc&utm_campaign=infeed_test,https://www.kamehouse-db.com/data/kamehouse/product/product_47612748.jpg,80,あり
2758,ベジータ（FB03-088 C）,FB03 怒りの咆哮 収録,FB03 怒りの咆哮 > R以下,https://www.kamehouse-db.com/product/2758,https://www.kamehouse-db.com/product/2758?utm_source=mercari&utm_medium=cpc&utm_campaign=infeed_test,https://www.kamehouse-db.com/data/kamehouse/product/product_47612576.jpg,50,あり
2757,バビディ（FB03-084 C）,FB03 怒りの咆哮 収録,FB03 怒りの咆哮 > R以下,https://www.kamehouse-db.com/product/2757,https://www.kamehouse-db.com/product/2757?utm_source=mercari&utm_medium=cpc&utm_campaign=infeed_test,https://www.kamehouse-db.com/data/kamehouse/product/product_47612592.jpg,50,あり
2756,バビディ（FB03-083 R）,FB03 怒りの咆哮 収録,FB03 怒りの咆哮 > R以下,https://www.kamehouse-db.com/product/2756,https://www.kamehouse-db.com/product/2756?utm_source=mercari&utm_medium=cpc&utm_campaign=infeed_test,https://www.kamehouse-db.com/data/kamehouse/product/product_47612596.jpg,50,あり
2755,ダーブラ（FB03-082 UC）,FB03 怒りの咆哮 収録,FB03 怒りの咆哮 > R以下,https://www.kamehouse-db.com/product/2755,https://www.kamehouse-db.com/product/2755?utm_source=mercari&utm_medium=cpc&utm_campaign=infeed_test,https://www.kamehouse-db.com/data/kamehouse/product/product_47612600.jpg,50,あり
2754,ダーブラ（FB03-081 UC）,FB03 怒りの咆哮 収録,FB03 怒りの咆哮 > R以下,https://www.kamehouse-db.com/product/2754,https://www.kamehouse-db.com/product/2754?utm_source=mercari&utm_medium=cpc&utm_campaign=infeed_test,https://www.kamehouse-db.com/data/kamehouse/product/product_47612604.jpg,50,あり
2753,スポポビッチ（FB03-079 C）,FB03 怒りの咆哮 収録,FB03 怒りの咆哮 > R以下,https://www.kamehouse-db.com/product/2753,https://www.kamehouse-db.com/product/2753?utm_source=mercari&utm_medium=cpc&utm_campaign=infeed_test,https://www.kamehouse-db.com/data/kamehouse/product/product_47612612.jpg,50,あり
2752,スカウター（FB03-076 C）,FB03 怒りの咆哮 収録,FB03 怒りの咆哮 > R以下,https://www.kamehouse-db.com/product/2752,https://www.kamehouse-db.com/product/2752?utm_source=mercari&utm_medium=cpc&utm_campaign=infeed_test,https://www.kamehouse-db.com/data/kamehouse/product/product_47612628.jpg,50,あり
2750,ラディッツ（FB03-074 R）,FB03 怒りの咆哮 収録,FB03 怒りの咆哮 > R以下,https://www.kamehouse-db.com/product/2750,https://www.kamehouse-db.com/product/2750?utm_source=mercari&utm_medium=cpc&utm_campaign=infeed_test,https://www.kamehouse-db.com/data/kamehouse/product/product_47612636.jpg,50,あり
2749,ブルマ（FB03-071 C）,FB03 怒りの咆哮 収録,FB03 怒りの咆哮 > R以下,https://www.kamehouse-db.com/product/2749,https://www.kamehouse-db.com/product/2749?utm_source=mercari&utm_medium=cpc&utm_campaign=infeed_test,https://www.kamehouse-db.com/data/kamehouse/product/product_47612648.jpg,50,あり
2748,ピッコロ（FB03-069 C）,FB03 怒りの咆哮 収録,FB03 怒りの咆哮 > R以下,https://www.kamehouse-db.com/product/2748,https://www.kamehouse-db.com/product/2748?utm_source=mercari&utm_medium=cpc&utm_campaign=infeed_test,https://www.kamehouse-db.com/data/kamehouse/product/product_47612660.jpg,50,あり
2747,バブルス（FB03-068 UC）,FB03 怒りの咆哮 収録,FB03 怒りの咆哮 > R以下,https://www.kamehouse-db.com/product/2747,https://www.kamehouse-db.com/product/2747?utm_source=mercari&utm_medium=cpc&utm_campaign=infeed_test,https://www.kamehouse-db.com/data/kamehouse/product/product_47612664.jpg,50,あり
2745,孫悟飯:幼年期（FB03-065 C）,FB03 怒りの咆哮 収録,FB03 怒りの咆哮 > R以下,https://www.kamehouse-db.com/product/2745,https://www.kamehouse-db.com/product/2745?utm_source=mercari&utm_medium=cpc&utm_campaign=infeed_test,https://www.kamehouse-db.com/data/kamehouse/product/product_47612676.jpg,50,あり
2744,孫悟空（FB03-063 C）,FB03 怒りの咆哮 収録,FB03 怒りの咆哮 > R以下,https://www.kamehouse-db.com/product/2744,https://www.kamehouse-db.com/product/2744?utm_source=mercari&utm_medium=cpc&utm_campaign=infeed_test,https://www.kamehouse-db.com/data/kamehouse/product/product_47612688.jpg,50,あり
2743,戦闘力5のおじさん（FB03-062 C）,FB03 怒りの咆哮 収録,FB03 怒りの咆哮 > R以下,https://www.kamehouse-db.com/product/2743,https://www.kamehouse-db.com/product/2743?utm_source=mercari&utm_medium=cpc&utm_campaign=infeed_test,https://www.kamehouse-db.com/data/kamehouse/product/product_47612692.jpg,50,あり
2742,セル（FB03-060 UC）,FB03 怒りの咆哮 収録,FB03 怒りの咆哮 > R以下,https://www.kamehouse-db.com/product/2742,https://www.kamehouse-db.com/product/2742?utm_source=mercari&utm_medium=cpc&utm_campaign=infeed_test,https://www.kamehouse-db.com/data/kamehouse/product/product_47612700.jpg,50,あり
2741,人造人間17号（FB03-059 R）,FB03 怒りの咆哮 収録,FB03 怒りの咆哮 > R以下,https://www.kamehouse-db.com/product/2741,https://www.kamehouse-db.com/product/2741?utm_source=mercari&utm_medium=cpc&utm_campaign=infeed_test,https://www.kamehouse-db.com/data/kamehouse/product/product_47612704.jpg,50,あり
2740,グレゴリー（FB03-058 UC）,FB03 怒りの咆哮 収録,FB03 怒りの咆哮 > R以下,https://www.kamehouse-db.com/product/2740,https://www.kamehouse-db.com/product/2740?utm_source=mercari&utm_medium=cpc&utm_campaign=infeed_test,https://www.kamehouse-db.com/data/kamehouse/product/product_47612708.jpg,50,あり
2739,閻魔大王（FB03-054 C）,FB03 怒りの咆哮 収録,FB03 怒りの咆哮 > R以下,https://www.kamehouse-db.com/product/2739,https://www.kamehouse-db.com/product/2739?utm_source=mercari&utm_medium=cpc&utm_campaign=infeed_test,https://www.kamehouse-db.com/data/kamehouse/product/product_47612724.jpg,50,あり
2738,ピッコロ（FB03-053 L）,FB03 怒りの咆哮 収録,FB03 怒りの咆哮 > R以下,https://www.kamehouse-db.com/product/2738,https://www.kamehouse-db.com/product/2738?utm_source=mercari&utm_medium=cpc&utm_campaign=infeed_test,https://www.kamehouse-db.com/data/kamehouse/product/product_47612732.jpg,50,あり
2737,マイティマスク（FB03-048 UC）,FB03 怒りの咆哮 収録,FB03 怒りの咆哮 > R以下,https://www.kamehouse-db.com/product/2737,https://www.kamehouse-db.com/product/2737?utm_source=mercari&utm_medium=cpc&utm_campaign=infeed_test,https://www.kamehouse-db.com/data/kamehouse/product/product_47612752.jpg,50,あり
2736,ビルス（FB03-045 R）,FB03 怒りの咆哮 収録,FB03 怒りの咆哮 > R以下,https://www.kamehouse-db.com/product/2736,https://www.kamehouse-db.com/product/2736?utm_source=mercari&utm_medium=cpc&utm_campaign=infeed_test,https://www.kamehouse-db.com/data/kamehouse/product/product_47612764.jpg,50,あり
2735,ピッコロ（FB03-044 C）,FB03 怒りの咆哮 収録,FB03 怒りの咆哮 > R以下,https://www.kamehouse-db.com/product/2735,https://www.kamehouse-db.com/product/2735?utm_source=mercari&utm_medium=cpc&utm_campaign=infeed_test,https://www.kamehouse-db.com/data/kamehouse/product/product_47612768.jpg,50,あり
2734,ビーデル（FB03-043 C）,FB03 怒りの咆哮 収録,FB03 怒りの咆哮 > R以下,https://www.kamehouse-db.com/product/2734,https://www.kamehouse-db.com/product/2734?utm_source=mercari&utm_medium=cpc&utm_campaign=infeed_test,https://www.kamehouse-db.com/data/kamehouse/product/product_47612772.jpg,50,あり
2733,トランクス:幼年期（FB03-041 C）,FB03 怒りの咆哮 収録,FB03 怒りの咆哮 > R以下,https://www.kamehouse-db.com/product/2733,https://www.kamehouse-db.com/product/2733?utm_source=mercari&utm_medium=cpc&utm_campaign=infeed_test,https://www.kamehouse-db.com/data/kamehouse/product/product_47612784.jpg,50,あり
2732,孫悟空（FB03-036 UC）,FB03 怒りの咆哮 収録,FB03 怒りの咆哮 > R以下,https://www.kamehouse-db.com/product/2732,https://www.kamehouse-db.com/product/2732?utm_source=mercari&utm_medium=cpc&utm_campaign=infeed_test,https://www.kamehouse-db.com/data/kamehouse/product/product_47612808.jpg,50,あり
2731,シン（FB03-034 C）,FB03 怒りの咆哮 収録,FB03 怒りの咆哮 > R以下,https://www.kamehouse-db.com/product/2731,https://www.kamehouse-db.com/product/2731?utm_source=mercari&utm_medium=cpc&utm_campaign=infeed_test,https://www.kamehouse-db.com/data/kamehouse/product/product_47612816.jpg,50,あり
2729,クリリン（FB03-031 C）,FB03 怒りの咆哮 収録,FB03 怒りの咆哮 > R以下,https://www.kamehouse-db.com/product/2729,https://www.kamehouse-db.com/product/2729?utm_source=mercari&utm_medium=cpc&utm_campaign=infeed_test,https://www.kamehouse-db.com/data/kamehouse/product/product_47612828.jpg,50,あり
2728,キビト（FB03-030 C）,FB03 怒りの咆哮 収録,FB03 怒りの咆哮 > R以下,https://www.kamehouse-db.com/product/2728,https://www.kamehouse-db.com/product/2728?utm_source=mercari&utm_medium=cpc&utm_campaign=infeed_test,https://www.kamehouse-db.com/data/kamehouse/product/product_47612832.jpg,50,あり
2727,ウイス（FB03-029 UC）,FB03 怒りの咆哮 収録,FB03 怒りの咆哮 > R以下,https://www.kamehouse-db.com/product/2727,https://www.kamehouse-db.com/product/2727?utm_source=mercari&utm_medium=cpc&utm_campaign=infeed_test,https://www.kamehouse-db.com/data/kamehouse/product/product_47612836.jpg,50,あり
2726,ダブルキャノンマキシマム（FB03-025 C）,FB03 怒りの咆哮 収録,FB03 怒りの咆哮 > R以下,https://www.kamehouse-db.com/product/2726,https://www.kamehouse-db.com/product/2726?utm_source=mercari&utm_medium=cpc&utm_campaign=infeed_test,https://www.kamehouse-db.com/data/kamehouse/product/product_47612856.jpg,50,あり
2725,空前絶後の超決戦（FB03-024 UC）,FB03 怒りの咆哮 収録,FB03 怒りの咆哮 > R以下,https://www.kamehouse-db.com/product/2725,https://www.kamehouse-db.com/product/2725?utm_source=mercari&utm_medium=cpc&utm_campaign=infeed_test,https://www.kamehouse-db.com/data/kamehouse/product/product_47612860.jpg,50,あり
2724,ヒット（FB03-017 UC）,FB03 怒りの咆哮 収録,FB03 怒りの咆哮 > R以下,https://www.kamehouse-db.com/product/2724,https://www.kamehouse-db.com/product/2724?utm_source=mercari&utm_medium=cpc&utm_campaign=infeed_test,https://www.kamehouse-db.com/data/kamehouse/product/product_47612892.jpg,50,あり
2723,トッポ（FB03-015 C）,FB03 怒りの咆哮 収録,FB03 怒りの咆哮 > R以下,https://www.kamehouse-db.com/product/2723,https://www.kamehouse-db.com/product/2723?utm_source=mercari&utm_medium=cpc&utm_campaign=infeed_test,https://www.kamehouse-db.com/data/kamehouse/product/product_47612904.jpg,50,あり
2722,ディスポ（FB03-013 C）,FB03 怒りの咆哮 収録,FB03 怒りの咆哮 > R以下,https://www.kamehouse-db.com/product/2722,https://www.kamehouse-db.com/product/2722?utm_source=mercari&utm_medium=cpc&utm_campaign=infeed_test,https://www.kamehouse-db.com/data/kamehouse/product/product_47612912.jpg,50,あり
2720,孫悟空（FB03-011 UC）,FB03 怒りの咆哮 収録,FB03 怒りの咆哮 > R以下,https://www.kamehouse-db.com/product/2720,https://www.kamehouse-db.com/product/2720?utm_source=mercari&utm_medium=cpc&utm_campaign=infeed_test,https://www.kamehouse-db.com/data/kamehouse/product/product_47612920.jpg,50,あり
2719,ゾイレー（FB03-010 UC）,FB03 怒りの咆哮 収録,FB03 怒りの咆哮 > R以下,https://www.kamehouse-db.com/product/2719,https://www.kamehouse-db.com/product/2719?utm_source=mercari&utm_medium=cpc&utm_campaign=infeed_test,https://www.kamehouse-db.com/data/kamehouse/product/product_47612924.jpg,50,あり
2718,ケフラ（FB03-007 C）,FB03 怒りの咆哮 収録,FB03 怒りの咆哮 > R以下,https://www.kamehouse-db.com/product/2718,https://www.kamehouse-db.com/product/2718?utm_source=mercari&utm_medium=cpc&utm_campaign=infeed_test,https://www.kamehouse-db.com/data/kamehouse/product/product_47612940.jpg,50,あり
2717,ケットル（FB03-006 C）,FB03 怒りの咆哮 収録,FB03 怒りの咆哮 > R以下,https://www.kamehouse-db.com/product/2717,https://www.kamehouse-db.com/product/2717?utm_source=mercari&utm_medium=cpc&utm_campaign=infeed_test,https://www.kamehouse-db.com/data/kamehouse/product/product_47612944.jpg,50,あり
2715,グレートサイヤマンだ（FB03-051 C）,FB03 怒りの咆哮 収録,FB03 怒りの咆哮 > R以下,https://www.kamehouse-db.com/product/2715,https://www.kamehouse-db.com/product/2715?utm_source=mercari&utm_medium=cpc&utm_campaign=infeed_test,https://www.kamehouse-db.com/data/kamehouse/product/product_47612740.jpg,80,あり
2714,悟飯くんの好み？（FB03-052 UC）,FB03 怒りの咆哮 収録,FB03 怒りの咆哮 > R以下,https://www.kamehouse-db.com/product/2714,https://www.kamehouse-db.com/product/2714?utm_source=mercari&utm_medium=cpc&utm_campaign=infeed_test,https://www.kamehouse-db.com/data/kamehouse/product/product_47612736.jpg,80,あり
2713,神様（FB03-055 C）,FB03 怒りの咆哮 収録,FB03 怒りの咆哮 > R以下,https://www.kamehouse-db.com/product/2713,https://www.kamehouse-db.com/product/2713?utm_source=mercari&utm_medium=cpc&utm_campaign=infeed_test,https://www.kamehouse-db.com/data/kamehouse/product/product_47612720.jpg,80,あり
2712,亀仙人（FB03-056 UC）,FB03 怒りの咆哮 収録,FB03 怒りの咆哮 > R以下,https://www.kamehouse-db.com/product/2712,https://www.kamehouse-db.com/product/2712?utm_source=mercari&utm_medium=cpc&utm_campaign=infeed_test,https://www.kamehouse-db.com/data/kamehouse/product/product_47612716.jpg,80,あり
2711,北の界王（FB03-057 R）,FB03 怒りの咆哮 収録,FB03 怒りの咆哮 > R以下,https://www.kamehouse-db.com/product/2711,https://www.kamehouse-db.com/product/2711?utm_source=mercari&utm_medium=cpc&utm_campaign=infeed_test,https://www.kamehouse-db.com/data/kamehouse/product/product_47612712.jpg,80,あり
2710,セル（FB03-061 R）,FB03 怒りの咆哮 収録,FB03 怒りの咆哮 > R以下,https://www.kamehouse-db.com/product/2710,https://www.kamehouse-db.com/product/2710?utm_source=mercari&utm_medium=cpc&utm_campaign=infeed_test,https://www.kamehouse-db.com/data/kamehouse/product/product_47612696.jpg,80,あり
2709,孫悟飯:幼年期（FB03-066 UC）,FB03 怒りの咆哮 収録,FB03 怒りの咆哮 > R以下,https://www.kamehouse-db.com/product/2709,https://www.kamehouse-db.com/product/2709?utm_source=mercari&utm_medium=cpc&utm_campaign=infeed_test,https://www.kamehouse-db.com/data/kamehouse/product/product_47612672.jpg,80,あり
2708,ベジータ（FB03-072 C）,FB03 怒りの咆哮 収録,FB03 怒りの咆哮 > R以下,https://www.kamehouse-db.com/product/2708,https://www.kamehouse-db.com/product/2708?utm_source=mercari&utm_medium=cpc&utm_campaign=infeed_test,https://www.kamehouse-db.com/data/kamehouse/product/product_47612644.jpg,80,あり
2707,ラディッツ（FB03-073 UC）,FB03 怒りの咆哮 収録,FB03 怒りの咆哮 > R以下,https://www.kamehouse-db.com/product/2707,https://www.kamehouse-db.com/product/2707?utm_source=mercari&utm_medium=cpc&utm_campaign=infeed_test,https://www.kamehouse-db.com/data/kamehouse/product/product_47612640.jpg,80,あり
2706,魔貫光殺砲（FB03-077 R）,FB03 怒りの咆哮 収録,FB03 怒りの咆哮 > R以下,https://www.kamehouse-db.com/product/2706,https://www.kamehouse-db.com/product/2706?utm_source=mercari&utm_medium=cpc&utm_campaign=infeed_test,https://www.kamehouse-db.com/data/kamehouse/product/product_47612624.jpg,80,あり
2704,孫悟空（FB03-080 R）,FB03 怒りの咆哮 収録,FB03 怒りの咆哮 > R以下,https://www.kamehouse-db.com/product/2704,https://www.kamehouse-db.com/product/2704?utm_source=mercari&utm_medium=cpc&utm_campaign=infeed_test,https://www.kamehouse-db.com/data/kamehouse/product/product_47612608.jpg,80,あり
2703,ビビディ（FB03-085 UC）,FB03 怒りの咆哮 収録,FB03 怒りの咆哮 > R以下,https://www.kamehouse-db.com/product/2703,https://www.kamehouse-db.com/product/2703?utm_source=mercari&utm_medium=cpc&utm_campaign=infeed_test,https://www.kamehouse-db.com/data/kamehouse/product/product_47612588.jpg,80,あり
2702,プイプイ（FB03-086 R）,FB03 怒りの咆哮 収録,FB03 怒りの咆哮 > R以下,https://www.kamehouse-db.com/product/2702,https://www.kamehouse-db.com/product/2702?utm_source=mercari&utm_medium=cpc&utm_campaign=infeed_test,https://www.kamehouse-db.com/data/kamehouse/product/product_47612584.jpg,80,あり
2701,ブルマ（FB03-087 UC）,FB03 怒りの咆哮 収録,FB03 怒りの咆哮 > R以下,https://www.kamehouse-db.com/product/2701,https://www.kamehouse-db.com/product/2701?utm_source=mercari&utm_medium=cpc&utm_campaign=infeed_test,https://www.kamehouse-db.com/data/kamehouse/product/product_47612580.jpg,80,あり
2700,ベジータ（FB03-090 C）,FB03 怒りの咆哮 収録,FB03 怒りの咆哮 > R以下,https://www.kamehouse-db.com/product/2700,https://www.kamehouse-db.com/product/2700?utm_source=mercari&utm_medium=cpc&utm_campaign=infeed_test,https://www.kamehouse-db.com/data/kamehouse/product/product_47612564.jpg,80,あり
2699,メタルクウラ・コア（FB03-094 R）,FB03 怒りの咆哮 収録,FB03 怒りの咆哮 > R以下,https://www.kamehouse-db.com/product/2699,https://www.kamehouse-db.com/product/2699?utm_source=mercari&utm_medium=cpc&utm_campaign=infeed_test,https://www.kamehouse-db.com/data/kamehouse/product/product_47612544.jpg,80,あり
2698,ヤコン（FB03-095 UC）,FB03 怒りの咆哮 収録,FB03 怒りの咆哮 > R以下,https://www.kamehouse-db.com/product/2698,https://www.kamehouse-db.com/product/2698?utm_source=mercari&utm_medium=cpc&utm_campaign=infeed_test,https://www.kamehouse-db.com/data/kamehouse/product/product_47612540.jpg,80,あり
2697,ヤムー（FB03-096 C）,FB03 怒りの咆哮 収録,FB03 怒りの咆哮 > R以下,https://www.kamehouse-db.com/product/2697,https://www.kamehouse-db.com/product/2697?utm_source=mercari&utm_medium=cpc&utm_campaign=infeed_test,https://www.kamehouse-db.com/data/kamehouse/product/product_47612536.jpg,80,あり
2696,孫悟空:GT（FB03-104 L）,FB03 怒りの咆哮 収録,FB03 怒りの咆哮 > R以下,https://www.kamehouse-db.com/product/2696,https://www.kamehouse-db.com/product/2696?utm_source=mercari&utm_medium=cpc&utm_campaign=infeed_test,https://www.kamehouse-db.com/data/kamehouse/product/product_47612504.jpg,80,あり
2695,ギル（FB03-108 C）,FB03 怒りの咆哮 収録,FB03 怒りの咆哮 > R以下,https://www.kamehouse-db.com/product/2695,https://www.kamehouse-db.com/product/2695?utm_source=mercari&utm_medium=cpc&utm_campaign=infeed_test,https://www.kamehouse-db.com/data/kamehouse/product/product_47612484.jpg,80,あり
2694,孫悟空:GT（FB03-110 R）,FB03 怒りの咆哮 収録,FB03 怒りの咆哮 > R以下,https://www.kamehouse-db.com/product/2694,https://www.kamehouse-db.com/product/2694?utm_source=mercari&utm_medium=cpc&utm_campaign=infeed_test,https://www.kamehouse-db.com/data/kamehouse/product/product_47612476.jpg,80,あり
2693,孫悟空:少年期BR（FB03-112 C）,FB03 怒りの咆哮 収録,FB03 怒りの咆哮 > R以下,https://www.kamehouse-db.com/product/2693,https://www.kamehouse-db.com/product/2693?utm_source=mercari&utm_medium=cpc&utm_campaign=infeed_test,https://www.kamehouse-db.com/data/kamehouse/product/product_47612464.jpg,80,あり
2692,孫悟飯:GT（FB03-114 R）,FB03 怒りの咆哮 収録,FB03 怒りの咆哮 > R以下,https://www.kamehouse-db.com/product/2692,https://www.kamehouse-db.com/product/2692?utm_source=mercari&utm_medium=cpc&utm_campaign=infeed_test,https://www.kamehouse-db.com/data/kamehouse/product/product_47612456.jpg,80,あり
2691,トランクス:GT（FB03-119 R）,FB03 怒りの咆哮 収録,FB03 怒りの咆哮 > R以下,https://www.kamehouse-db.com/product/2691,https://www.kamehouse-db.com/product/2691?utm_source=mercari&utm_medium=cpc&utm_campaign=infeed_test,https://www.kamehouse-db.com/data/kamehouse/product/product_47612436.jpg,80,あり
2689,ブラ:GT（FB03-127 UC）,FB03 怒りの咆哮 収録,FB03 怒りの咆哮 > R以下,https://www.kamehouse-db.com/product/2689,https://www.kamehouse-db.com/product/2689?utm_source=mercari&utm_medium=cpc&utm_campaign=infeed_test,https://www.kamehouse-db.com/data/kamehouse/product/product_47612396.jpg,80,あり
2682,グレートサイヤマン（FB03-032 C）,SB01 MANGA BOOSTER 01 収録,SB01 MANGA BOOSTER 01 > R以下,https://www.kamehouse-db.com/product/2682,https://www.kamehouse-db.com/product/2682?utm_source=mercari&utm_medium=cpc&utm_campaign=infeed_test,https://www.kamehouse-db.com/data/kamehouse/product/product_47608612.jpg,80,あり
2681,ミスター・サタン（FB03-049 R）,SB01 MANGA BOOSTER 01 収録,SB01 MANGA BOOSTER 01 > R以下,https://www.kamehouse-db.com/product/2681,https://www.kamehouse-db.com/product/2681?utm_source=mercari&utm_medium=cpc&utm_campaign=infeed_test,https://www.kamehouse-db.com/data/kamehouse/product/product_47608608.jpg,80,あり
2678,エネルギー吸収（FB03-099 C）,SB01 MANGA BOOSTER 01 収録,SB01 MANGA BOOSTER 01 > R以下,https://www.kamehouse-db.com/product/2678,https://www.kamehouse-db.com/product/2678?utm_source=mercari&utm_medium=cpc&utm_campaign=infeed_test,https://www.kamehouse-db.com/data/kamehouse/product/product_47608592.jpg,80,あり
2677,ベジータ（FB03-047 R）,SB02 MANGA BOOSTER 02 収録,SB02 MANGA BOOSTER 02 > R以下,https://www.kamehouse-db.com/product/2677,https://www.kamehouse-db.com/product/2677?utm_source=mercari&utm_medium=cpc&utm_campaign=infeed_test,https://www.kamehouse-db.com/data/kamehouse/product/product_50808092.jpg,80,あり
2676,破壊玉（FB03-026 C）,FB03 怒りの咆哮 収録,FB03 怒りの咆哮 > R以下,https://www.kamehouse-db.com/product/2676,https://www.kamehouse-db.com/product/2676?utm_source=mercari&utm_medium=cpc&utm_campaign=infeed_test,https://www.kamehouse-db.com/data/kamehouse/product/product_47612852.jpg,80,あり
2675,オレンジスターハイスクール（FB03-050 R）,FB03 怒りの咆哮 収録,FB03 怒りの咆哮 > R以下,https://www.kamehouse-db.com/product/2675,https://www.kamehouse-db.com/product/2675?utm_source=mercari&utm_medium=cpc&utm_campaign=infeed_test,https://www.kamehouse-db.com/data/kamehouse/product/product_47612744.jpg,120,あり
2674,ファイナルエクスプロージョン（FB03-102 R）,FB03 怒りの咆哮 収録,FB03 怒りの咆哮 > R以下,https://www.kamehouse-db.com/product/2674,https://www.kamehouse-db.com/product/2674?utm_source=mercari&utm_medium=cpc&utm_campaign=infeed_test,https://www.kamehouse-db.com/data/kamehouse/product/product_47612512.jpg,120,あり
2672,修業の日々（FB03-075 UC）,SB01 MANGA BOOSTER 01 収録,SB01 MANGA BOOSTER 01 > R以下,https://www.kamehouse-db.com/product/2672,https://www.kamehouse-db.com/product/2672?utm_source=mercari&utm_medium=cpc&utm_campaign=infeed_test,https://www.kamehouse-db.com/data/kamehouse/product/product_47608600.jpg,120,あり
2671,孫悟天（FB03-037 R）,FB03 怒りの咆哮 収録,FB03 怒りの咆哮 > R以下,https://www.kamehouse-db.com/product/2671,https://www.kamehouse-db.com/product/2671?utm_source=mercari&utm_medium=cpc&utm_campaign=infeed_test,https://www.kamehouse-db.com/data/kamehouse/product/product_47612804.jpg,120,あり
2669,パラパラブラザーズ（FB03-123 UC）,FB03 怒りの咆哮 収録,FB03 怒りの咆哮 > R以下,https://www.kamehouse-db.com/product/2669,https://www.kamehouse-db.com/product/2669?utm_source=mercari&utm_medium=cpc&utm_campaign=infeed_test,https://www.kamehouse-db.com/data/kamehouse/product/product_47612416.jpg,270,あり
2668,ミスター・サタン:GT（FB03-132 R）,FB03 怒りの咆哮 収録,FB03 怒りの咆哮 > R以下,https://www.kamehouse-db.com/product/2668,https://www.kamehouse-db.com/product/2668?utm_source=mercari&utm_medium=cpc&utm_campaign=infeed_test,https://www.kamehouse-db.com/data/kamehouse/product/product_47612376.jpg,260,あり
2667,10倍かめはめ波（FB03-137 R）,FB03 怒りの咆哮 収録,FB03 怒りの咆哮 > R以下,https://www.kamehouse-db.com/product/2667,https://www.kamehouse-db.com/product/2667?utm_source=mercari&utm_medium=cpc&utm_campaign=infeed_test,https://www.kamehouse-db.com/data/kamehouse/product/product_47612356.jpg,170,あり
2665,ターレス（FB04-061 C）,FB04 限界を超えし者 収録,FB04 限界を超えし者 > R以下,https://www.kamehouse-db.com/product/2665,https://www.kamehouse-db.com/product/2665?utm_source=mercari&utm_medium=cpc&utm_campaign=infeed_test,https://www.kamehouse-db.com/data/kamehouse/product/product_47611808.jpg,50,あり
2664,餃子（FB04-062 C）,FB04 限界を超えし者 収録,FB04 限界を超えし者 > R以下,https://www.kamehouse-db.com/product/2664,https://www.kamehouse-db.com/product/2664?utm_source=mercari&utm_medium=cpc&utm_campaign=infeed_test,https://www.kamehouse-db.com/data/kamehouse/product/product_47611804.jpg,50,あり
2663,天津飯（FB04-063 C）,FB04 限界を超えし者 収録,FB04 限界を超えし者 > R以下,https://www.kamehouse-db.com/product/2663,https://www.kamehouse-db.com/product/2663?utm_source=mercari&utm_medium=cpc&utm_campaign=infeed_test,https://www.kamehouse-db.com/data/kamehouse/product/product_47611800.jpg,50,あり
2662,ナッパ（FB04-065 UC）,FB04 限界を超えし者 収録,FB04 限界を超えし者 > R以下,https://www.kamehouse-db.com/product/2662,https://www.kamehouse-db.com/product/2662?utm_source=mercari&utm_medium=cpc&utm_campaign=infeed_test,https://www.kamehouse-db.com/data/kamehouse/product/product_47611788.jpg,50,あり
2661,ヤジロベー（FB04-070 UC）,FB04 限界を超えし者 収録,FB04 限界を超えし者 > R以下,https://www.kamehouse-db.com/product/2661,https://www.kamehouse-db.com/product/2661?utm_source=mercari&utm_medium=cpc&utm_campaign=infeed_test,https://www.kamehouse-db.com/data/kamehouse/product/product_47611768.jpg,50,あり
2660,ヤムチャ（FB04-071 C）,FB04 限界を超えし者 収録,FB04 限界を超えし者 > R以下,https://www.kamehouse-db.com/product/2660,https://www.kamehouse-db.com/product/2660?utm_source=mercari&utm_medium=cpc&utm_campaign=infeed_test,https://www.kamehouse-db.com/data/kamehouse/product/product_47611764.jpg,50,あり
2659,栽培マンの自爆（FB04-074 C）,FB04 限界を超えし者 収録,FB04 限界を超えし者 > R以下,https://www.kamehouse-db.com/product/2659,https://www.kamehouse-db.com/product/2659?utm_source=mercari&utm_medium=cpc&utm_campaign=infeed_test,https://www.kamehouse-db.com/data/kamehouse/product/product_47611752.jpg,50,あり
2658,サイヤ人の侵攻（FB04-075 C）,FB04 限界を超えし者 収録,FB04 限界を超えし者 > R以下,https://www.kamehouse-db.com/product/2658,https://www.kamehouse-db.com/product/2658?utm_source=mercari&utm_medium=cpc&utm_campaign=infeed_test,https://www.kamehouse-db.com/data/kamehouse/product/product_47611748.jpg,50,あり
2657,イダーサ（FB04-078 C）,FB04 限界を超えし者 収録,FB04 限界を超えし者 > R以下,https://www.kamehouse-db.com/product/2657,https://www.kamehouse-db.com/product/2657?utm_source=mercari&utm_medium=cpc&utm_campaign=infeed_test,https://www.kamehouse-db.com/data/kamehouse/product/product_47611732.jpg,50,あり
2656,シン（FB04-079 UC）,FB04 限界を超えし者 収録,FB04 限界を超えし者 > R以下,https://www.kamehouse-db.com/product/2656,https://www.kamehouse-db.com/product/2656?utm_source=mercari&utm_medium=cpc&utm_campaign=infeed_test,https://www.kamehouse-db.com/data/kamehouse/product/product_47611728.jpg,50,あり
2655,ダーブラ（FB04-082 C）,FB04 限界を超えし者 収録,FB04 限界を超えし者 > R以下,https://www.kamehouse-db.com/product/2655,https://www.kamehouse-db.com/product/2655?utm_source=mercari&utm_medium=cpc&utm_campaign=infeed_test,https://www.kamehouse-db.com/data/kamehouse/product/product_47611716.jpg,50,あり
2654,大界王神（FB04-083 C）,FB04 限界を超えし者 収録,FB04 限界を超えし者 > R以下,https://www.kamehouse-db.com/product/2654,https://www.kamehouse-db.com/product/2654?utm_source=mercari&utm_medium=cpc&utm_campaign=infeed_test,https://www.kamehouse-db.com/data/kamehouse/product/product_47611712.jpg,50,あり
2653,西の界王神（FB04-084 UC）,FB04 限界を超えし者 収録,FB04 限界を超えし者 > R以下,https://www.kamehouse-db.com/product/2653,https://www.kamehouse-db.com/product/2653?utm_source=mercari&utm_medium=cpc&utm_campaign=infeed_test,https://www.kamehouse-db.com/data/kamehouse/product/product_47611708.jpg,50,あり
2652,ベエ（FB04-087 C）,FB04 限界を超えし者 収録,FB04 限界を超えし者 > R以下,https://www.kamehouse-db.com/product/2652,https://www.kamehouse-db.com/product/2652?utm_source=mercari&utm_medium=cpc&utm_campaign=infeed_test,https://www.kamehouse-db.com/data/kamehouse/product/product_47611696.jpg,50,あり
2651,ベジータ（FB04-088 UC）,FB04 限界を超えし者 収録,FB04 限界を超えし者 > R以下,https://www.kamehouse-db.com/product/2651,https://www.kamehouse-db.com/product/2651?utm_source=mercari&utm_medium=cpc&utm_campaign=infeed_test,https://www.kamehouse-db.com/data/kamehouse/product/product_47611692.jpg,50,あり
2650,魔人ブウ（FB04-090 C）,FB04 限界を超えし者 収録,FB04 限界を超えし者 > R以下,https://www.kamehouse-db.com/product/2650,https://www.kamehouse-db.com/product/2650?utm_source=mercari&utm_medium=cpc&utm_campaign=infeed_test,https://www.kamehouse-db.com/data/kamehouse/product/product_47611684.jpg,50,あり
2649,魔人ブウ：悪（FB04-091 UC）,FB04 限界を超えし者 収録,FB04 限界を超えし者 > R以下,https://www.kamehouse-db.com/product/2649,https://www.kamehouse-db.com/product/2649?utm_source=mercari&utm_medium=cpc&utm_campaign=infeed_test,https://www.kamehouse-db.com/data/kamehouse/product/product_47611680.jpg,50,あり
2648,魔人ブウ：純粋悪（FB04-096 UC）,FB04 限界を超えし者 収録,FB04 限界を超えし者 > R以下,https://www.kamehouse-db.com/product/2648,https://www.kamehouse-db.com/product/2648?utm_source=mercari&utm_medium=cpc&utm_campaign=infeed_test,https://www.kamehouse-db.com/data/kamehouse/product/product_47611652.jpg,50,あり
2647,ミスター・サタン（FB04-097 C）,FB04 限界を超えし者 収録,FB04 限界を超えし者 > R以下,https://www.kamehouse-db.com/product/2647,https://www.kamehouse-db.com/product/2647?utm_source=mercari&utm_medium=cpc&utm_campaign=infeed_test,https://www.kamehouse-db.com/data/kamehouse/product/product_47611648.jpg,50,あり
2646,南の界王神（FB04-098 C）,FB04 限界を超えし者 収録,FB04 限界を超えし者 > R以下,https://www.kamehouse-db.com/product/2646,https://www.kamehouse-db.com/product/2646?utm_source=mercari&utm_medium=cpc&utm_campaign=infeed_test,https://www.kamehouse-db.com/data/kamehouse/product/product_47611644.jpg,50,あり
2645,人類の破滅（FB04-100 C）,FB04 限界を超えし者 収録,FB04 限界を超えし者 > R以下,https://www.kamehouse-db.com/product/2645,https://www.kamehouse-db.com/product/2645?utm_source=mercari&utm_medium=cpc&utm_campaign=infeed_test,https://www.kamehouse-db.com/data/kamehouse/product/product_47611636.jpg,50,あり
2644,解き放たれた魔人（FB04-101 UC）,FB04 限界を超えし者 収録,FB04 限界を超えし者 > R以下,https://www.kamehouse-db.com/product/2644,https://www.kamehouse-db.com/product/2644?utm_source=mercari&utm_medium=cpc&utm_campaign=infeed_test,https://www.kamehouse-db.com/data/kamehouse/product/product_47611632.jpg,50,あり
2643,スーパーウーブ（FB04-106 UC）,FB04 限界を超えし者 収録,FB04 限界を超えし者 > R以下,https://www.kamehouse-db.com/product/2643,https://www.kamehouse-db.com/product/2643?utm_source=mercari&utm_medium=cpc&utm_campaign=infeed_test,https://www.kamehouse-db.com/data/kamehouse/product/product_47611604.jpg,50,あり
2642,孫悟飯：GT（FB04-111 C）,FB04 限界を超えし者 収録,FB04 限界を超えし者 > R以下,https://www.kamehouse-db.com/product/2642,https://www.kamehouse-db.com/product/2642?utm_source=mercari&utm_medium=cpc&utm_campaign=infeed_test,https://www.kamehouse-db.com/data/kamehouse/product/product_47611580.jpg,50,あり
2640,ネージ（FB04-115 C）,FB04 限界を超えし者 収録,FB04 限界を超えし者 > R以下,https://www.kamehouse-db.com/product/2640,https://www.kamehouse-db.com/product/2640?utm_source=mercari&utm_medium=cpc&utm_campaign=infeed_test,https://www.kamehouse-db.com/data/kamehouse/product/product_47611560.jpg,50,あり
2639,ビース（FB04-118 C）,FB04 限界を超えし者 収録,FB04 限界を超えし者 > R以下,https://www.kamehouse-db.com/product/2639,https://www.kamehouse-db.com/product/2639?utm_source=mercari&utm_medium=cpc&utm_campaign=infeed_test,https://www.kamehouse-db.com/data/kamehouse/product/product_47611548.jpg,50,あり
2638,ベジータベビー（FB04-121 C）,FB04 限界を超えし者 収録,FB04 限界を超えし者 > R以下,https://www.kamehouse-db.com/product/2638,https://www.kamehouse-db.com/product/2638?utm_source=mercari&utm_medium=cpc&utm_campaign=infeed_test,https://www.kamehouse-db.com/data/kamehouse/product/product_47611536.jpg,50,あり
2637,リベト（FB04-124 C）,FB04 限界を超えし者 収録,FB04 限界を超えし者 > R以下,https://www.kamehouse-db.com/product/2637,https://www.kamehouse-db.com/product/2637?utm_source=mercari&utm_medium=cpc&utm_campaign=infeed_test,https://www.kamehouse-db.com/data/kamehouse/product/product_47611524.jpg,50,あり
2635,リベンジデスボール（FB04-128 C）,FB04 限界を超えし者 収録,FB04 限界を超えし者 > R以下,https://www.kamehouse-db.com/product/2635,https://www.kamehouse-db.com/product/2635?utm_source=mercari&utm_medium=cpc&utm_campaign=infeed_test,https://www.kamehouse-db.com/data/kamehouse/product/product_47611508.jpg,50,あり
2634,ピッコロ（FB04-042 C）,FB04 限界を超えし者 収録,FB04 限界を超えし者 > R以下,https://www.kamehouse-db.com/product/2634,https://www.kamehouse-db.com/product/2634?utm_source=mercari&utm_medium=cpc&utm_campaign=infeed_test,https://www.kamehouse-db.com/data/kamehouse/product/product_50808080.jpg,50,あり
2633,人造人間18号（FB04-057 C）,FB04 限界を超えし者 収録,FB04 限界を超えし者 > R以下,https://www.kamehouse-db.com/product/2633,https://www.kamehouse-db.com/product/2633?utm_source=mercari&utm_medium=cpc&utm_campaign=infeed_test,https://www.kamehouse-db.com/data/kamehouse/product/product_50808076.jpg,50,あり
2632,ミスター・サタン（FB04-097 C）,FB04 限界を超えし者 収録,FB04 限界を超えし者 > R以下,https://www.kamehouse-db.com/product/2632,https://www.kamehouse-db.com/product/2632?utm_source=mercari&utm_medium=cpc&utm_campaign=infeed_test,https://www.kamehouse-db.com/data/kamehouse/product/product_50808072.jpg,50,あり
2629,ジレン（FB04-006 R）,FB04 限界を超えし者 収録,FB04 限界を超えし者 > R以下,https://www.kamehouse-db.com/product/2629,https://www.kamehouse-db.com/product/2629?utm_source=mercari&utm_medium=cpc&utm_campaign=infeed_test,https://www.kamehouse-db.com/data/kamehouse/product/product_47612060.jpg,80,あり
2628,シン（ミニ）：DA（FB04-008 R）,FB04 限界を超えし者 収録,FB04 限界を超えし者 > R以下,https://www.kamehouse-db.com/product/2628,https://www.kamehouse-db.com/product/2628?utm_source=mercari&utm_medium=cpc&utm_campaign=infeed_test,https://www.kamehouse-db.com/data/kamehouse/product/product_47612052.jpg,80,あり
2627,全王（FB04-010 R）,FB04 限界を超えし者 収録,FB04 限界を超えし者 > R以下,https://www.kamehouse-db.com/product/2627,https://www.kamehouse-db.com/product/2627?utm_source=mercari&utm_medium=cpc&utm_campaign=infeed_test,https://www.kamehouse-db.com/data/kamehouse/product/product_47612044.jpg,80,あり
2625,極まりし身勝手の極意（FB04-022 R）,FB04 限界を超えし者 収録,FB04 限界を超えし者 > R以下,https://www.kamehouse-db.com/product/2625,https://www.kamehouse-db.com/product/2625?utm_source=mercari&utm_medium=cpc&utm_campaign=infeed_test,https://www.kamehouse-db.com/data/kamehouse/product/product_47611988.jpg,80,あり
2624,孫悟飯：青年期（FB04-026 L）,FB04 限界を超えし者 収録,FB04 限界を超えし者 > R以下,https://www.kamehouse-db.com/product/2624,https://www.kamehouse-db.com/product/2624?utm_source=mercari&utm_medium=cpc&utm_campaign=infeed_test,https://www.kamehouse-db.com/data/kamehouse/product/product_47611972.jpg,80,あり
2623,占いババ（FB04-027 C）,FB04 限界を超えし者 収録,FB04 限界を超えし者 > R以下,https://www.kamehouse-db.com/product/2623,https://www.kamehouse-db.com/product/2623?utm_source=mercari&utm_medium=cpc&utm_campaign=infeed_test,https://www.kamehouse-db.com/data/kamehouse/product/product_47611964.jpg,80,あり
2621,孫悟飯：青年期（FB04-038 R）,FB04 限界を超えし者 収録,FB04 限界を超えし者 > R以下,https://www.kamehouse-db.com/product/2621,https://www.kamehouse-db.com/product/2621?utm_source=mercari&utm_medium=cpc&utm_campaign=infeed_test,https://www.kamehouse-db.com/data/kamehouse/product/product_47611916.jpg,80,あり
2620,ブルマ（ミニ）：DA（FB04-043 R）,FB04 限界を超えし者 収録,FB04 限界を超えし者 > R以下,https://www.kamehouse-db.com/product/2620,https://www.kamehouse-db.com/product/2620?utm_source=mercari&utm_medium=cpc&utm_campaign=infeed_test,https://www.kamehouse-db.com/data/kamehouse/product/product_47611896.jpg,80,あり
2619,圧倒的な自信（FB04-047 R）,FB04 限界を超えし者 収録,FB04 限界を超えし者 > R以下,https://www.kamehouse-db.com/product/2619,https://www.kamehouse-db.com/product/2619?utm_source=mercari&utm_medium=cpc&utm_campaign=infeed_test,https://www.kamehouse-db.com/data/kamehouse/product/product_47611876.jpg,80,あり
2618,ギャラクティカドーナツ（FB04-048 C）,FB04 限界を超えし者 収録,FB04 限界を超えし者 > R以下,https://www.kamehouse-db.com/product/2618,https://www.kamehouse-db.com/product/2618?utm_source=mercari&utm_medium=cpc&utm_campaign=infeed_test,https://www.kamehouse-db.com/data/kamehouse/product/product_47611872.jpg,80,あり
2616,ベジータ（FB04-051 L）,FB04 限界を超えし者 収録,FB04 限界を超えし者 > R以下,https://www.kamehouse-db.com/product/2616,https://www.kamehouse-db.com/product/2616?utm_source=mercari&utm_medium=cpc&utm_campaign=infeed_test,https://www.kamehouse-db.com/data/kamehouse/product/product_47611860.jpg,80,あり
2613,ボタマゲッタ（FB04-020 C）,FB04 限界を超えし者 収録,FB04 限界を超えし者 > R以下,https://www.kamehouse-db.com/product/2613,https://www.kamehouse-db.com/product/2613?utm_source=mercari&utm_medium=cpc&utm_campaign=infeed_test,https://www.kamehouse-db.com/data/kamehouse/product/product_47611996.jpg,50,あり
2612,モンナ（FB04-021 C）,FB04 限界を超えし者 収録,FB04 限界を超えし者 > R以下,https://www.kamehouse-db.com/product/2612,https://www.kamehouse-db.com/product/2612?utm_source=mercari&utm_medium=cpc&utm_campaign=infeed_test,https://www.kamehouse-db.com/data/kamehouse/product/product_47611992.jpg,50,あり
2611,灼熱のオーラ（FB04-023 C）,FB04 限界を超えし者 収録,FB04 限界を超えし者 > R以下,https://www.kamehouse-db.com/product/2611,https://www.kamehouse-db.com/product/2611?utm_source=mercari&utm_medium=cpc&utm_campaign=infeed_test,https://www.kamehouse-db.com/data/kamehouse/product/product_47611984.jpg,50,あり
2610,宿敵との共闘（FB04-024 C）,FB04 限界を超えし者 収録,FB04 限界を超えし者 > R以下,https://www.kamehouse-db.com/product/2610,https://www.kamehouse-db.com/product/2610?utm_source=mercari&utm_medium=cpc&utm_campaign=infeed_test,https://www.kamehouse-db.com/data/kamehouse/product/product_47611980.jpg,50,あり
2608,キビト（FB04-028 C）,FB04 限界を超えし者 収録,FB04 限界を超えし者 > R以下,https://www.kamehouse-db.com/product/2608,https://www.kamehouse-db.com/product/2608?utm_source=mercari&utm_medium=cpc&utm_campaign=infeed_test,https://www.kamehouse-db.com/data/kamehouse/product/product_47611960.jpg,50,あり
2606,シン（FB04-034 C）,FB04 限界を超えし者 収録,FB04 限界を超えし者 > R以下,https://www.kamehouse-db.com/product/2606,https://www.kamehouse-db.com/product/2606?utm_source=mercari&utm_medium=cpc&utm_campaign=infeed_test,https://www.kamehouse-db.com/data/kamehouse/product/product_47611932.jpg,50,あり
2603,孫悟飯：青年期（FB04-037 C）,FB04 限界を超えし者 収録,FB04 限界を超えし者 > R以下,https://www.kamehouse-db.com/product/2603,https://www.kamehouse-db.com/product/2603?utm_source=mercari&utm_medium=cpc&utm_campaign=infeed_test,https://www.kamehouse-db.com/data/kamehouse/product/product_47611920.jpg,50,あり
2599,ピッコロ（FB04-042 C）,FB04 限界を超えし者 収録,FB04 限界を超えし者 > R以下,https://www.kamehouse-db.com/product/2599,https://www.kamehouse-db.com/product/2599?utm_source=mercari&utm_medium=cpc&utm_campaign=infeed_test,https://www.kamehouse-db.com/data/kamehouse/product/product_47611900.jpg,50,あり
2597,最強の剣の伝説（FB04-050 C）,FB04 限界を超えし者 収録,FB04 限界を超えし者 > R以下,https://www.kamehouse-db.com/product/2597,https://www.kamehouse-db.com/product/2597?utm_source=mercari&utm_medium=cpc&utm_campaign=infeed_test,https://www.kamehouse-db.com/data/kamehouse/product/product_47611864.jpg,50,あり
2596,神様（FB04-053 UC）,FB04 限界を超えし者 収録,FB04 限界を超えし者 > R以下,https://www.kamehouse-db.com/product/2596,https://www.kamehouse-db.com/product/2596?utm_source=mercari&utm_medium=cpc&utm_campaign=infeed_test,https://www.kamehouse-db.com/data/kamehouse/product/product_47611844.jpg,50,あり
2595,クリリン（FB04-055 C）,FB04 限界を超えし者 収録,FB04 限界を超えし者 > R以下,https://www.kamehouse-db.com/product/2595,https://www.kamehouse-db.com/product/2595?utm_source=mercari&utm_medium=cpc&utm_campaign=infeed_test,https://www.kamehouse-db.com/data/kamehouse/product/product_47611836.jpg,50,あり
2594,栽培マン（FB04-056 C）,FB04 限界を超えし者 収録,FB04 限界を超えし者 > R以下,https://www.kamehouse-db.com/product/2594,https://www.kamehouse-db.com/product/2594?utm_source=mercari&utm_medium=cpc&utm_campaign=infeed_test,https://www.kamehouse-db.com/data/kamehouse/product/product_47611832.jpg,50,あり
2593,人造人間18号（FB04-057 C）,FB04 限界を超えし者 収録,FB04 限界を超えし者 > R以下,https://www.kamehouse-db.com/product/2593,https://www.kamehouse-db.com/product/2593?utm_source=mercari&utm_medium=cpc&utm_campaign=infeed_test,https://www.kamehouse-db.com/data/kamehouse/product/product_47611828.jpg,50,あり
2592,亀仙人（FB04-054 UC）,FB04 限界を超えし者 収録,FB04 限界を超えし者 > R以下,https://www.kamehouse-db.com/product/2592,https://www.kamehouse-db.com/product/2592?utm_source=mercari&utm_medium=cpc&utm_campaign=infeed_test,https://www.kamehouse-db.com/data/kamehouse/product/product_47611840.jpg,80,あり
2591,孫悟飯：幼年期（FB04-060 UC）,FB04 限界を超えし者 収録,FB04 限界を超えし者 > R以下,https://www.kamehouse-db.com/product/2591,https://www.kamehouse-db.com/product/2591?utm_source=mercari&utm_medium=cpc&utm_campaign=infeed_test,https://www.kamehouse-db.com/data/kamehouse/product/product_47611812.jpg,80,あり
2590,ピッコロ（FB04-066 R）,FB04 限界を超えし者 収録,FB04 限界を超えし者 > R以下,https://www.kamehouse-db.com/product/2590,https://www.kamehouse-db.com/product/2590?utm_source=mercari&utm_medium=cpc&utm_campaign=infeed_test,https://www.kamehouse-db.com/data/kamehouse/product/product_47611784.jpg,80,あり
2589,ブルマ（FB04-068 UC）,FB04 限界を超えし者 収録,FB04 限界を超えし者 > R以下,https://www.kamehouse-db.com/product/2589,https://www.kamehouse-db.com/product/2589?utm_source=mercari&utm_medium=cpc&utm_campaign=infeed_test,https://www.kamehouse-db.com/data/kamehouse/product/product_47611776.jpg,80,あり
2588,ベジータ（FB04-069 R）,FB04 限界を超えし者 収録,FB04 限界を超えし者 > R以下,https://www.kamehouse-db.com/product/2588,https://www.kamehouse-db.com/product/2588?utm_source=mercari&utm_medium=cpc&utm_campaign=infeed_test,https://www.kamehouse-db.com/data/kamehouse/product/product_47611772.jpg,80,あり
2587,ラディッツ（FB04-072 R）,FB04 限界を超えし者 収録,FB04 限界を超えし者 > R以下,https://www.kamehouse-db.com/product/2587,https://www.kamehouse-db.com/product/2587?utm_source=mercari&utm_medium=cpc&utm_campaign=infeed_test,https://www.kamehouse-db.com/data/kamehouse/product/product_47611760.jpg,80,あり
2585,造りだされた満月（FB04-076 R）,FB04 限界を超えし者 収録,FB04 限界を超えし者 > R以下,https://www.kamehouse-db.com/product/2585,https://www.kamehouse-db.com/product/2585?utm_source=mercari&utm_medium=cpc&utm_campaign=infeed_test,https://www.kamehouse-db.com/data/kamehouse/product/product_47611744.jpg,80,あり
2584,キング・ゴマー：DA（FB04-080 R）,FB04 限界を超えし者 収録,FB04 限界を超えし者 > R以下,https://www.kamehouse-db.com/product/2584,https://www.kamehouse-db.com/product/2584?utm_source=mercari&utm_medium=cpc&utm_campaign=infeed_test,https://www.kamehouse-db.com/data/kamehouse/product/product_47611724.jpg,80,あり
2583,クウラ（FB04-081 R）,FB04 限界を超えし者 収録,FB04 限界を超えし者 > R以下,https://www.kamehouse-db.com/product/2583,https://www.kamehouse-db.com/product/2583?utm_source=mercari&utm_medium=cpc&utm_campaign=infeed_test,https://www.kamehouse-db.com/data/kamehouse/product/product_47611720.jpg,80,あり
2582,バビディ（FB04-085 R）,FB04 限界を超えし者 収録,FB04 限界を超えし者 > R以下,https://www.kamehouse-db.com/product/2582,https://www.kamehouse-db.com/product/2582?utm_source=mercari&utm_medium=cpc&utm_campaign=infeed_test,https://www.kamehouse-db.com/data/kamehouse/product/product_47611704.jpg,80,あり
2581,ビビディ（FB04-086 C）,FB04 限界を超えし者 収録,FB04 限界を超えし者 > R以下,https://www.kamehouse-db.com/product/2581,https://www.kamehouse-db.com/product/2581?utm_source=mercari&utm_medium=cpc&utm_campaign=infeed_test,https://www.kamehouse-db.com/data/kamehouse/product/product_47611700.jpg,80,あり
2580,ベジータ（FB04-089 R）,FB04 限界を超えし者 収録,FB04 限界を超えし者 > R以下,https://www.kamehouse-db.com/product/2580,https://www.kamehouse-db.com/product/2580?utm_source=mercari&utm_medium=cpc&utm_campaign=infeed_test,https://www.kamehouse-db.com/data/kamehouse/product/product_47611688.jpg,80,あり
2579,魔人ブウ：悪（FB04-092 UC）,FB04 限界を超えし者 収録,FB04 限界を超えし者 > R以下,https://www.kamehouse-db.com/product/2579,https://www.kamehouse-db.com/product/2579?utm_source=mercari&utm_medium=cpc&utm_campaign=infeed_test,https://www.kamehouse-db.com/data/kamehouse/product/product_47611676.jpg,80,あり
2578,魔人ブウ：純粋（FB04-095 R）,FB04 限界を超えし者 収録,FB04 限界を超えし者 > R以下,https://www.kamehouse-db.com/product/2578,https://www.kamehouse-db.com/product/2578?utm_source=mercari&utm_medium=cpc&utm_campaign=infeed_test,https://www.kamehouse-db.com/data/kamehouse/product/product_47611656.jpg,80,あり
2577,死角からの吸収（FB04-099 UC）,FB04 限界を超えし者 収録,FB04 限界を超えし者 > R以下,https://www.kamehouse-db.com/product/2577,https://www.kamehouse-db.com/product/2577?utm_source=mercari&utm_medium=cpc&utm_campaign=infeed_test,https://www.kamehouse-db.com/data/kamehouse/product/product_47611640.jpg,80,あり
2576,フリーザ軍の宇宙船（FB04-102 R）,FB04 限界を超えし者 収録,FB04 限界を超えし者 > R以下,https://www.kamehouse-db.com/product/2576,https://www.kamehouse-db.com/product/2576?utm_source=mercari&utm_medium=cpc&utm_campaign=infeed_test,https://www.kamehouse-db.com/data/kamehouse/product/product_47611628.jpg,80,あり
2575,ベジータベビー（FB04-103 L）,FB04 限界を超えし者 収録,FB04 限界を超えし者 > R以下,https://www.kamehouse-db.com/product/2575,https://www.kamehouse-db.com/product/2575?utm_source=mercari&utm_medium=cpc&utm_campaign=infeed_test,https://www.kamehouse-db.com/data/kamehouse/product/product_47611624.jpg,80,あり
2574,スーパーΣ（FB04-107 UC）,FB04 限界を超えし者 収録,FB04 限界を超えし者 > R以下,https://www.kamehouse-db.com/product/2574,https://www.kamehouse-db.com/product/2574?utm_source=mercari&utm_medium=cpc&utm_campaign=infeed_test,https://www.kamehouse-db.com/data/kamehouse/product/product_47611600.jpg,80,あり
2573,孫悟空：GT（FB04-109 R）,FB04 限界を超えし者 収録,FB04 限界を超えし者 > R以下,https://www.kamehouse-db.com/product/2573,https://www.kamehouse-db.com/product/2573?utm_source=mercari&utm_medium=cpc&utm_campaign=infeed_test,https://www.kamehouse-db.com/data/kamehouse/product/product_47611588.jpg,80,あり
2572,トランクス：GT（FB04-113 R）,FB04 限界を超えし者 収録,FB04 限界を超えし者 > R以下,https://www.kamehouse-db.com/product/2572,https://www.kamehouse-db.com/product/2572?utm_source=mercari&utm_medium=cpc&utm_campaign=infeed_test,https://www.kamehouse-db.com/data/kamehouse/product/product_47611572.jpg,80,あり
2571,ハイパーメガリルド（FB04-116 UC）,FB04 限界を超えし者 収録,FB04 限界を超えし者 > R以下,https://www.kamehouse-db.com/product/2571,https://www.kamehouse-db.com/product/2571?utm_source=mercari&utm_medium=cpc&utm_campaign=infeed_test,https://www.kamehouse-db.com/data/kamehouse/product/product_47611556.jpg,80,あり
2570,パン：GT（FB04-117 UC）,FB04 限界を超えし者 収録,FB04 限界を超えし者 > R以下,https://www.kamehouse-db.com/product/2570,https://www.kamehouse-db.com/product/2570?utm_source=mercari&utm_medium=cpc&utm_campaign=infeed_test,https://www.kamehouse-db.com/data/kamehouse/product/product_47611552.jpg,80,あり
2569,ブラ：GT（FB04-119 R）,FB04 限界を超えし者 収録,FB04 限界を超えし者 > R以下,https://www.kamehouse-db.com/product/2569,https://www.kamehouse-db.com/product/2569?utm_source=mercari&utm_medium=cpc&utm_campaign=infeed_test,https://www.kamehouse-db.com/data/kamehouse/product/product_47611544.jpg,80,あり
2568,ベジータ：ＧＴ（FB04-120 UC）,FB04 限界を超えし者 収録,FB04 限界を超えし者 > R以下,https://www.kamehouse-db.com/product/2568,https://www.kamehouse-db.com/product/2568?utm_source=mercari&utm_medium=cpc&utm_campaign=infeed_test,https://www.kamehouse-db.com/data/kamehouse/product/product_47611540.jpg,80,あり
2567,ベビー：少年体（FB04-122 C）,FB04 限界を超えし者 収録,FB04 限界を超えし者 > R以下,https://www.kamehouse-db.com/product/2567,https://www.kamehouse-db.com/product/2567?utm_source=mercari&utm_medium=cpc&utm_campaign=infeed_test,https://www.kamehouse-db.com/data/kamehouse/product/product_47611532.jpg,80,あり
2566,メタルリルド（FB04-123 R）,FB04 限界を超えし者 収録,FB04 限界を超えし者 > R以下,https://www.kamehouse-db.com/product/2566,https://www.kamehouse-db.com/product/2566?utm_source=mercari&utm_medium=cpc&utm_campaign=infeed_test,https://www.kamehouse-db.com/data/kamehouse/product/product_47611528.jpg,80,あり
2565,リルド将軍（FB04-125 R）,FB04 限界を超えし者 収録,FB04 限界を超えし者 > R以下,https://www.kamehouse-db.com/product/2565,https://www.kamehouse-db.com/product/2565?utm_source=mercari&utm_medium=cpc&utm_campaign=infeed_test,https://www.kamehouse-db.com/data/kamehouse/product/product_47611520.jpg,80,あり
2564,超ギャリック砲（FB04-127 UC）,FB04 限界を超えし者 収録,FB04 限界を超えし者 > R以下,https://www.kamehouse-db.com/product/2564,https://www.kamehouse-db.com/product/2564?utm_source=mercari&utm_medium=cpc&utm_campaign=infeed_test,https://www.kamehouse-db.com/data/kamehouse/product/product_47611512.jpg,80,あり
2563,魔人ブウ：悪（FB04-091 UC）,FB04 限界を超えし者 収録,FB04 限界を超えし者 > R以下,https://www.kamehouse-db.com/product/2563,https://www.kamehouse-db.com/product/2563?utm_source=mercari&utm_medium=cpc&utm_campaign=infeed_test,https://www.kamehouse-db.com/data/kamehouse/product/product_47608552.jpg,80,あり
2561,魔人ブウ：純粋悪（FB04-096 UC）,FB04 限界を超えし者 収録,FB04 限界を超えし者 > R以下,https://www.kamehouse-db.com/product/2561,https://www.kamehouse-db.com/product/2561?utm_source=mercari&utm_medium=cpc&utm_campaign=infeed_test,https://www.kamehouse-db.com/data/kamehouse/product/product_47608544.jpg,80,あり
2560,孫悟空（FB04-001 L）,FB04 限界を超えし者 収録,FB04 限界を超えし者 > R以下,https://www.kamehouse-db.com/product/2560,https://www.kamehouse-db.com/product/2560?utm_source=mercari&utm_medium=cpc&utm_campaign=infeed_test,https://www.kamehouse-db.com/data/kamehouse/product/product_47612084.jpg,80,あり
2559,シン（FB04-007 R）,FB04 限界を超えし者 収録,FB04 限界を超えし者 > R以下,https://www.kamehouse-db.com/product/2559,https://www.kamehouse-db.com/product/2559?utm_source=mercari&utm_medium=cpc&utm_campaign=infeed_test,https://www.kamehouse-db.com/data/kamehouse/product/product_47612056.jpg,120,あり
2558,グレートサイヤマン2号（FB04-030 R）,FB04 限界を超えし者 収録,FB04 限界を超えし者 > R以下,https://www.kamehouse-db.com/product/2558,https://www.kamehouse-db.com/product/2558?utm_source=mercari&utm_medium=cpc&utm_campaign=infeed_test,https://www.kamehouse-db.com/data/kamehouse/product/product_47611952.jpg,120,あり
2557,ゴテンクス（FB04-032 R）,FB04 限界を超えし者 収録,FB04 限界を超えし者 > R以下,https://www.kamehouse-db.com/product/2557,https://www.kamehouse-db.com/product/2557?utm_source=mercari&utm_medium=cpc&utm_campaign=infeed_test,https://www.kamehouse-db.com/data/kamehouse/product/product_47611944.jpg,120,あり
2556,ベジット（FB04-046 R）,FB04 限界を超えし者 収録,FB04 限界を超えし者 > R以下,https://www.kamehouse-db.com/product/2556,https://www.kamehouse-db.com/product/2556?utm_source=mercari&utm_medium=cpc&utm_campaign=infeed_test,https://www.kamehouse-db.com/data/kamehouse/product/product_47611880.jpg,180,あり
2555,魔人ブウ：悪（FB04-077 L）,FB04 限界を超えし者 収録,FB04 限界を超えし者 > R以下,https://www.kamehouse-db.com/product/2555,https://www.kamehouse-db.com/product/2555?utm_source=mercari&utm_medium=cpc&utm_campaign=infeed_test,https://www.kamehouse-db.com/data/kamehouse/product/product_47611740.jpg,180,あり
2554,孫悟天：GT（FB04-110 UC）,FB04 限界を超えし者 収録,FB04 限界を超えし者 > R以下,https://www.kamehouse-db.com/product/2554,https://www.kamehouse-db.com/product/2554?utm_source=mercari&utm_medium=cpc&utm_campaign=infeed_test,https://www.kamehouse-db.com/data/kamehouse/product/product_47611584.jpg,120,あり
2553,ビーデル（FB04-041 UC）,FB04 限界を超えし者 収録,FB04 限界を超えし者 > R以下,https://www.kamehouse-db.com/product/2553,https://www.kamehouse-db.com/product/2553?utm_source=mercari&utm_medium=cpc&utm_campaign=infeed_test,https://www.kamehouse-db.com/data/kamehouse/product/product_47608588.jpg,120,あり
2552,孫悟飯：幼年期（FB04-060 UC）,FB04 限界を超えし者 収録,FB04 限界を超えし者 > R以下,https://www.kamehouse-db.com/product/2552,https://www.kamehouse-db.com/product/2552?utm_source=mercari&utm_medium=cpc&utm_campaign=infeed_test,https://www.kamehouse-db.com/data/kamehouse/product/product_47608576.jpg,120,あり
2551,ベジータ（FB04-069 R）,FB04 限界を超えし者 収録,FB04 限界を超えし者 > R以下,https://www.kamehouse-db.com/product/2551,https://www.kamehouse-db.com/product/2551?utm_source=mercari&utm_medium=cpc&utm_campaign=infeed_test,https://www.kamehouse-db.com/data/kamehouse/product/product_47608572.jpg,180,あり
2550,ラディッツ（FB04-072 R）,FB04 限界を超えし者 収録,FB04 限界を超えし者 > R以下,https://www.kamehouse-db.com/product/2550,https://www.kamehouse-db.com/product/2550?utm_source=mercari&utm_medium=cpc&utm_campaign=infeed_test,https://www.kamehouse-db.com/data/kamehouse/product/product_47608568.jpg,120,あり
2549,挨拶代わりの一撃（FB04-073 UC）,FB04 限界を超えし者 収録,FB04 限界を超えし者 > R以下,https://www.kamehouse-db.com/product/2549,https://www.kamehouse-db.com/product/2549?utm_source=mercari&utm_medium=cpc&utm_campaign=infeed_test,https://www.kamehouse-db.com/data/kamehouse/product/product_47608564.jpg,120,あり
2548,造りだされた満月（FB04-076 R）,FB04 限界を超えし者 収録,FB04 限界を超えし者 > R以下,https://www.kamehouse-db.com/product/2548,https://www.kamehouse-db.com/product/2548?utm_source=mercari&utm_medium=cpc&utm_campaign=infeed_test,https://www.kamehouse-db.com/data/kamehouse/product/product_47608560.jpg,120,あり
2547,ベジータ（FB04-088 UC）,FB04 限界を超えし者 収録,FB04 限界を超えし者 > R以下,https://www.kamehouse-db.com/product/2547,https://www.kamehouse-db.com/product/2547?utm_source=mercari&utm_medium=cpc&utm_campaign=infeed_test,https://www.kamehouse-db.com/data/kamehouse/product/product_47608556.jpg,120,あり
2546,セル（FB04-058 R）,FB04 限界を超えし者 収録,FB04 限界を超えし者 > R以下,https://www.kamehouse-db.com/product/2546,https://www.kamehouse-db.com/product/2546?utm_source=mercari&utm_medium=cpc&utm_campaign=infeed_test,https://www.kamehouse-db.com/data/kamehouse/product/product_47611824.jpg,180,あり
2545,ピッコロ（ミニ）：DA（FB04-067 R）,FB04 限界を超えし者 収録,FB04 限界を超えし者 > R以下,https://www.kamehouse-db.com/product/2545,https://www.kamehouse-db.com/product/2545?utm_source=mercari&utm_medium=cpc&utm_campaign=infeed_test,https://www.kamehouse-db.com/data/kamehouse/product/product_47611780.jpg,120,あり
2544,グロリオ：DA（FB04-105 R）,FB04 限界を超えし者 収録,FB04 限界を超えし者 > R以下,https://www.kamehouse-db.com/product/2544,https://www.kamehouse-db.com/product/2544?utm_source=mercari&utm_medium=cpc&utm_campaign=infeed_test,https://www.kamehouse-db.com/data/kamehouse/product/product_47611608.jpg,180,あり
2542,孫悟空（FB05-001 L）,FB05 未知なる冒険 収録,FB05 未知なる冒険 > R以下,https://www.kamehouse-db.com/product/2542,https://www.kamehouse-db.com/product/2542?utm_source=mercari&utm_medium=cpc&utm_campaign=infeed_test,https://www.kamehouse-db.com/data/kamehouse/product/product_47611160.jpg,80,あり
2541,カダン：DA（FB05-002 UC）,FB05 未知なる冒険 収録,FB05 未知なる冒険 > R以下,https://www.kamehouse-db.com/product/2541,https://www.kamehouse-db.com/product/2541?utm_source=mercari&utm_medium=cpc&utm_campaign=infeed_test,https://www.kamehouse-db.com/data/kamehouse/product/product_47611152.jpg,50,あり
2540,亀仙人（FB05-003 C）,FB05 未知なる冒険 収録,FB05 未知なる冒険 > R以下,https://www.kamehouse-db.com/product/2540,https://www.kamehouse-db.com/product/2540?utm_source=mercari&utm_medium=cpc&utm_campaign=infeed_test,https://www.kamehouse-db.com/data/kamehouse/product/product_47611148.jpg,50,あり
2539,キビト（FB05-004 R）,FB05 未知なる冒険 収録,FB05 未知なる冒険 > R以下,https://www.kamehouse-db.com/product/2539,https://www.kamehouse-db.com/product/2539?utm_source=mercari&utm_medium=cpc&utm_campaign=infeed_test,https://www.kamehouse-db.com/data/kamehouse/product/product_47611144.jpg,80,あり
2538,グロリオ：DA（FB05-005 C）,FB05 未知なる冒険 収録,FB05 未知なる冒険 > R以下,https://www.kamehouse-db.com/product/2538,https://www.kamehouse-db.com/product/2538?utm_source=mercari&utm_medium=cpc&utm_campaign=infeed_test,https://www.kamehouse-db.com/data/kamehouse/product/product_47611140.jpg,50,あり
2537,孫悟空（FB05-007 R）,FB05 未知なる冒険 収録,FB05 未知なる冒険 > R以下,https://www.kamehouse-db.com/product/2537,https://www.kamehouse-db.com/product/2537?utm_source=mercari&utm_medium=cpc&utm_campaign=infeed_test,https://www.kamehouse-db.com/data/kamehouse/product/product_47611128.jpg,80,あり
2536,孫悟飯：青年期（FB05-008 R）,FB05 未知なる冒険 収録,FB05 未知なる冒険 > R以下,https://www.kamehouse-db.com/product/2536,https://www.kamehouse-db.com/product/2536?utm_source=mercari&utm_medium=cpc&utm_campaign=infeed_test,https://www.kamehouse-db.com/data/kamehouse/product/product_47611124.jpg,80,あり
2535,天津飯（FB05-010 UC）,FB05 未知なる冒険 収録,FB05 未知なる冒険 > R以下,https://www.kamehouse-db.com/product/2535,https://www.kamehouse-db.com/product/2535?utm_source=mercari&utm_medium=cpc&utm_campaign=infeed_test,https://www.kamehouse-db.com/data/kamehouse/product/product_47611112.jpg,80,あり
2534,ネバ：DA（FB05-011 C）,FB05 未知なる冒険 収録,FB05 未知なる冒険 > R以下,https://www.kamehouse-db.com/product/2534,https://www.kamehouse-db.com/product/2534?utm_source=mercari&utm_medium=cpc&utm_campaign=infeed_test,https://www.kamehouse-db.com/data/kamehouse/product/product_47611108.jpg,80,あり
2533,ハイビス：DA（FB05-012 C）,FB05 未知なる冒険 収録,FB05 未知なる冒険 > R以下,https://www.kamehouse-db.com/product/2533,https://www.kamehouse-db.com/product/2533?utm_source=mercari&utm_medium=cpc&utm_campaign=infeed_test,https://www.kamehouse-db.com/data/kamehouse/product/product_47611104.jpg,50,あり
2532,パンジ：DA（FB05-013 R）,FB05 未知なる冒険 収録,FB05 未知なる冒険 > R以下,https://www.kamehouse-db.com/product/2532,https://www.kamehouse-db.com/product/2532?utm_source=mercari&utm_medium=cpc&utm_campaign=infeed_test,https://www.kamehouse-db.com/data/kamehouse/product/product_47611100.jpg,80,あり
2531,パンジ：DA（FB05-014 C）,FB05 未知なる冒険 収録,FB05 未知なる冒険 > R以下,https://www.kamehouse-db.com/product/2531,https://www.kamehouse-db.com/product/2531?utm_source=mercari&utm_medium=cpc&utm_campaign=infeed_test,https://www.kamehouse-db.com/data/kamehouse/product/product_47611096.jpg,50,あり
2530,ピッコロ（FB05-016 C）,FB05 未知なる冒険 収録,FB05 未知なる冒険 > R以下,https://www.kamehouse-db.com/product/2530,https://www.kamehouse-db.com/product/2530?utm_source=mercari&utm_medium=cpc&utm_campaign=infeed_test,https://www.kamehouse-db.com/data/kamehouse/product/product_47611084.jpg,50,あり
2529,ブルマ（FB05-017 UC）,FB05 未知なる冒険 収録,FB05 未知なる冒険 > R以下,https://www.kamehouse-db.com/product/2529,https://www.kamehouse-db.com/product/2529?utm_source=mercari&utm_medium=cpc&utm_campaign=infeed_test,https://www.kamehouse-db.com/data/kamehouse/product/product_47611080.jpg,80,あり
2528,ベジータ（FB05-018 UC）,FB05 未知なる冒険 収録,FB05 未知なる冒険 > R以下,https://www.kamehouse-db.com/product/2528,https://www.kamehouse-db.com/product/2528?utm_source=mercari&utm_medium=cpc&utm_campaign=infeed_test,https://www.kamehouse-db.com/data/kamehouse/product/product_47611076.jpg,80,あり
2527,魔人ブウ：善（FB05-019 R）,FB05 未知なる冒険 収録,FB05 未知なる冒険 > R以下,https://www.kamehouse-db.com/product/2527,https://www.kamehouse-db.com/product/2527?utm_source=mercari&utm_medium=cpc&utm_campaign=infeed_test,https://www.kamehouse-db.com/data/kamehouse/product/product_47611072.jpg,80,あり
2526,ミノタウロス：DA（FB05-020 UC）,FB05 未知なる冒険 収録,FB05 未知なる冒険 > R以下,https://www.kamehouse-db.com/product/2526,https://www.kamehouse-db.com/product/2526?utm_source=mercari&utm_medium=cpc&utm_campaign=infeed_test,https://www.kamehouse-db.com/data/kamehouse/product/product_47611068.jpg,80,あり
2525,モスコ（FB05-021 R）,FB05 未知なる冒険 収録,FB05 未知なる冒険 > R以下,https://www.kamehouse-db.com/product/2525,https://www.kamehouse-db.com/product/2525?utm_source=mercari&utm_medium=cpc&utm_campaign=infeed_test,https://www.kamehouse-db.com/data/kamehouse/product/product_47611064.jpg,80,あり
2524,新たなる冒険（FB05-022 UC）,FB05 未知なる冒険 収録,FB05 未知なる冒険 > R以下,https://www.kamehouse-db.com/product/2524,https://www.kamehouse-db.com/product/2524?utm_source=mercari&utm_medium=cpc&utm_campaign=infeed_test,https://www.kamehouse-db.com/data/kamehouse/product/product_47611060.jpg,80,あり
2523,小さくなった体（FB05-023 C）,FB05 未知なる冒険 収録,FB05 未知なる冒険 > R以下,https://www.kamehouse-db.com/product/2523,https://www.kamehouse-db.com/product/2523?utm_source=mercari&utm_medium=cpc&utm_campaign=infeed_test,https://www.kamehouse-db.com/data/kamehouse/product/product_47611056.jpg,50,あり
2522,ワープさま（FB05-024 C）,FB05 未知なる冒険 収録,FB05 未知なる冒険 > R以下,https://www.kamehouse-db.com/product/2522,https://www.kamehouse-db.com/product/2522?utm_source=mercari&utm_medium=cpc&utm_campaign=infeed_test,https://www.kamehouse-db.com/data/kamehouse/product/product_47611052.jpg,50,あり
2521,ベジット（FB05-025 L）,FB05 未知なる冒険 収録,FB05 未知なる冒険 > R以下,https://www.kamehouse-db.com/product/2521,https://www.kamehouse-db.com/product/2521?utm_source=mercari&utm_medium=cpc&utm_campaign=infeed_test,https://www.kamehouse-db.com/data/kamehouse/product/product_47611048.jpg,180,あり
2520,ウーブ（FB05-026 C）,FB05 未知なる冒険 収録,FB05 未知なる冒険 > R以下,https://www.kamehouse-db.com/product/2520,https://www.kamehouse-db.com/product/2520?utm_source=mercari&utm_medium=cpc&utm_campaign=infeed_test,https://www.kamehouse-db.com/data/kamehouse/product/product_47611040.jpg,50,あり
2519,ゴクウブラック（FB05-027 R）,FB05 未知なる冒険 収録,FB05 未知なる冒険 > R以下,https://www.kamehouse-db.com/product/2519,https://www.kamehouse-db.com/product/2519?utm_source=mercari&utm_medium=cpc&utm_campaign=infeed_test,https://www.kamehouse-db.com/data/kamehouse/product/product_47611036.jpg,80,あり
2517,ザマス：合体（FB05-029 UC）,FB05 未知なる冒険 収録,FB05 未知なる冒険 > R以下,https://www.kamehouse-db.com/product/2517,https://www.kamehouse-db.com/product/2517?utm_source=mercari&utm_medium=cpc&utm_campaign=infeed_test,https://www.kamehouse-db.com/data/kamehouse/product/product_47611028.jpg,80,あり
2516,孫悟空（FB05-031 UC）,FB05 未知なる冒険 収録,FB05 未知なる冒険 > R以下,https://www.kamehouse-db.com/product/2516,https://www.kamehouse-db.com/product/2516?utm_source=mercari&utm_medium=cpc&utm_campaign=infeed_test,https://www.kamehouse-db.com/data/kamehouse/product/product_47611016.jpg,50,あり
2515,孫悟天：青年期（FB05-032 C）,FB05 未知なる冒険 収録,FB05 未知なる冒険 > R以下,https://www.kamehouse-db.com/product/2515,https://www.kamehouse-db.com/product/2515?utm_source=mercari&utm_medium=cpc&utm_campaign=infeed_test,https://www.kamehouse-db.com/data/kamehouse/product/product_47611012.jpg,50,あり
2514,孫悟飯：青年期（FB05-033 R）,FB05 未知なる冒険 収録,FB05 未知なる冒険 > R以下,https://www.kamehouse-db.com/product/2514,https://www.kamehouse-db.com/product/2514?utm_source=mercari&utm_medium=cpc&utm_campaign=infeed_test,https://www.kamehouse-db.com/data/kamehouse/product/product_47611008.jpg,80,あり
2513,デンデ（FB05-034 C）,FB05 未知なる冒険 収録,FB05 未知なる冒険 > R以下,https://www.kamehouse-db.com/product/2513,https://www.kamehouse-db.com/product/2513?utm_source=mercari&utm_medium=cpc&utm_campaign=infeed_test,https://www.kamehouse-db.com/data/kamehouse/product/product_47611004.jpg,50,あり
2512,トランクス：青年期（FB05-035 UC）,FB05 未知なる冒険 収録,FB05 未知なる冒険 > R以下,https://www.kamehouse-db.com/product/2512,https://www.kamehouse-db.com/product/2512?utm_source=mercari&utm_medium=cpc&utm_campaign=infeed_test,https://www.kamehouse-db.com/data/kamehouse/product/product_47611000.jpg,50,あり
2511,パン（FB05-036 UC）,FB05 未知なる冒険 収録,FB05 未知なる冒険 > R以下,https://www.kamehouse-db.com/product/2511,https://www.kamehouse-db.com/product/2511?utm_source=mercari&utm_medium=cpc&utm_campaign=infeed_test,https://www.kamehouse-db.com/data/kamehouse/product/product_47610996.jpg,80,あり
2510,ブルマ（FB05-037 C）,FB05 未知なる冒険 収録,FB05 未知なる冒険 > R以下,https://www.kamehouse-db.com/product/2510,https://www.kamehouse-db.com/product/2510?utm_source=mercari&utm_medium=cpc&utm_campaign=infeed_test,https://www.kamehouse-db.com/data/kamehouse/product/product_47610992.jpg,50,あり
2509,ベジータ（FB05-039 UC）,FB05 未知なる冒険 収録,FB05 未知なる冒険 > R以下,https://www.kamehouse-db.com/product/2509,https://www.kamehouse-db.com/product/2509?utm_source=mercari&utm_medium=cpc&utm_campaign=infeed_test,https://www.kamehouse-db.com/data/kamehouse/product/product_47610980.jpg,80,あり
2507,魔人ブウ：善（FB05-042 C）,FB05 未知なる冒険 収録,FB05 未知なる冒険 > R以下,https://www.kamehouse-db.com/product/2507,https://www.kamehouse-db.com/product/2507?utm_source=mercari&utm_medium=cpc&utm_campaign=infeed_test,https://www.kamehouse-db.com/data/kamehouse/product/product_47610964.jpg,50,あり
2506,ミスター・サタン（FB05-043 UC）,FB05 未知なる冒険 収録,FB05 未知なる冒険 > R以下,https://www.kamehouse-db.com/product/2506,https://www.kamehouse-db.com/product/2506?utm_source=mercari&utm_medium=cpc&utm_campaign=infeed_test,https://www.kamehouse-db.com/data/kamehouse/product/product_47610960.jpg,80,あり
2505,老界王神（FB05-044 C）,FB05 未知なる冒険 収録,FB05 未知なる冒険 > R以下,https://www.kamehouse-db.com/product/2505,https://www.kamehouse-db.com/product/2505?utm_source=mercari&utm_medium=cpc&utm_campaign=infeed_test,https://www.kamehouse-db.com/data/kamehouse/product/product_47610956.jpg,50,あり
2504,界王神界（FB05-045 C）,FB05 未知なる冒険 収録,FB05 未知なる冒険 > R以下,https://www.kamehouse-db.com/product/2504,https://www.kamehouse-db.com/product/2504?utm_source=mercari&utm_medium=cpc&utm_campaign=infeed_test,https://www.kamehouse-db.com/data/kamehouse/product/product_47610952.jpg,50,あり
2502,天下無敵の合体おとうさん（FB05-047 C）,FB05 未知なる冒険 収録,FB05 未知なる冒険 > R以下,https://www.kamehouse-db.com/product/2502,https://www.kamehouse-db.com/product/2502?utm_source=mercari&utm_medium=cpc&utm_campaign=infeed_test,https://www.kamehouse-db.com/data/kamehouse/product/product_47610944.jpg,50,あり
2501,またな！（FB05-048 R）,FB05 未知なる冒険 収録,FB05 未知なる冒険 > R以下,https://www.kamehouse-db.com/product/2501,https://www.kamehouse-db.com/product/2501?utm_source=mercari&utm_medium=cpc&utm_campaign=infeed_test,https://www.kamehouse-db.com/data/kamehouse/product/product_47610940.jpg,50,あり
2500,孫悟空（FB05-049 L）,FB05 未知なる冒険 収録,FB05 未知なる冒険 > R以下,https://www.kamehouse-db.com/product/2500,https://www.kamehouse-db.com/product/2500?utm_source=mercari&utm_medium=cpc&utm_campaign=infeed_test,https://www.kamehouse-db.com/data/kamehouse/product/product_47610936.jpg,80,あり
2499,北の界王（FB05-050 C）,FB05 未知なる冒険 収録,FB05 未知なる冒険 > R以下,https://www.kamehouse-db.com/product/2499,https://www.kamehouse-db.com/product/2499?utm_source=mercari&utm_medium=cpc&utm_campaign=infeed_test,https://www.kamehouse-db.com/data/kamehouse/product/product_47610928.jpg,50,あり
2498,最長老（FB05-052 C）,FB05 未知なる冒険 収録,FB05 未知なる冒険 > R以下,https://www.kamehouse-db.com/product/2498,https://www.kamehouse-db.com/product/2498?utm_source=mercari&utm_medium=cpc&utm_campaign=infeed_test,https://www.kamehouse-db.com/data/kamehouse/product/product_47610916.jpg,80,あり
2497,孫悟空（FB05-053 R）,FB05 未知なる冒険 収録,FB05 未知なる冒険 > R以下,https://www.kamehouse-db.com/product/2497,https://www.kamehouse-db.com/product/2497?utm_source=mercari&utm_medium=cpc&utm_campaign=infeed_test,https://www.kamehouse-db.com/data/kamehouse/product/product_47610912.jpg,50,あり
2496,チチ（FB05-055 UC）,FB05 未知なる冒険 収録,FB05 未知なる冒険 > R以下,https://www.kamehouse-db.com/product/2496,https://www.kamehouse-db.com/product/2496?utm_source=mercari&utm_medium=cpc&utm_campaign=infeed_test,https://www.kamehouse-db.com/data/kamehouse/product/product_47610900.jpg,80,あり
2495,餃子（FB05-056 UC）,FB05 未知なる冒険 収録,FB05 未知なる冒険 > R以下,https://www.kamehouse-db.com/product/2495,https://www.kamehouse-db.com/product/2495?utm_source=mercari&utm_medium=cpc&utm_campaign=infeed_test,https://www.kamehouse-db.com/data/kamehouse/product/product_47610896.jpg,120,あり
2494,天津飯（FB05-057 C）,FB05 未知なる冒険 収録,FB05 未知なる冒険 > R以下,https://www.kamehouse-db.com/product/2494,https://www.kamehouse-db.com/product/2494?utm_source=mercari&utm_medium=cpc&utm_campaign=infeed_test,https://www.kamehouse-db.com/data/kamehouse/product/product_47610892.jpg,80,あり
2493,デンデ（FB05-058 UC）,FB05 未知なる冒険 収録,FB05 未知なる冒険 > R以下,https://www.kamehouse-db.com/product/2493,https://www.kamehouse-db.com/product/2493?utm_source=mercari&utm_medium=cpc&utm_campaign=infeed_test,https://www.kamehouse-db.com/data/kamehouse/product/product_47610888.jpg,50,あり
2492,ネイル（FB05-059 C）,FB05 未知なる冒険 収録,FB05 未知なる冒険 > R以下,https://www.kamehouse-db.com/product/2492,https://www.kamehouse-db.com/product/2492?utm_source=mercari&utm_medium=cpc&utm_campaign=infeed_test,https://www.kamehouse-db.com/data/kamehouse/product/product_47610884.jpg,50,あり
2490,ブリーフ博士（FB05-061 C）,FB05 未知なる冒険 収録,FB05 未知なる冒険 > R以下,https://www.kamehouse-db.com/product/2490,https://www.kamehouse-db.com/product/2490?utm_source=mercari&utm_medium=cpc&utm_campaign=infeed_test,https://www.kamehouse-db.com/data/kamehouse/product/product_47610876.jpg,50,あり
2488,ベジータ（FB05-063 R）,FB05 未知なる冒険 収録,FB05 未知なる冒険 > R以下,https://www.kamehouse-db.com/product/2488,https://www.kamehouse-db.com/product/2488?utm_source=mercari&utm_medium=cpc&utm_campaign=infeed_test,https://www.kamehouse-db.com/data/kamehouse/product/product_47610868.jpg,80,あり
2486,ヤムチャ（FB05-065 C）,FB05 未知なる冒険 収録,FB05 未知なる冒険 > R以下,https://www.kamehouse-db.com/product/2486,https://www.kamehouse-db.com/product/2486?utm_source=mercari&utm_medium=cpc&utm_campaign=infeed_test,https://www.kamehouse-db.com/data/kamehouse/product/product_47610860.jpg,50,あり
2485,ヤードラット星人（FB05-066 UC）,FB05 未知なる冒険 収録,FB05 未知なる冒険 > R以下,https://www.kamehouse-db.com/product/2485,https://www.kamehouse-db.com/product/2485?utm_source=mercari&utm_medium=cpc&utm_campaign=infeed_test,https://www.kamehouse-db.com/data/kamehouse/product/product_47610856.jpg,50,あり
2483,潜在能力の解放（FB05-068 C）,FB05 未知なる冒険 収録,FB05 未知なる冒険 > R以下,https://www.kamehouse-db.com/product/2483,https://www.kamehouse-db.com/product/2483?utm_source=mercari&utm_medium=cpc&utm_campaign=infeed_test,https://www.kamehouse-db.com/data/kamehouse/product/product_47610848.jpg,50,あり
2482,100倍重力での修業（FB05-069 C）,FB05 未知なる冒険 収録,FB05 未知なる冒険 > R以下,https://www.kamehouse-db.com/product/2482,https://www.kamehouse-db.com/product/2482?utm_source=mercari&utm_medium=cpc&utm_campaign=infeed_test,https://www.kamehouse-db.com/data/kamehouse/product/product_47610844.jpg,50,あり
2481,ブリーフ博士の宇宙船（FB05-070 UC）,FB05 未知なる冒険 収録,FB05 未知なる冒険 > R以下,https://www.kamehouse-db.com/product/2481,https://www.kamehouse-db.com/product/2481?utm_source=mercari&utm_medium=cpc&utm_campaign=infeed_test,https://www.kamehouse-db.com/data/kamehouse/product/product_47610840.jpg,80,あり
2480,フルパワーだーっ（FB05-071 R）,FB05 未知なる冒険 収録,FB05 未知なる冒険 > R以下,https://www.kamehouse-db.com/product/2480,https://www.kamehouse-db.com/product/2480?utm_source=mercari&utm_medium=cpc&utm_campaign=infeed_test,https://www.kamehouse-db.com/data/kamehouse/product/product_47610836.jpg,50,あり
2479,ジャネンバ（FB05-072 L）,FB05 未知なる冒険 収録,FB05 未知なる冒険 > R以下,https://www.kamehouse-db.com/product/2479,https://www.kamehouse-db.com/product/2479?utm_source=mercari&utm_medium=cpc&utm_campaign=infeed_test,https://www.kamehouse-db.com/data/kamehouse/product/product_47610832.jpg,80,あり
2478,コルド大王（FB05-073 R）,FB05 未知なる冒険 収録,FB05 未知なる冒険 > R以下,https://www.kamehouse-db.com/product/2478,https://www.kamehouse-db.com/product/2478?utm_source=mercari&utm_medium=cpc&utm_campaign=infeed_test,https://www.kamehouse-db.com/data/kamehouse/product/product_47610824.jpg,50,あり
2477,ザーボン（FB05-074 UC）,FB05 未知なる冒険 収録,FB05 未知なる冒険 > R以下,https://www.kamehouse-db.com/product/2477,https://www.kamehouse-db.com/product/2477?utm_source=mercari&utm_medium=cpc&utm_campaign=infeed_test,https://www.kamehouse-db.com/data/kamehouse/product/product_47610820.jpg,50,あり
2476,サイケ鬼（FB05-075 C）,FB05 未知なる冒険 収録,FB05 未知なる冒険 > R以下,https://www.kamehouse-db.com/product/2476,https://www.kamehouse-db.com/product/2476?utm_source=mercari&utm_medium=cpc&utm_campaign=infeed_test,https://www.kamehouse-db.com/data/kamehouse/product/product_47610816.jpg,120,あり
2475,ザンギャ（FB05-076 R）,FB05 未知なる冒険 収録,FB05 未知なる冒険 > R以下,https://www.kamehouse-db.com/product/2475,https://www.kamehouse-db.com/product/2475?utm_source=mercari&utm_medium=cpc&utm_campaign=infeed_test,https://www.kamehouse-db.com/data/kamehouse/product/product_47610812.jpg,80,あり
2474,ジース（FB05-077 R）,FB05 未知なる冒険 収録,FB05 未知なる冒険 > R以下,https://www.kamehouse-db.com/product/2474,https://www.kamehouse-db.com/product/2474?utm_source=mercari&utm_medium=cpc&utm_campaign=infeed_test,https://www.kamehouse-db.com/data/kamehouse/product/product_47610808.jpg,80,あり
2473,ジャガー・バッタ男爵（FB05-078 UC）,FB05 未知なる冒険 収録,FB05 未知なる冒険 > R以下,https://www.kamehouse-db.com/product/2473,https://www.kamehouse-db.com/product/2473?utm_source=mercari&utm_medium=cpc&utm_campaign=infeed_test,https://www.kamehouse-db.com/data/kamehouse/product/product_47610804.jpg,50,あり
2472,ジャネンバ（FB05-079 C）,FB05 未知なる冒険 収録,FB05 未知なる冒険 > R以下,https://www.kamehouse-db.com/product/2472,https://www.kamehouse-db.com/product/2472?utm_source=mercari&utm_medium=cpc&utm_campaign=infeed_test,https://www.kamehouse-db.com/data/kamehouse/product/product_47610800.jpg,50,あり
2470,バイオ戦士（FB05-082 C）,FB05 未知なる冒険 収録,FB05 未知なる冒険 > R以下,https://www.kamehouse-db.com/product/2470,https://www.kamehouse-db.com/product/2470?utm_source=mercari&utm_medium=cpc&utm_campaign=infeed_test,https://www.kamehouse-db.com/data/kamehouse/product/product_47610784.jpg,50,あり
2469,バイオブロリー（FB05-083 R）,FB05 未知なる冒険 収録,FB05 未知なる冒険 > R以下,https://www.kamehouse-db.com/product/2469,https://www.kamehouse-db.com/product/2469?utm_source=mercari&utm_medium=cpc&utm_campaign=infeed_test,https://www.kamehouse-db.com/data/kamehouse/product/product_47610780.jpg,80,あり
2468,フリーザ（FB05-085 R）,FB05 未知なる冒険,FB05 未知なる冒険 > R以下,https://www.kamehouse-db.com/product/2468,https://www.kamehouse-db.com/product/2468?utm_source=mercari&utm_medium=cpc&utm_campaign=infeed_test,https://www.kamehouse-db.com/data/kamehouse/product/product_47610768.jpg,50,あり
2467,魔人ブウ：悪（FB05-086 R）,FB05 未知なる冒険 収録,FB05 未知なる冒険 > R以下,https://www.kamehouse-db.com/product/2467,https://www.kamehouse-db.com/product/2467?utm_source=mercari&utm_medium=cpc&utm_campaign=infeed_test,https://www.kamehouse-db.com/data/kamehouse/product/product_47610764.jpg,80,あり
2466,メカフリーザ（FB05-087 UC）,FB05 未知なる冒険 収録,FB05 未知なる冒険 > R以下,https://www.kamehouse-db.com/product/2466,https://www.kamehouse-db.com/product/2466?utm_source=mercari&utm_medium=cpc&utm_campaign=infeed_test,https://www.kamehouse-db.com/data/kamehouse/product/product_47610760.jpg,80,あり
2465,メンメン（FB05-088 C）,FB05 未知なる冒険 収録,FB05 未知なる冒険 > R以下,https://www.kamehouse-db.com/product/2465,https://www.kamehouse-db.com/product/2465?utm_source=mercari&utm_medium=cpc&utm_campaign=infeed_test,https://www.kamehouse-db.com/data/kamehouse/product/product_47610756.jpg,50,あり
2464,リクーム（FB05-089 UC）,FB05 未知なる冒険 収録,FB05 未知なる冒険 > R以下,https://www.kamehouse-db.com/product/2464,https://www.kamehouse-db.com/product/2464?utm_source=mercari&utm_medium=cpc&utm_campaign=infeed_test,https://www.kamehouse-db.com/data/kamehouse/product/product_47610752.jpg,80,あり
2463,幻惑の襲撃（FB05-090 C）,FB05 未知なる冒険 収録,FB05 未知なる冒険 > R以下,https://www.kamehouse-db.com/product/2463,https://www.kamehouse-db.com/product/2463?utm_source=mercari&utm_medium=cpc&utm_campaign=infeed_test,https://www.kamehouse-db.com/data/kamehouse/product/product_47610748.jpg,50,あり
2462,地獄の羅刹鬼（FB05-091 UC）,FB05 未知なる冒険 収録,FB05 未知なる冒険 > R以下,https://www.kamehouse-db.com/product/2462,https://www.kamehouse-db.com/product/2462?utm_source=mercari&utm_medium=cpc&utm_campaign=infeed_test,https://www.kamehouse-db.com/data/kamehouse/product/product_47610744.jpg,80,あり
2461,ジャガー島（FB05-092 UC）,FB05 未知なる冒険 収録,FB05 未知なる冒険 > R以下,https://www.kamehouse-db.com/product/2461,https://www.kamehouse-db.com/product/2461?utm_source=mercari&utm_medium=cpc&utm_campaign=infeed_test,https://www.kamehouse-db.com/data/kamehouse/product/product_47610740.jpg,50,あり
2460,邪念の暴走（FB05-093 C）,FB05 未知なる冒険 収録,FB05 未知なる冒険 > R以下,https://www.kamehouse-db.com/product/2460,https://www.kamehouse-db.com/product/2460?utm_source=mercari&utm_medium=cpc&utm_campaign=infeed_test,https://www.kamehouse-db.com/data/kamehouse/product/product_47610736.jpg,50,あり
2459,執念の怪光線（FB05-094 C）,FB05 未知なる冒険 収録,FB05 未知なる冒険 > R以下,https://www.kamehouse-db.com/product/2459,https://www.kamehouse-db.com/product/2459?utm_source=mercari&utm_medium=cpc&utm_campaign=infeed_test,https://www.kamehouse-db.com/data/kamehouse/product/product_47610732.jpg,80,あり
2458,ゴジータ（FB05-095 L）,FB05 未知なる冒険 収録,FB05 未知なる冒険 > R以下,https://www.kamehouse-db.com/product/2458,https://www.kamehouse-db.com/product/2458?utm_source=mercari&utm_medium=cpc&utm_campaign=infeed_test,https://www.kamehouse-db.com/data/kamehouse/product/product_47610728.jpg,80,あり
2457,北の界王（FB05-096 C）,FB05 未知なる冒険 収録,FB05 未知なる冒険 > R以下,https://www.kamehouse-db.com/product/2457,https://www.kamehouse-db.com/product/2457?utm_source=mercari&utm_medium=cpc&utm_campaign=infeed_test,https://www.kamehouse-db.com/data/kamehouse/product/product_47610720.jpg,50,あり
2456,ゴテンクス（FB05-097 UC）,FB05 未知なる冒険 収録,FB05 未知なる冒険 > R以下,https://www.kamehouse-db.com/product/2456,https://www.kamehouse-db.com/product/2456?utm_source=mercari&utm_medium=cpc&utm_campaign=infeed_test,https://www.kamehouse-db.com/data/kamehouse/product/product_47610716.jpg,80,あり
2455,スーパーベビー2（FB05-098 R）,FB05 未知なる冒険 収録,FB05 未知なる冒険 > R以下,https://www.kamehouse-db.com/product/2455,https://www.kamehouse-db.com/product/2455?utm_source=mercari&utm_medium=cpc&utm_campaign=infeed_test,https://www.kamehouse-db.com/data/kamehouse/product/product_47610712.jpg,80,あり
2454,孫悟空（FB05-099 R）,FB05 未知なる冒険 収録,FB05 未知なる冒険 > R以下,https://www.kamehouse-db.com/product/2454,https://www.kamehouse-db.com/product/2454?utm_source=mercari&utm_medium=cpc&utm_campaign=infeed_test,https://www.kamehouse-db.com/data/kamehouse/product/product_47610708.jpg,80,あり
2452,孫悟飯：青年期（FB05-102 C）,FB05 未知なる冒険 収録,FB05 未知なる冒険 > R以下,https://www.kamehouse-db.com/product/2452,https://www.kamehouse-db.com/product/2452?utm_source=mercari&utm_medium=cpc&utm_campaign=infeed_test,https://www.kamehouse-db.com/data/kamehouse/product/product_47610692.jpg,50,あり
2451,大界王（FB05-103 UC）,FB05 未知なる冒険 収録,FB05 未知なる冒険 > R以下,https://www.kamehouse-db.com/product/2451,https://www.kamehouse-db.com/product/2451?utm_source=mercari&utm_medium=cpc&utm_campaign=infeed_test,https://www.kamehouse-db.com/data/kamehouse/product/product_47610688.jpg,80,あり
2449,西の界王（FB05-105 UC）,FB05 未知なる冒険 収録,FB05 未知なる冒険 > R以下,https://www.kamehouse-db.com/product/2449,https://www.kamehouse-db.com/product/2449?utm_source=mercari&utm_medium=cpc&utm_campaign=infeed_test,https://www.kamehouse-db.com/data/kamehouse/product/product_47610680.jpg,50,あり
2448,バーダック（FB05-106 R）,FB05 未知なる冒険 収録,FB05 未知なる冒険 > R以下,https://www.kamehouse-db.com/product/2448,https://www.kamehouse-db.com/product/2448?utm_source=mercari&utm_medium=cpc&utm_campaign=infeed_test,https://www.kamehouse-db.com/data/kamehouse/product/product_47610676.jpg,80,あり
2447,ビーデル（FB05-108 C）,FB05 未知なる冒険 収録,FB05 未知なる冒険 > R以下,https://www.kamehouse-db.com/product/2447,https://www.kamehouse-db.com/product/2447?utm_source=mercari&utm_medium=cpc&utm_campaign=infeed_test,https://www.kamehouse-db.com/data/kamehouse/product/product_47610664.jpg,50,あり
2446,東の界王（FB05-109 C）,FB05 未知なる冒険 収録,FB05 未知なる冒険 > R以下,https://www.kamehouse-db.com/product/2446,https://www.kamehouse-db.com/product/2446?utm_source=mercari&utm_medium=cpc&utm_campaign=infeed_test,https://www.kamehouse-db.com/data/kamehouse/product/product_47610660.jpg,50,あり
2445,ブルマ：GT（FB05-110 UC）,FB05 未知なる冒険 収録,FB05 未知なる冒険 > R以下,https://www.kamehouse-db.com/product/2445,https://www.kamehouse-db.com/product/2445?utm_source=mercari&utm_medium=cpc&utm_campaign=infeed_test,https://www.kamehouse-db.com/data/kamehouse/product/product_47610656.jpg,80,あり
2444,ベクウ（FB05-111 C）,FB05 未知なる冒険 収録,FB05 未知なる冒険 > R以下,https://www.kamehouse-db.com/product/2444,https://www.kamehouse-db.com/product/2444?utm_source=mercari&utm_medium=cpc&utm_campaign=infeed_test,https://www.kamehouse-db.com/data/kamehouse/product/product_47610652.jpg,50,あり
2443,ベジータ（FB05-112 UC）,FB05 未知なる冒険 収録,FB05 未知なる冒険 > R以下,https://www.kamehouse-db.com/product/2443,https://www.kamehouse-db.com/product/2443?utm_source=mercari&utm_medium=cpc&utm_campaign=infeed_test,https://www.kamehouse-db.com/data/kamehouse/product/product_47610648.jpg,80,あり
2442,ベジータ（FB05-113 R）,FB05 未知なる冒険 収録,FB05 未知なる冒険 > R以下,https://www.kamehouse-db.com/product/2442,https://www.kamehouse-db.com/product/2442?utm_source=mercari&utm_medium=cpc&utm_campaign=infeed_test,https://www.kamehouse-db.com/data/kamehouse/product/product_47610644.jpg,80,あり
2441,南の界王（FB05-114 C）,FB05 未知なる冒険 収録,FB05 未知なる冒険 > R以下,https://www.kamehouse-db.com/product/2441,https://www.kamehouse-db.com/product/2441?utm_source=mercari&utm_medium=cpc&utm_campaign=infeed_test,https://www.kamehouse-db.com/data/kamehouse/product/product_47610640.jpg,80,あり
2440,極限の煌めき（FB05-115 R）,FB05 未知なる冒険 収録,FB05 未知なる冒険 > R以下,https://www.kamehouse-db.com/product/2440,https://www.kamehouse-db.com/product/2440?utm_source=mercari&utm_medium=cpc&utm_campaign=infeed_test,https://www.kamehouse-db.com/data/kamehouse/product/product_47610636.jpg,270,あり
2439,ソウルパニッシャー（FB05-116 UC）,FB05 未知なる冒険 収録,FB05 未知なる冒険 > R以下,https://www.kamehouse-db.com/product/2439,https://www.kamehouse-db.com/product/2439?utm_source=mercari&utm_medium=cpc&utm_campaign=infeed_test,https://www.kamehouse-db.com/data/kamehouse/product/product_47610632.jpg,80,あり
2438,復活のフュージョン（FB05-117 R）,FB05 未知なる冒険 収録,FB05 未知なる冒険 > R以下,https://www.kamehouse-db.com/product/2438,https://www.kamehouse-db.com/product/2438?utm_source=mercari&utm_medium=cpc&utm_campaign=infeed_test,https://www.kamehouse-db.com/data/kamehouse/product/product_47610628.jpg,80,あり
2437,悪口（FB05-118 UC）,FB05 未知なる冒険 収録,FB05 未知なる冒険 > R以下,https://www.kamehouse-db.com/product/2437,https://www.kamehouse-db.com/product/2437?utm_source=mercari&utm_medium=cpc&utm_campaign=infeed_test,https://www.kamehouse-db.com/data/kamehouse/product/product_47610624.jpg,80,あり
2435,孫悟空（FB05-031 UC）,FB05 未知なる冒険 収録,FB05 未知なる冒険 > R以下,https://www.kamehouse-db.com/product/2435,https://www.kamehouse-db.com/product/2435?utm_source=mercari&utm_medium=cpc&utm_campaign=infeed_test,https://www.kamehouse-db.com/data/kamehouse/product/product_50808068.jpg,120,あり
2434,ベジータ（FB05-039 UC）,FB05 未知なる冒険 収録,FB05 未知なる冒険 > R以下,https://www.kamehouse-db.com/product/2434,https://www.kamehouse-db.com/product/2434?utm_source=mercari&utm_medium=cpc&utm_campaign=infeed_test,https://www.kamehouse-db.com/data/kamehouse/product/product_50808064.jpg,80,あり
2433,世界の救世主（FB05-046 R）,SB02 MANGA BOOSTER 02 収録,SB02 MANGA BOOSTER 02 > R以下,https://www.kamehouse-db.com/product/2433,https://www.kamehouse-db.com/product/2433?utm_source=mercari&utm_medium=cpc&utm_campaign=infeed_test,https://www.kamehouse-db.com/data/kamehouse/product/product_50808060.jpg,120,あり
2430,ムーリ（FB05-064 R）,SB02 MANGA BOOSTER 02 収録,SB02 MANGA BOOSTER 02 > R以下,https://www.kamehouse-db.com/product/2430,https://www.kamehouse-db.com/product/2430?utm_source=mercari&utm_medium=cpc&utm_campaign=infeed_test,https://www.kamehouse-db.com/data/kamehouse/product/product_50808048.jpg,180,あり
2429,フルパワーだーっ（FB05-071 R）,SB02 MANGA BOOSTER 02 収録,SB02 MANGA BOOSTER 02 > R以下,https://www.kamehouse-db.com/product/2429,https://www.kamehouse-db.com/product/2429?utm_source=mercari&utm_medium=cpc&utm_campaign=infeed_test,https://www.kamehouse-db.com/data/kamehouse/product/product_50808044.jpg,80,あり
2428,コルド大王（FB05-073 R）,SB02 MANGA BOOSTER 02 収録,SB02 MANGA BOOSTER 02 > R以下,https://www.kamehouse-db.com/product/2428,https://www.kamehouse-db.com/product/2428?utm_source=mercari&utm_medium=cpc&utm_campaign=infeed_test,https://www.kamehouse-db.com/data/kamehouse/product/product_50808040.jpg,80,あり
2427,ザーボン（FB05-074 UC）,FB05 未知なる冒険 収録,FB05 未知なる冒険 > R以下,https://www.kamehouse-db.com/product/2427,https://www.kamehouse-db.com/product/2427?utm_source=mercari&utm_medium=cpc&utm_campaign=infeed_test,https://www.kamehouse-db.com/data/kamehouse/product/product_50808036.jpg,80,あり
2425,バータ（FB05-081 C）,FB05 未知なる冒険 収録,FB05 未知なる冒険 > R以下,https://www.kamehouse-db.com/product/2425,https://www.kamehouse-db.com/product/2425?utm_source=mercari&utm_medium=cpc&utm_campaign=infeed_test,https://www.kamehouse-db.com/data/kamehouse/product/product_50808028.jpg,50,あり
2424,フリーザ（FB05-085 R）,SB01 MANGA BOOSTER 01,SB01 MANGA BOOSTER 01 > R以下,https://www.kamehouse-db.com/product/2424,https://www.kamehouse-db.com/product/2424?utm_source=mercari&utm_medium=cpc&utm_campaign=infeed_test,https://www.kamehouse-db.com/data/kamehouse/product/product_50808024.jpg,80,あり
2423,よいこ眠眠拳（FB06-046 C）,FB06 迫り来る脅威 収録,FB06 迫り来る脅威 > R以下,https://www.kamehouse-db.com/product/2423,https://www.kamehouse-db.com/product/2423?utm_source=mercari&utm_medium=cpc&utm_campaign=infeed_test,https://www.kamehouse-db.com/data/kamehouse/product/product_47609864.jpg,50,あり
2422,狼牙風風拳（FB06-047 C）,FB06 迫り来る脅威 収録,FB06 迫り来る脅威 > R以下,https://www.kamehouse-db.com/product/2422,https://www.kamehouse-db.com/product/2422?utm_source=mercari&utm_medium=cpc&utm_campaign=infeed_test,https://www.kamehouse-db.com/data/kamehouse/product/product_47609860.jpg,50,あり
2421,ブロリー：BR（FB06-048 L）,FB06 迫り来る脅威 収録,FB06 迫り来る脅威 > R以下,https://www.kamehouse-db.com/product/2421,https://www.kamehouse-db.com/product/2421?utm_source=mercari&utm_medium=cpc&utm_campaign=infeed_test,https://www.kamehouse-db.com/data/kamehouse/product/product_47609856.jpg,80,あり
2420,大ダニ：BR（FB06-049 C）,FB06 迫り来る脅威 収録,FB06 迫り来る脅威 > R以下,https://www.kamehouse-db.com/product/2420,https://www.kamehouse-db.com/product/2420?utm_source=mercari&utm_medium=cpc&utm_campaign=infeed_test,https://www.kamehouse-db.com/data/kamehouse/product/product_47609848.jpg,50,あり
2419,キコノ：BR（FB06-050 UC）,FB06 迫り来る脅威 収録,FB06 迫り来る脅威 > R以下,https://www.kamehouse-db.com/product/2419,https://www.kamehouse-db.com/product/2419?utm_source=mercari&utm_medium=cpc&utm_campaign=infeed_test,https://www.kamehouse-db.com/data/kamehouse/product/product_47609844.jpg,80,あり
2418,ゴールデンフリーザ：BR（FB06-051 R）,FB06 迫り来る脅威 収録,FB06 迫り来る脅威 > R以下,https://www.kamehouse-db.com/product/2418,https://www.kamehouse-db.com/product/2418?utm_source=mercari&utm_medium=cpc&utm_campaign=infeed_test,https://www.kamehouse-db.com/data/kamehouse/product/product_47609840.jpg,80,あり
2417,孫悟飯：少年期（FB06-052 R）,FB06 迫り来る脅威 収録,FB06 迫り来る脅威 > R以下,https://www.kamehouse-db.com/product/2417,https://www.kamehouse-db.com/product/2417?utm_source=mercari&utm_medium=cpc&utm_campaign=infeed_test,https://www.kamehouse-db.com/data/kamehouse/product/product_47609836.jpg,120,あり
2416,孫悟飯：幼年期（FB06-053 R）,FB06 迫り来る脅威 収録,FB06 迫り来る脅威 > R以下,https://www.kamehouse-db.com/product/2416,https://www.kamehouse-db.com/product/2416?utm_source=mercari&utm_medium=cpc&utm_campaign=infeed_test,https://www.kamehouse-db.com/data/kamehouse/product/product_47609832.jpg,120,あり
2415,チライ：BR（FB06-054 UC）,FB06 迫り来る脅威 収録,FB06 迫り来る脅威 > R以下,https://www.kamehouse-db.com/product/2415,https://www.kamehouse-db.com/product/2415?utm_source=mercari&utm_medium=cpc&utm_campaign=infeed_test,https://www.kamehouse-db.com/data/kamehouse/product/product_47609828.jpg,50,あり
2414,バア：BR（FB06-056 C）,FB06 迫り来る脅威 収録,FB06 迫り来る脅威 > R以下,https://www.kamehouse-db.com/product/2414,https://www.kamehouse-db.com/product/2414?utm_source=mercari&utm_medium=cpc&utm_campaign=infeed_test,https://www.kamehouse-db.com/data/kamehouse/product/product_47609816.jpg,80,あり
2413,パラガス：BR（FB06-057 C）,FB06 迫り来る脅威 収録,FB06 迫り来る脅威 > R以下,https://www.kamehouse-db.com/product/2413,https://www.kamehouse-db.com/product/2413?utm_source=mercari&utm_medium=cpc&utm_campaign=infeed_test,https://www.kamehouse-db.com/data/kamehouse/product/product_47609812.jpg,80,あり
2412,パラガス：BR（FB06-058 C）,FB06 迫り来る脅威 収録,FB06 迫り来る脅威 > R以下,https://www.kamehouse-db.com/product/2412,https://www.kamehouse-db.com/product/2412?utm_source=mercari&utm_medium=cpc&utm_campaign=infeed_test,https://www.kamehouse-db.com/data/kamehouse/product/product_47609808.jpg,50,あり
2410,フリーザ：BR（FB06-060 C）,FB06 迫り来る脅威 収録,FB06 迫り来る脅威 > R以下,https://www.kamehouse-db.com/product/2410,https://www.kamehouse-db.com/product/2410?utm_source=mercari&utm_medium=cpc&utm_campaign=infeed_test,https://www.kamehouse-db.com/data/kamehouse/product/product_47609800.jpg,50,あり
2409,ブロリー：BR（FB06-061 UC）,FB06 迫り来る脅威 収録,FB06 迫り来る脅威 > R以下,https://www.kamehouse-db.com/product/2409,https://www.kamehouse-db.com/product/2409?utm_source=mercari&utm_medium=cpc&utm_campaign=infeed_test,https://www.kamehouse-db.com/data/kamehouse/product/product_47609796.jpg,80,あり
2408,ブロリー：BR（FB06-062 R）,FB06 迫り来る脅威 収録,FB06 迫り来る脅威 > R以下,https://www.kamehouse-db.com/product/2408,https://www.kamehouse-db.com/product/2408?utm_source=mercari&utm_medium=cpc&utm_campaign=infeed_test,https://www.kamehouse-db.com/data/kamehouse/product/product_47609792.jpg,120,あり
2407,ブロリー：少年期BR（FB06-064 R）,FB06 迫り来る脅威 収録,FB06 迫り来る脅威 > R以下,https://www.kamehouse-db.com/product/2407,https://www.kamehouse-db.com/product/2407?utm_source=mercari&utm_medium=cpc&utm_campaign=infeed_test,https://www.kamehouse-db.com/data/kamehouse/product/product_47609780.jpg,80,あり
2406,ベリブル：BR（FB06-065 C）,FB06 迫り来る脅威 収録,FB06 迫り来る脅威 > R以下,https://www.kamehouse-db.com/product/2406,https://www.kamehouse-db.com/product/2406?utm_source=mercari&utm_medium=cpc&utm_campaign=infeed_test,https://www.kamehouse-db.com/data/kamehouse/product/product_47609776.jpg,50,あり
2405,レモ：BR（FB06-066 UC）,FB06 迫り来る脅威 収録,FB06 迫り来る脅威 > R以下,https://www.kamehouse-db.com/product/2405,https://www.kamehouse-db.com/product/2405?utm_source=mercari&utm_medium=cpc&utm_campaign=infeed_test,https://www.kamehouse-db.com/data/kamehouse/product/product_47609772.jpg,50,あり
2404,小惑星バンパ（FB06-067 R）,FB06 迫り来る脅威 収録,FB06 迫り来る脅威 > R以下,https://www.kamehouse-db.com/product/2404,https://www.kamehouse-db.com/product/2404?utm_source=mercari&utm_medium=cpc&utm_campaign=infeed_test,https://www.kamehouse-db.com/data/kamehouse/product/product_47609768.jpg,80,あり
2403,戦慄の咆哮（FB06-068 UC）,FB06 迫り来る脅威 収録,FB06 迫り来る脅威 > R以下,https://www.kamehouse-db.com/product/2403,https://www.kamehouse-db.com/product/2403?utm_source=mercari&utm_medium=cpc&utm_campaign=infeed_test,https://www.kamehouse-db.com/data/kamehouse/product/product_47609764.jpg,180,あり
2402,初めての友達（FB06-069 C）,FB06 迫り来る脅威 収録,FB06 迫り来る脅威 > R以下,https://www.kamehouse-db.com/product/2402,https://www.kamehouse-db.com/product/2402?utm_source=mercari&utm_medium=cpc&utm_campaign=infeed_test,https://www.kamehouse-db.com/data/kamehouse/product/product_47609760.jpg,50,あり
2401,暴走の制御（FB06-070 C）,FB06 迫り来る脅威 収録,FB06 迫り来る脅威 > R以下,https://www.kamehouse-db.com/product/2401,https://www.kamehouse-db.com/product/2401?utm_source=mercari&utm_medium=cpc&utm_campaign=infeed_test,https://www.kamehouse-db.com/data/kamehouse/product/product_47609756.jpg,80,あり
2400,キング・ゴマー：DA（FB06-071 L）,FB06 迫り来る脅威 収録,FB06 迫り来る脅威 > R以下,https://www.kamehouse-db.com/product/2400,https://www.kamehouse-db.com/product/2400?utm_source=mercari&utm_medium=cpc&utm_campaign=infeed_test,https://www.kamehouse-db.com/data/kamehouse/product/product_47609752.jpg,80,あり
2399,カデム：DA（FB06-073 C）,FB06 迫り来る脅威 収録,FB06 迫り来る脅威 > R以下,https://www.kamehouse-db.com/product/2399,https://www.kamehouse-db.com/product/2399?utm_source=mercari&utm_medium=cpc&utm_campaign=infeed_test,https://www.kamehouse-db.com/data/kamehouse/product/product_47609736.jpg,50,あり
2398,ガイモイ：DA（FB06-074 C）,FB06 迫り来る脅威 収録,FB06 迫り来る脅威 > R以下,https://www.kamehouse-db.com/product/2398,https://www.kamehouse-db.com/product/2398?utm_source=mercari&utm_medium=cpc&utm_campaign=infeed_test,https://www.kamehouse-db.com/data/kamehouse/product/product_47609732.jpg,50,あり
2397,ネバ：DA（FB06-075 UC）,FB06 迫り来る脅威 収録,FB06 迫り来る脅威 > R以下,https://www.kamehouse-db.com/product/2397,https://www.kamehouse-db.com/product/2397?utm_source=mercari&utm_medium=cpc&utm_campaign=infeed_test,https://www.kamehouse-db.com/data/kamehouse/product/product_47609728.jpg,50,あり
2396,クラーケン：DA（FB06-077 R）,FB06 迫り来る脅威 収録,FB06 迫り来る脅威 > R以下,https://www.kamehouse-db.com/product/2396,https://www.kamehouse-db.com/product/2396?utm_source=mercari&utm_medium=cpc&utm_campaign=infeed_test,https://www.kamehouse-db.com/data/kamehouse/product/product_47609716.jpg,80,あり
2395,ジャネンバ（FB06-078 UC）,FB06 迫り来る脅威 収録,FB06 迫り来る脅威 > R以下,https://www.kamehouse-db.com/product/2395,https://www.kamehouse-db.com/product/2395?utm_source=mercari&utm_medium=cpc&utm_campaign=infeed_test,https://www.kamehouse-db.com/data/kamehouse/product/product_47609712.jpg,50,あり
2394,孫悟空（ミニ）：DA（FB06-079 R）,FB06 迫り来る脅威 収録,FB06 迫り来る脅威 > R以下,https://www.kamehouse-db.com/product/2394,https://www.kamehouse-db.com/product/2394?utm_source=mercari&utm_medium=cpc&utm_campaign=infeed_test,https://www.kamehouse-db.com/data/kamehouse/product/product_47609708.jpg,80,あり
2393,ダーブラ（FB06-080 C）,FB06 迫り来る脅威 収録,FB06 迫り来る脅威 > R以下,https://www.kamehouse-db.com/product/2393,https://www.kamehouse-db.com/product/2393?utm_source=mercari&utm_medium=cpc&utm_campaign=infeed_test,https://www.kamehouse-db.com/data/kamehouse/product/product_47609704.jpg,50,あり
2392,ダニマ：DA（FB06-081 C）,FB06 迫り来る脅威 収録,FB06 迫り来る脅威 > R以下,https://www.kamehouse-db.com/product/2392,https://www.kamehouse-db.com/product/2392?utm_source=mercari&utm_medium=cpc&utm_campaign=infeed_test,https://www.kamehouse-db.com/data/kamehouse/product/product_47609700.jpg,50,あり
2391,デゲス：DA（FB06-082 C）,FB06 迫り来る脅威 収録,FB06 迫り来る脅威 > R以下,https://www.kamehouse-db.com/product/2391,https://www.kamehouse-db.com/product/2391?utm_source=mercari&utm_medium=cpc&utm_campaign=infeed_test,https://www.kamehouse-db.com/data/kamehouse/product/product_47609696.jpg,50,あり
2388,マシム：DA（FB06-086 UC）,FB06 迫り来る脅威 収録,FB06 迫り来る脅威 > R以下,https://www.kamehouse-db.com/product/2388,https://www.kamehouse-db.com/product/2388?utm_source=mercari&utm_medium=cpc&utm_campaign=infeed_test,https://www.kamehouse-db.com/data/kamehouse/product/product_47609676.jpg,50,あり
2387,魔人クウ：DA（FB06-087 UC）,FB06 迫り来る脅威 収録,FB06 迫り来る脅威 > R以下,https://www.kamehouse-db.com/product/2387,https://www.kamehouse-db.com/product/2387?utm_source=mercari&utm_medium=cpc&utm_campaign=infeed_test,https://www.kamehouse-db.com/data/kamehouse/product/product_47609672.jpg,50,あり
2385,メガの犬：DA（FB06-089 C）,FB06 迫り来る脅威 収録,FB06 迫り来る脅威 > R以下,https://www.kamehouse-db.com/product/2385,https://www.kamehouse-db.com/product/2385?utm_source=mercari&utm_medium=cpc&utm_campaign=infeed_test,https://www.kamehouse-db.com/data/kamehouse/product/product_47609664.jpg,50,あり
2384,メガのダニ：DA（FB06-090 R）,FB06 迫り来る脅威 収録,FB06 迫り来る脅威 > R以下,https://www.kamehouse-db.com/product/2384,https://www.kamehouse-db.com/product/2384?utm_source=mercari&utm_medium=cpc&utm_campaign=infeed_test,https://www.kamehouse-db.com/data/kamehouse/product/product_47609660.jpg,80,あり
2383,メガのハムスター：DA（FB06-091 C）,FB06 迫り来る脅威 収録,FB06 迫り来る脅威 > R以下,https://www.kamehouse-db.com/product/2383,https://www.kamehouse-db.com/product/2383?utm_source=mercari&utm_medium=cpc&utm_campaign=infeed_test,https://www.kamehouse-db.com/data/kamehouse/product/product_47609656.jpg,50,あり
2382,魔王宮（FB06-092 R）,FB06 迫り来る脅威 収録,FB06 迫り来る脅威 > R以下,https://www.kamehouse-db.com/product/2382,https://www.kamehouse-db.com/product/2382?utm_source=mercari&utm_medium=cpc&utm_campaign=infeed_test,https://www.kamehouse-db.com/data/kamehouse/product/product_47609652.jpg,80,あり
2381,魔女の屋敷（FB06-093 UC）,FB06 迫り来る脅威 収録,FB06 迫り来る脅威 > R以下,https://www.kamehouse-db.com/product/2381,https://www.kamehouse-db.com/product/2381?utm_source=mercari&utm_medium=cpc&utm_campaign=infeed_test,https://www.kamehouse-db.com/data/kamehouse/product/product_47609648.jpg,50,あり
2380,メガの星（FB06-094 R）,FB06 迫り来る脅威 収録,FB06 迫り来る脅威 > R以下,https://www.kamehouse-db.com/product/2380,https://www.kamehouse-db.com/product/2380?utm_source=mercari&utm_medium=cpc&utm_campaign=infeed_test,https://www.kamehouse-db.com/data/kamehouse/product/product_47609644.jpg,80,あり
2379,ピッコロ大魔王（FB06-095 L）,FB06 迫り来る脅威 収録,FB06 迫り来る脅威 > R以下,https://www.kamehouse-db.com/product/2379,https://www.kamehouse-db.com/product/2379?utm_source=mercari&utm_medium=cpc&utm_campaign=infeed_test,https://www.kamehouse-db.com/data/kamehouse/product/product_47609640.jpg,80,あり
2378,国王（FB06-096 C）,FB06 迫り来る脅威 収録,FB06 迫り来る脅威 > R以下,https://www.kamehouse-db.com/product/2378,https://www.kamehouse-db.com/product/2378?utm_source=mercari&utm_medium=cpc&utm_campaign=infeed_test,https://www.kamehouse-db.com/data/kamehouse/product/product_47609632.jpg,50,あり
2377,シュウ（FB06-098 C）,FB06 迫り来る脅威 収録,FB06 迫り来る脅威 > R以下,https://www.kamehouse-db.com/product/2377,https://www.kamehouse-db.com/product/2377?utm_source=mercari&utm_medium=cpc&utm_campaign=infeed_test,https://www.kamehouse-db.com/data/kamehouse/product/product_47609620.jpg,50,あり
2376,シンバル（FB06-099 UC）,FB06 迫り来る脅威 収録,FB06 迫り来る脅威 > R以下,https://www.kamehouse-db.com/product/2376,https://www.kamehouse-db.com/product/2376?utm_source=mercari&utm_medium=cpc&utm_campaign=infeed_test,https://www.kamehouse-db.com/data/kamehouse/product/product_47609616.jpg,50,あり
2375,シンバル（FB06-100 R）,FB06 迫り来る脅威 収録,FB06 迫り来る脅威 > R以下,https://www.kamehouse-db.com/product/2375,https://www.kamehouse-db.com/product/2375?utm_source=mercari&utm_medium=cpc&utm_campaign=infeed_test,https://www.kamehouse-db.com/data/kamehouse/product/product_47609612.jpg,80,あり
2374,タンバリン（FB06-101 R）,FB06 迫り来る脅威 収録,FB06 迫り来る脅威 > R以下,https://www.kamehouse-db.com/product/2374,https://www.kamehouse-db.com/product/2374?utm_source=mercari&utm_medium=cpc&utm_campaign=infeed_test,https://www.kamehouse-db.com/data/kamehouse/product/product_47609608.jpg,80,あり
2373,人造人間18号（FB06-001 L）,FB06 迫り来る脅威 収録,FB06 迫り来る脅威 > R以下,https://www.kamehouse-db.com/product/2373,https://www.kamehouse-db.com/product/2373?utm_source=mercari&utm_medium=cpc&utm_campaign=infeed_test,https://www.kamehouse-db.com/data/kamehouse/product/product_47610068.jpg,80,あり
2372,クリリン（FB06-003 UC）,FB06 迫り来る脅威 収録,FB06 迫り来る脅威 > R以下,https://www.kamehouse-db.com/product/2372,https://www.kamehouse-db.com/product/2372?utm_source=mercari&utm_medium=cpc&utm_campaign=infeed_test,https://www.kamehouse-db.com/data/kamehouse/product/product_47610052.jpg,50,あり
2371,シン（ミニ）：DA（FB06-004 R）,FB06 迫り来る脅威 収録,FB06 迫り来る脅威 > R以下,https://www.kamehouse-db.com/product/2371,https://www.kamehouse-db.com/product/2371?utm_source=mercari&utm_medium=cpc&utm_campaign=infeed_test,https://www.kamehouse-db.com/data/kamehouse/product/product_47610048.jpg,120,あり
2370,人造人間8号（FB06-005 C）,FB06 迫り来る脅威 収録,FB06 迫り来る脅威 > R以下,https://www.kamehouse-db.com/product/2370,https://www.kamehouse-db.com/product/2370?utm_source=mercari&utm_medium=cpc&utm_campaign=infeed_test,https://www.kamehouse-db.com/data/kamehouse/product/product_47610044.jpg,50,あり
2369,人造人間13号（FB06-006 UC）,FB06 迫り来る脅威 収録,FB06 迫り来る脅威 > R以下,https://www.kamehouse-db.com/product/2369,https://www.kamehouse-db.com/product/2369?utm_source=mercari&utm_medium=cpc&utm_campaign=infeed_test,https://www.kamehouse-db.com/data/kamehouse/product/product_47610040.jpg,80,あり
2368,人造人間14号（FB06-007 UC）,FB06 迫り来る脅威 収録,FB06 迫り来る脅威 > R以下,https://www.kamehouse-db.com/product/2368,https://www.kamehouse-db.com/product/2368?utm_source=mercari&utm_medium=cpc&utm_campaign=infeed_test,https://www.kamehouse-db.com/data/kamehouse/product/product_47610036.jpg,80,あり
2367,人造人間15号（FB06-008 C）,FB06 迫り来る脅威 収録,FB06 迫り来る脅威 > R以下,https://www.kamehouse-db.com/product/2367,https://www.kamehouse-db.com/product/2367?utm_source=mercari&utm_medium=cpc&utm_campaign=infeed_test,https://www.kamehouse-db.com/data/kamehouse/product/product_47610032.jpg,50,あり
2362,人造人間18号（FB06-014 C）,FB06 迫り来る脅威 収録,FB06 迫り来る脅威 > R以下,https://www.kamehouse-db.com/product/2362,https://www.kamehouse-db.com/product/2362?utm_source=mercari&utm_medium=cpc&utm_campaign=infeed_test,https://www.kamehouse-db.com/data/kamehouse/product/product_47610004.jpg,80,あり
2361,人造人間19号（FB06-015 UC）,FB06 迫り来る脅威 収録,FB06 迫り来る脅威 > R以下,https://www.kamehouse-db.com/product/2361,https://www.kamehouse-db.com/product/2361?utm_source=mercari&utm_medium=cpc&utm_campaign=infeed_test,https://www.kamehouse-db.com/data/kamehouse/product/product_47610000.jpg,80,あり
2360,人造人間20号（FB06-016 UC）,FB06 迫り来る脅威 収録,FB06 迫り来る脅威 > R以下,https://www.kamehouse-db.com/product/2360,https://www.kamehouse-db.com/product/2360?utm_source=mercari&utm_medium=cpc&utm_campaign=infeed_test,https://www.kamehouse-db.com/data/kamehouse/product/product_47609996.jpg,50,あり
2359,セル（FB06-017 C）,FB06 迫り来る脅威 収録,FB06 迫り来る脅威 > R以下,https://www.kamehouse-db.com/product/2359,https://www.kamehouse-db.com/product/2359?utm_source=mercari&utm_medium=cpc&utm_campaign=infeed_test,https://www.kamehouse-db.com/data/kamehouse/product/product_47609992.jpg,50,あり
2358,孫悟空（ミニ）：DA（FB06-018 R）,FB06 迫り来る脅威 収録,FB06 迫り来る脅威 > R以下,https://www.kamehouse-db.com/product/2358,https://www.kamehouse-db.com/product/2358?utm_source=mercari&utm_medium=cpc&utm_campaign=infeed_test,https://www.kamehouse-db.com/data/kamehouse/product/product_47609988.jpg,120,あり
2357,Dr.ゲロ（FB06-019 UC）,FB06 迫り来る脅威 収録,FB06 迫り来る脅威 > R以下,https://www.kamehouse-db.com/product/2357,https://www.kamehouse-db.com/product/2357?utm_source=mercari&utm_medium=cpc&utm_campaign=infeed_test,https://www.kamehouse-db.com/data/kamehouse/product/product_47609984.jpg,80,あり
2356,フラッペ博士（FB06-020 C）,FB06 迫り来る脅威 収録,FB06 迫り来る脅威 > R以下,https://www.kamehouse-db.com/product/2356,https://www.kamehouse-db.com/product/2356?utm_source=mercari&utm_medium=cpc&utm_campaign=infeed_test,https://www.kamehouse-db.com/data/kamehouse/product/product_47609980.jpg,80,あり
2355,フリーザ（FB06-021 R）,FB06 迫り来る脅威 収録,FB06 迫り来る脅威 > R以下,https://www.kamehouse-db.com/product/2355,https://www.kamehouse-db.com/product/2355?utm_source=mercari&utm_medium=cpc&utm_campaign=infeed_test,https://www.kamehouse-db.com/data/kamehouse/product/product_47609976.jpg,80,あり
2354,荒廃した未来（FB06-022 R）,FB06 迫り来る脅威 収録,FB06 迫り来る脅威 > R以下,https://www.kamehouse-db.com/product/2354,https://www.kamehouse-db.com/product/2354?utm_source=mercari&utm_medium=cpc&utm_campaign=infeed_test,https://www.kamehouse-db.com/data/kamehouse/product/product_47609972.jpg,80,あり
2353,じゃあね バーイ（FB06-023 C）,FB06 迫り来る脅威 収録,FB06 迫り来る脅威 > R以下,https://www.kamehouse-db.com/product/2353,https://www.kamehouse-db.com/product/2353?utm_source=mercari&utm_medium=cpc&utm_campaign=infeed_test,https://www.kamehouse-db.com/data/kamehouse/product/product_47609968.jpg,50,あり
2352,ヘルズフラッシュ（FB06-024 C）,FB06 迫り来る脅威 収録,FB06 迫り来る脅威 > R以下,https://www.kamehouse-db.com/product/2352,https://www.kamehouse-db.com/product/2352?utm_source=mercari&utm_medium=cpc&utm_campaign=infeed_test,https://www.kamehouse-db.com/data/kamehouse/product/product_47609964.jpg,50,あり
2351,孫悟空：少年期（FB06-025 L）,FB06 迫り来る脅威,FB06 迫り来る脅威 > R以下,https://www.kamehouse-db.com/product/2351,https://www.kamehouse-db.com/product/2351?utm_source=mercari&utm_medium=cpc&utm_campaign=infeed_test,https://www.kamehouse-db.com/data/kamehouse/product/20260715_ada4ad.jpeg,120,あり
2350,アナウンサー（FB06-026 C）,FB06 迫り来る脅威 収録,FB06 迫り来る脅威 > R以下,https://www.kamehouse-db.com/product/2350,https://www.kamehouse-db.com/product/2350?utm_source=mercari&utm_medium=cpc&utm_campaign=infeed_test,https://www.kamehouse-db.com/data/kamehouse/product/product_47609952.jpg,50,あり
2349,ギラン（FB06-027 UC）,FB06 迫り来る脅威 収録,FB06 迫り来る脅威 > R以下,https://www.kamehouse-db.com/product/2349,https://www.kamehouse-db.com/product/2349?utm_source=mercari&utm_medium=cpc&utm_campaign=infeed_test,https://www.kamehouse-db.com/data/kamehouse/product/product_47609948.jpg,80,あり
2348,クリリン（FB06-028 R）,FB06 迫り来る脅威 収録,FB06 迫り来る脅威 > R以下,https://www.kamehouse-db.com/product/2348,https://www.kamehouse-db.com/product/2348?utm_source=mercari&utm_medium=cpc&utm_campaign=infeed_test,https://www.kamehouse-db.com/data/kamehouse/product/product_47609944.jpg,80,あり
2347,孫悟空：少年期（FB06-030 R）,FB06 迫り来る脅威 収録,FB06 迫り来る脅威 > R以下,https://www.kamehouse-db.com/product/2347,https://www.kamehouse-db.com/product/2347?utm_source=mercari&utm_medium=cpc&utm_campaign=infeed_test,https://www.kamehouse-db.com/data/kamehouse/product/product_47609932.jpg,80,あり
2346,餃子（FB06-031 UC）,FB06 迫り来る脅威 収録,FB06 迫り来る脅威 > R以下,https://www.kamehouse-db.com/product/2346,https://www.kamehouse-db.com/product/2346?utm_source=mercari&utm_medium=cpc&utm_campaign=infeed_test,https://www.kamehouse-db.com/data/kamehouse/product/product_47609928.jpg,50,あり
2345,ナム（FB06-033 UC）,FB06 迫り来る脅威 収録,FB06 迫り来る脅威 > R以下,https://www.kamehouse-db.com/product/2345,https://www.kamehouse-db.com/product/2345?utm_source=mercari&utm_medium=cpc&utm_campaign=infeed_test,https://www.kamehouse-db.com/data/kamehouse/product/product_47609916.jpg,50,あり
2344,バクテリアン（FB06-034 C）,FB06 迫り来る脅威 収録,FB06 迫り来る脅威 > R以下,https://www.kamehouse-db.com/product/2344,https://www.kamehouse-db.com/product/2344?utm_source=mercari&utm_medium=cpc&utm_campaign=infeed_test,https://www.kamehouse-db.com/data/kamehouse/product/product_47609912.jpg,50,あり
2343,ブルマ（FB06-035 C）,FB06 迫り来る脅威 収録,FB06 迫り来る脅威 > R以下,https://www.kamehouse-db.com/product/2343,https://www.kamehouse-db.com/product/2343?utm_source=mercari&utm_medium=cpc&utm_campaign=infeed_test,https://www.kamehouse-db.com/data/kamehouse/product/product_47609908.jpg,80,あり
2342,ベジータ（ミニ）：DA（FB06-036 R）,FB06 迫り来る脅威 収録,FB06 迫り来る脅威 > R以下,https://www.kamehouse-db.com/product/2342,https://www.kamehouse-db.com/product/2342?utm_source=mercari&utm_medium=cpc&utm_campaign=infeed_test,https://www.kamehouse-db.com/data/kamehouse/product/product_47609904.jpg,80,あり
2341,ヤムチャ（FB06-037 R）,FB06 迫り来る脅威 収録,FB06 迫り来る脅威 > R以下,https://www.kamehouse-db.com/product/2341,https://www.kamehouse-db.com/product/2341?utm_source=mercari&utm_medium=cpc&utm_campaign=infeed_test,https://www.kamehouse-db.com/data/kamehouse/product/product_47609900.jpg,80,あり
2340,ランチ（FB06-038 UC）,FB06 迫り来る脅威 収録,FB06 迫り来る脅威 > R以下,https://www.kamehouse-db.com/product/2340,https://www.kamehouse-db.com/product/2340?utm_source=mercari&utm_medium=cpc&utm_campaign=infeed_test,https://www.kamehouse-db.com/data/kamehouse/product/product_47609896.jpg,80,あり
2339,ランファン（FB06-039 C）,FB06 迫り来る脅威 収録,FB06 迫り来る脅威 > R以下,https://www.kamehouse-db.com/product/2339,https://www.kamehouse-db.com/product/2339?utm_source=mercari&utm_medium=cpc&utm_campaign=infeed_test,https://www.kamehouse-db.com/data/kamehouse/product/product_47609892.jpg,50,あり
2338,グルグルガム（FB06-040 C）,FB06 迫り来る脅威 収録,FB06 迫り来る脅威 > R以下,https://www.kamehouse-db.com/product/2338,https://www.kamehouse-db.com/product/2338?utm_source=mercari&utm_medium=cpc&utm_campaign=infeed_test,https://www.kamehouse-db.com/data/kamehouse/product/product_47609888.jpg,50,あり
2337,ジャン拳（FB06-041 R）,FB06 迫り来る脅威 収録,FB06 迫り来る脅威 > R以下,https://www.kamehouse-db.com/product/2337,https://www.kamehouse-db.com/product/2337?utm_source=mercari&utm_medium=cpc&utm_campaign=infeed_test,https://www.kamehouse-db.com/data/kamehouse/product/product_47609884.jpg,80,あり
2335,天下一武道会会場（FB06-043 UC）,FB06 迫り来る脅威 収録,FB06 迫り来る脅威 > R以下,https://www.kamehouse-db.com/product/2335,https://www.kamehouse-db.com/product/2335?utm_source=mercari&utm_medium=cpc&utm_campaign=infeed_test,https://www.kamehouse-db.com/data/kamehouse/product/product_47609876.jpg,80,あり
2334,天空×字拳（FB06-044 UC）,FB06 迫り来る脅威 収録,FB06 迫り来る脅威 > R以下,https://www.kamehouse-db.com/product/2334,https://www.kamehouse-db.com/product/2334?utm_source=mercari&utm_medium=cpc&utm_campaign=infeed_test,https://www.kamehouse-db.com/data/kamehouse/product/product_47609872.jpg,80,あり
2333,どどん波（FB06-045 R）,FB06 迫り来る脅威 収録,FB06 迫り来る脅威 > R以下,https://www.kamehouse-db.com/product/2333,https://www.kamehouse-db.com/product/2333?utm_source=mercari&utm_medium=cpc&utm_campaign=infeed_test,https://www.kamehouse-db.com/data/kamehouse/product/product_47609868.jpg,80,あり
2332,タンバリン（FB06-102 UC）,FB06 迫り来る脅威 収録,FB06 迫り来る脅威 > R以下,https://www.kamehouse-db.com/product/2332,https://www.kamehouse-db.com/product/2332?utm_source=mercari&utm_medium=cpc&utm_campaign=infeed_test,https://www.kamehouse-db.com/data/kamehouse/product/product_47609604.jpg,50,あり
2331,ドラム（FB06-104 UC）,FB06 迫り来る脅威 収録,FB06 迫り来る脅威 > R以下,https://www.kamehouse-db.com/product/2331,https://www.kamehouse-db.com/product/2331?utm_source=mercari&utm_medium=cpc&utm_campaign=infeed_test,https://www.kamehouse-db.com/data/kamehouse/product/product_47609592.jpg,50,あり
2330,ドラム（FB06-105 R）,FB06 迫り来る脅威 収録,FB06 迫り来る脅威 > R以下,https://www.kamehouse-db.com/product/2330,https://www.kamehouse-db.com/product/2330?utm_source=mercari&utm_medium=cpc&utm_campaign=infeed_test,https://www.kamehouse-db.com/data/kamehouse/product/product_47609588.jpg,80,あり
2329,ピアノ（FB06-106 C）,FB06 迫り来る脅威 収録,FB06 迫り来る脅威 > R以下,https://www.kamehouse-db.com/product/2329,https://www.kamehouse-db.com/product/2329?utm_source=mercari&utm_medium=cpc&utm_campaign=infeed_test,https://www.kamehouse-db.com/data/kamehouse/product/product_47609584.jpg,50,あり
2328,ピアノ（FB06-107 C）,FB06 迫り来る脅威 収録,FB06 迫り来る脅威 > R以下,https://www.kamehouse-db.com/product/2328,https://www.kamehouse-db.com/product/2328?utm_source=mercari&utm_medium=cpc&utm_campaign=infeed_test,https://www.kamehouse-db.com/data/kamehouse/product/product_47609580.jpg,50,あり
2327,ピッコロ大魔王（FB06-108 R）,FB06 迫り来る脅威 収録,FB06 迫り来る脅威 > R以下,https://www.kamehouse-db.com/product/2327,https://www.kamehouse-db.com/product/2327?utm_source=mercari&utm_medium=cpc&utm_campaign=infeed_test,https://www.kamehouse-db.com/data/kamehouse/product/product_47609576.jpg,50,あり
2326,ピラフ（FB06-110 C）,FB06 迫り来る脅威 収録,FB06 迫り来る脅威 > R以下,https://www.kamehouse-db.com/product/2326,https://www.kamehouse-db.com/product/2326?utm_source=mercari&utm_medium=cpc&utm_campaign=infeed_test,https://www.kamehouse-db.com/data/kamehouse/product/product_47609564.jpg,50,あり
2324,マジュニア（FB06-112 UC）,FB06 迫り来る脅威 収録,FB06 迫り来る脅威 > R以下,https://www.kamehouse-db.com/product/2324,https://www.kamehouse-db.com/product/2324?utm_source=mercari&utm_medium=cpc&utm_campaign=infeed_test,https://www.kamehouse-db.com/data/kamehouse/product/product_47609556.jpg,50,あり
2323,マジュニア（FB06-113 R）,FB06 迫り来る脅威 収録,FB06 迫り来る脅威 > R以下,https://www.kamehouse-db.com/product/2323,https://www.kamehouse-db.com/product/2323?utm_source=mercari&utm_medium=cpc&utm_campaign=infeed_test,https://www.kamehouse-db.com/data/kamehouse/product/product_47609552.jpg,80,あり
2322,マジュニア：幼年期（FB06-114 C）,FB06 迫り来る脅威 収録,FB06 迫り来る脅威 > R以下,https://www.kamehouse-db.com/product/2322,https://www.kamehouse-db.com/product/2322?utm_source=mercari&utm_medium=cpc&utm_campaign=infeed_test,https://www.kamehouse-db.com/data/kamehouse/product/product_47609548.jpg,50,あり
2321,魔族のタマゴ（FB06-115 C）,FB06 迫り来る脅威 収録,FB06 迫り来る脅威 > R以下,https://www.kamehouse-db.com/product/2321,https://www.kamehouse-db.com/product/2321?utm_source=mercari&utm_medium=cpc&utm_campaign=infeed_test,https://www.kamehouse-db.com/data/kamehouse/product/product_47609544.jpg,50,あり
2320,キングキャッスル（FB06-116 C）,FB06 迫り来る脅威 収録,FB06 迫り来る脅威 > R以下,https://www.kamehouse-db.com/product/2320,https://www.kamehouse-db.com/product/2320?utm_source=mercari&utm_medium=cpc&utm_campaign=infeed_test,https://www.kamehouse-db.com/data/kamehouse/product/product_47609540.jpg,50,あり
2319,爆力魔波（FB06-117 UC）,FB06 迫り来る脅威 収録,FB06 迫り来る脅威 > R以下,https://www.kamehouse-db.com/product/2319,https://www.kamehouse-db.com/product/2319?utm_source=mercari&utm_medium=cpc&utm_campaign=infeed_test,https://www.kamehouse-db.com/data/kamehouse/product/product_47609536.jpg,50,あり
2318,ピッコロ記念日（FB06-118 R）,FB06 迫り来る脅威 収録,FB06 迫り来る脅威 > R以下,https://www.kamehouse-db.com/product/2318,https://www.kamehouse-db.com/product/2318?utm_source=mercari&utm_medium=cpc&utm_campaign=infeed_test,https://www.kamehouse-db.com/data/kamehouse/product/product_47609532.jpg,50,あり
2317,人造人間17号（FB06-011 UC）,FB06 迫り来る脅威 収録,FB06 迫り来る脅威 > R以下,https://www.kamehouse-db.com/product/2317,https://www.kamehouse-db.com/product/2317?utm_source=mercari&utm_medium=cpc&utm_campaign=infeed_test,https://www.kamehouse-db.com/data/kamehouse/product/product_47608532.jpg,120,あり
2316,人造人間17号/人造人間18号（FB06-012 R）,FB06 迫り来る脅威 収録,FB06 迫り来る脅威 > R以下,https://www.kamehouse-db.com/product/2316,https://www.kamehouse-db.com/product/2316?utm_source=mercari&utm_medium=cpc&utm_campaign=infeed_test,https://www.kamehouse-db.com/data/kamehouse/product/product_47608528.jpg,180,あり
2315,人造人間18号（FB06-014 C）,SB01 MANGA BOOSTER 01 収録,SB01 MANGA BOOSTER 01 > R以下,https://www.kamehouse-db.com/product/2315,https://www.kamehouse-db.com/product/2315?utm_source=mercari&utm_medium=cpc&utm_campaign=infeed_test,https://www.kamehouse-db.com/data/kamehouse/product/product_47608524.jpg,120,あり
2314,Dr.ゲロ（FB06-019 UC）,FB06 迫り来る脅威 収録,FB06 迫り来る脅威 > R以下,https://www.kamehouse-db.com/product/2314,https://www.kamehouse-db.com/product/2314?utm_source=mercari&utm_medium=cpc&utm_campaign=infeed_test,https://www.kamehouse-db.com/data/kamehouse/product/product_47608520.jpg,120,あり
2313,荒廃した未来（FB06-022 R）,FB06 迫り来る脅威 収録,FB06 迫り来る脅威 > R以下,https://www.kamehouse-db.com/product/2313,https://www.kamehouse-db.com/product/2313?utm_source=mercari&utm_medium=cpc&utm_campaign=infeed_test,https://www.kamehouse-db.com/data/kamehouse/product/product_47608516.jpg,80,あり
2312,ヘルズフラッシュ（FB06-024 C）,FB06 迫り来る脅威 収録,FB06 迫り来る脅威 > R以下,https://www.kamehouse-db.com/product/2312,https://www.kamehouse-db.com/product/2312?utm_source=mercari&utm_medium=cpc&utm_campaign=infeed_test,https://www.kamehouse-db.com/data/kamehouse/product/product_47608512.jpg,80,あり
2310,アナウンサー（FB06-026 C）,SB01 MANGA BOOSTER 01 収録,SB01 MANGA BOOSTER 01 > R以下,https://www.kamehouse-db.com/product/2310,https://www.kamehouse-db.com/product/2310?utm_source=mercari&utm_medium=cpc&utm_campaign=infeed_test,https://www.kamehouse-db.com/data/kamehouse/product/product_47608500.jpg,80,あり
2309,ギラン（FB06-027 UC）,FB06 迫り来る脅威 収録,FB06 迫り来る脅威 > R以下,https://www.kamehouse-db.com/product/2309,https://www.kamehouse-db.com/product/2309?utm_source=mercari&utm_medium=cpc&utm_campaign=infeed_test,https://www.kamehouse-db.com/data/kamehouse/product/product_47608496.jpg,120,あり
2308,ナム（FB06-033 UC）,FB06 迫り来る脅威 収録,FB06 迫り来る脅威 > R以下,https://www.kamehouse-db.com/product/2308,https://www.kamehouse-db.com/product/2308?utm_source=mercari&utm_medium=cpc&utm_campaign=infeed_test,https://www.kamehouse-db.com/data/kamehouse/product/product_47608492.jpg,80,あり
2307,ブルマ（FB06-035 C）,FB06 迫り来る脅威 収録,FB06 迫り来る脅威 > R以下,https://www.kamehouse-db.com/product/2307,https://www.kamehouse-db.com/product/2307?utm_source=mercari&utm_medium=cpc&utm_campaign=infeed_test,https://www.kamehouse-db.com/data/kamehouse/product/product_47608488.jpg,170,あり
2306,ヤムチャ（FB06-037 R）,FB06 迫り来る脅威 収録,FB06 迫り来る脅威 > R以下,https://www.kamehouse-db.com/product/2306,https://www.kamehouse-db.com/product/2306?utm_source=mercari&utm_medium=cpc&utm_campaign=infeed_test,https://www.kamehouse-db.com/data/kamehouse/product/product_47608480.jpg,120,あり
2305,ランチ（FB06-038 UC）,FB06 迫り来る脅威 収録,FB06 迫り来る脅威 > R以下,https://www.kamehouse-db.com/product/2305,https://www.kamehouse-db.com/product/2305?utm_source=mercari&utm_medium=cpc&utm_campaign=infeed_test,https://www.kamehouse-db.com/data/kamehouse/product/product_47608476.jpg,270,あり
2302,天下一武道会会場（FB06-043 UC）,FB06 迫り来る脅威 収録,FB06 迫り来る脅威 > R以下,https://www.kamehouse-db.com/product/2302,https://www.kamehouse-db.com/product/2302?utm_source=mercari&utm_medium=cpc&utm_campaign=infeed_test,https://www.kamehouse-db.com/data/kamehouse/product/product_47608464.jpg,80,あり
2301,天空×字拳（FB06-044 UC）,FB06 迫り来る脅威 収録,FB06 迫り来る脅威 > R以下,https://www.kamehouse-db.com/product/2301,https://www.kamehouse-db.com/product/2301?utm_source=mercari&utm_medium=cpc&utm_campaign=infeed_test,https://www.kamehouse-db.com/data/kamehouse/product/product_47608460.jpg,80,あり
2300,どどん波（FB06-045 R）,FB06 迫り来る脅威 収録,FB06 迫り来る脅威 > R以下,https://www.kamehouse-db.com/product/2300,https://www.kamehouse-db.com/product/2300?utm_source=mercari&utm_medium=cpc&utm_campaign=infeed_test,https://www.kamehouse-db.com/data/kamehouse/product/product_47608456.jpg,120,あり
2299,よいこ眠眠拳（FB06-046 C）,FB06 迫り来る脅威 収録,FB06 迫り来る脅威 > R以下,https://www.kamehouse-db.com/product/2299,https://www.kamehouse-db.com/product/2299?utm_source=mercari&utm_medium=cpc&utm_campaign=infeed_test,https://www.kamehouse-db.com/data/kamehouse/product/product_47608452.jpg,80,あり
2298,シンバル（FB06-100 R）,FB06 迫り来る脅威 収録,FB06 迫り来る脅威 > R以下,https://www.kamehouse-db.com/product/2298,https://www.kamehouse-db.com/product/2298?utm_source=mercari&utm_medium=cpc&utm_campaign=infeed_test,https://www.kamehouse-db.com/data/kamehouse/product/product_47608448.jpg,120,あり
2297,タンバリン（FB06-102 UC）,FB06 迫り来る脅威 収録,FB06 迫り来る脅威 > R以下,https://www.kamehouse-db.com/product/2297,https://www.kamehouse-db.com/product/2297?utm_source=mercari&utm_medium=cpc&utm_campaign=infeed_test,https://www.kamehouse-db.com/data/kamehouse/product/product_47608444.jpg,80,あり
2296,ドラム（FB06-105 R）,FB06 迫り来る脅威 収録,FB06 迫り来る脅威 > R以下,https://www.kamehouse-db.com/product/2296,https://www.kamehouse-db.com/product/2296?utm_source=mercari&utm_medium=cpc&utm_campaign=infeed_test,https://www.kamehouse-db.com/data/kamehouse/product/product_47608440.jpg,80,あり
2295,マジュニア（FB06-113 R）,FB06 迫り来る脅威 収録,FB06 迫り来る脅威 > R以下,https://www.kamehouse-db.com/product/2295,https://www.kamehouse-db.com/product/2295?utm_source=mercari&utm_medium=cpc&utm_campaign=infeed_test,https://www.kamehouse-db.com/data/kamehouse/product/product_47608436.jpg,80,あり
2293,人造人間17号（FB06-010 R）,SB02 MANGA BOOSTER 02 収録,SB02 MANGA BOOSTER 02 > R以下,https://www.kamehouse-db.com/product/2293,https://www.kamehouse-db.com/product/2293?utm_source=mercari&utm_medium=cpc&utm_campaign=infeed_test,https://www.kamehouse-db.com/data/kamehouse/product/product_50808020.jpg,120,あり
2292,人造人間18号（FB06-013 C）,FB06 迫り来る脅威 収録,FB06 迫り来る脅威 > R以下,https://www.kamehouse-db.com/product/2292,https://www.kamehouse-db.com/product/2292?utm_source=mercari&utm_medium=cpc&utm_campaign=infeed_test,https://www.kamehouse-db.com/data/kamehouse/product/product_50808016.jpg,80,あり
2291,人造人間20号（FB06-016 UC）,SB02 MANGA BOOSTER 02 収録,SB02 MANGA BOOSTER 02 > R以下,https://www.kamehouse-db.com/product/2291,https://www.kamehouse-db.com/product/2291?utm_source=mercari&utm_medium=cpc&utm_campaign=infeed_test,https://www.kamehouse-db.com/data/kamehouse/product/product_50808012.jpg,50,あり
2290,じゃあね バーイ（FB06-023 C）,SB02 MANGA BOOSTER 02 収録,SB02 MANGA BOOSTER 02 > R以下,https://www.kamehouse-db.com/product/2290,https://www.kamehouse-db.com/product/2290?utm_source=mercari&utm_medium=cpc&utm_campaign=infeed_test,https://www.kamehouse-db.com/data/kamehouse/product/product_50808008.jpg,50,あり
2289,国王（FB06-096 C）,SB02 MANGA BOOSTER 02 収録,SB02 MANGA BOOSTER 02 > R以下,https://www.kamehouse-db.com/product/2289,https://www.kamehouse-db.com/product/2289?utm_source=mercari&utm_medium=cpc&utm_campaign=infeed_test,https://www.kamehouse-db.com/data/kamehouse/product/product_50808004.jpg,50,あり
2288,ピッコロ大魔王（FB06-108 R）,SB02 MANGA BOOSTER 02 収録,SB02 MANGA BOOSTER 02 > R以下,https://www.kamehouse-db.com/product/2288,https://www.kamehouse-db.com/product/2288?utm_source=mercari&utm_medium=cpc&utm_campaign=infeed_test,https://www.kamehouse-db.com/data/kamehouse/product/product_50808000.jpg,50,あり
2287,ピラフ（FB06-110 C）,SB02 MANGA BOOSTER 02 収録,SB02 MANGA BOOSTER 02 > R以下,https://www.kamehouse-db.com/product/2287,https://www.kamehouse-db.com/product/2287?utm_source=mercari&utm_medium=cpc&utm_campaign=infeed_test,https://www.kamehouse-db.com/data/kamehouse/product/product_50807992.jpg,50,あり
2286,マイ（FB06-111 UC）,SB02 MANGA BOOSTER 02 収録,SB02 MANGA BOOSTER 02 > R以下,https://www.kamehouse-db.com/product/2286,https://www.kamehouse-db.com/product/2286?utm_source=mercari&utm_medium=cpc&utm_campaign=infeed_test,https://www.kamehouse-db.com/data/kamehouse/product/product_50807988.jpg,50,あり
2285,魔族のタマゴ（FB06-115 C）,FB06 迫り来る脅威 収録,FB06 迫り来る脅威 > R以下,https://www.kamehouse-db.com/product/2285,https://www.kamehouse-db.com/product/2285?utm_source=mercari&utm_medium=cpc&utm_campaign=infeed_test,https://www.kamehouse-db.com/data/kamehouse/product/product_50807984.jpg,50,あり
2284,キングキャッスル（FB06-116 C）,FB06 迫り来る脅威 収録,FB06 迫り来る脅威 > R以下,https://www.kamehouse-db.com/product/2284,https://www.kamehouse-db.com/product/2284?utm_source=mercari&utm_medium=cpc&utm_campaign=infeed_test,https://www.kamehouse-db.com/data/kamehouse/product/product_50807980.jpg,50,あり
2283,ピッコロ記念日（FB06-118 R）,SB02 MANGA BOOSTER 02 収録,SB02 MANGA BOOSTER 02 > R以下,https://www.kamehouse-db.com/product/2283,https://www.kamehouse-db.com/product/2283?utm_source=mercari&utm_medium=cpc&utm_campaign=infeed_test,https://www.kamehouse-db.com/data/kamehouse/product/product_50807976.jpg,50,あり
2282,ゴテンクス（FB07-031 UC）,FB07 神龍への願い 収録,FB07 神龍への願い > R以下,https://www.kamehouse-db.com/product/2282,https://www.kamehouse-db.com/product/2282?utm_source=mercari&utm_medium=cpc&utm_campaign=infeed_test,https://www.kamehouse-db.com/data/kamehouse/product/product_47607760.jpg,50,あり
2281,孫悟飯：青年期（FB07-036 UC）,FB07 神龍への願い 収録,FB07 神龍への願い > R以下,https://www.kamehouse-db.com/product/2281,https://www.kamehouse-db.com/product/2281?utm_source=mercari&utm_medium=cpc&utm_campaign=infeed_test,https://www.kamehouse-db.com/data/kamehouse/product/product_47607728.jpg,50,あり
2280,六星龍（FB07-042 C）,FB07 神龍への願い 収録,FB07 神龍への願い > R以下,https://www.kamehouse-db.com/product/2280,https://www.kamehouse-db.com/product/2280?utm_source=mercari&utm_medium=cpc&utm_campaign=infeed_test,https://www.kamehouse-db.com/data/kamehouse/product/product_47607704.jpg,50,あり
2279,六星龍（FB07-043 C）,FB07 神龍への願い 収録,FB07 神龍への願い > R以下,https://www.kamehouse-db.com/product/2279,https://www.kamehouse-db.com/product/2279?utm_source=mercari&utm_medium=cpc&utm_campaign=infeed_test,https://www.kamehouse-db.com/data/kamehouse/product/product_47607700.jpg,50,あり
2277,ゴテンクス：SH（FB07-054 C）,FB07 神龍への願い 収録,FB07 神龍への願い > R以下,https://www.kamehouse-db.com/product/2277,https://www.kamehouse-db.com/product/2277?utm_source=mercari&utm_medium=cpc&utm_campaign=infeed_test,https://www.kamehouse-db.com/data/kamehouse/product/product_47607644.jpg,50,あり
2276,孫悟飯：SH（FB07-056 UC）,FB07 神龍への願い 収録,FB07 神龍への願い > R以下,https://www.kamehouse-db.com/product/2276,https://www.kamehouse-db.com/product/2276?utm_source=mercari&utm_medium=cpc&utm_campaign=infeed_test,https://www.kamehouse-db.com/data/kamehouse/product/product_47607636.jpg,50,あり
2275,孫悟天：SH（FB07-059 C）,FB07 神龍への願い 収録,FB07 神龍への願い > R以下,https://www.kamehouse-db.com/product/2275,https://www.kamehouse-db.com/product/2275?utm_source=mercari&utm_medium=cpc&utm_campaign=infeed_test,https://www.kamehouse-db.com/data/kamehouse/product/product_47607616.jpg,50,あり
2274,デンデ：SH（FB07-061 C）,FB07 神龍への願い 収録,FB07 神龍への願い > R以下,https://www.kamehouse-db.com/product/2274,https://www.kamehouse-db.com/product/2274?utm_source=mercari&utm_medium=cpc&utm_campaign=infeed_test,https://www.kamehouse-db.com/data/kamehouse/product/product_47607608.jpg,50,あり
2273,トランクス：SH（FB07-062 C）,FB07 神龍への願い 収録,FB07 神龍への願い > R以下,https://www.kamehouse-db.com/product/2273,https://www.kamehouse-db.com/product/2273?utm_source=mercari&utm_medium=cpc&utm_campaign=infeed_test,https://www.kamehouse-db.com/data/kamehouse/product/product_47607604.jpg,50,あり
2272,ピッコロ：SH（FB07-064 C）,FB07 神龍への願い 収録,FB07 神龍への願い > R以下,https://www.kamehouse-db.com/product/2272,https://www.kamehouse-db.com/product/2272?utm_source=mercari&utm_medium=cpc&utm_campaign=infeed_test,https://www.kamehouse-db.com/data/kamehouse/product/product_47607596.jpg,50,あり
2271,ブルマ：SH（FB07-067 C）,FB07 神龍への願い 収録,FB07 神龍への願い > R以下,https://www.kamehouse-db.com/product/2271,https://www.kamehouse-db.com/product/2271?utm_source=mercari&utm_medium=cpc&utm_campaign=infeed_test,https://www.kamehouse-db.com/data/kamehouse/product/product_47607580.jpg,50,あり
2270,共同戦線（FB07-070 C）,FB07 神龍への願い 収録,FB07 神龍への願い > R以下,https://www.kamehouse-db.com/product/2270,https://www.kamehouse-db.com/product/2270?utm_source=mercari&utm_medium=cpc&utm_campaign=infeed_test,https://www.kamehouse-db.com/data/kamehouse/product/product_47607568.jpg,50,あり
2269,爆ぜる怒り（FB07-071 R）,FB07 神龍への願い 収録,FB07 神龍への願い > R以下,https://www.kamehouse-db.com/product/2269,https://www.kamehouse-db.com/product/2269?utm_source=mercari&utm_medium=cpc&utm_campaign=infeed_test,https://www.kamehouse-db.com/data/kamehouse/product/product_47607564.jpg,50,あり
2268,ピッコロの巨大化（FB07-072 C）,FB07 神龍への願い 収録,FB07 神龍への願い > R以下,https://www.kamehouse-db.com/product/2268,https://www.kamehouse-db.com/product/2268?utm_source=mercari&utm_medium=cpc&utm_campaign=infeed_test,https://www.kamehouse-db.com/data/kamehouse/product/product_47607560.jpg,50,あり
2267,ギニュー（FB07-074 C）,FB07 神龍への願い 収録,FB07 神龍への願い > R以下,https://www.kamehouse-db.com/product/2267,https://www.kamehouse-db.com/product/2267?utm_source=mercari&utm_medium=cpc&utm_campaign=infeed_test,https://www.kamehouse-db.com/data/kamehouse/product/product_47607548.jpg,50,あり
2266,キャビラ/トービ（FB07-075 C）,FB07 神龍への願い 収録,FB07 神龍への願い > R以下,https://www.kamehouse-db.com/product/2266,https://www.kamehouse-db.com/product/2266?utm_source=mercari&utm_medium=cpc&utm_campaign=infeed_test,https://www.kamehouse-db.com/data/kamehouse/product/product_47607544.jpg,50,あり
2265,キュイ（FB07-076 C）,FB07 神龍への願い 収録,FB07 神龍への願い > R以下,https://www.kamehouse-db.com/product/2265,https://www.kamehouse-db.com/product/2265?utm_source=mercari&utm_medium=cpc&utm_campaign=infeed_test,https://www.kamehouse-db.com/data/kamehouse/product/product_47607540.jpg,50,あり
2264,ザーボン（FB07-082 UC）,FB07 神龍への願い 収録,FB07 神龍への願い > R以下,https://www.kamehouse-db.com/product/2264,https://www.kamehouse-db.com/product/2264?utm_source=mercari&utm_medium=cpc&utm_campaign=infeed_test,https://www.kamehouse-db.com/data/kamehouse/product/product_47607508.jpg,50,あり
2263,チルド（FB07-085 C）,FB07 神龍への願い 収録,FB07 神龍への願い > R以下,https://www.kamehouse-db.com/product/2263,https://www.kamehouse-db.com/product/2263?utm_source=mercari&utm_medium=cpc&utm_campaign=infeed_test,https://www.kamehouse-db.com/data/kamehouse/product/product_47607492.jpg,50,あり
2262,ドドリア（FB07-087 C）,FB07 神龍への願い 収録,FB07 神龍への願い > R以下,https://www.kamehouse-db.com/product/2262,https://www.kamehouse-db.com/product/2262?utm_source=mercari&utm_medium=cpc&utm_campaign=infeed_test,https://www.kamehouse-db.com/data/kamehouse/product/product_47607484.jpg,50,あり
2261,フリーザ（FB07-089 UC）,FB07 神龍への願い 収録,FB07 神龍への願い > R以下,https://www.kamehouse-db.com/product/2261,https://www.kamehouse-db.com/product/2261?utm_source=mercari&utm_medium=cpc&utm_campaign=infeed_test,https://www.kamehouse-db.com/data/kamehouse/product/product_47607472.jpg,50,あり
2260,フリーザ（FB07-090 UC）,FB07 神龍への願い 収録,FB07 神龍への願い > R以下,https://www.kamehouse-db.com/product/2260,https://www.kamehouse-db.com/product/2260?utm_source=mercari&utm_medium=cpc&utm_campaign=infeed_test,https://www.kamehouse-db.com/data/kamehouse/product/product_47607468.jpg,50,あり
2259,金色の帝王（FB07-094 C）,FB07 神龍への願い 収録,FB07 神龍への願い > R以下,https://www.kamehouse-db.com/product/2259,https://www.kamehouse-db.com/product/2259?utm_source=mercari&utm_medium=cpc&utm_campaign=infeed_test,https://www.kamehouse-db.com/data/kamehouse/product/product_47607448.jpg,50,あり
2258,地球消滅（FB07-095 C）,FB07 神龍への願い 収録,FB07 神龍への願い > R以下,https://www.kamehouse-db.com/product/2258,https://www.kamehouse-db.com/product/2258?utm_source=mercari&utm_medium=cpc&utm_campaign=infeed_test,https://www.kamehouse-db.com/data/kamehouse/product/product_47607444.jpg,50,あり
2257,ウイス（FB07-098 C）,FB07 神龍への願い 収録,FB07 神龍への願い > R以下,https://www.kamehouse-db.com/product/2257,https://www.kamehouse-db.com/product/2257?utm_source=mercari&utm_medium=cpc&utm_campaign=infeed_test,https://www.kamehouse-db.com/data/kamehouse/product/product_47607428.jpg,50,あり
2256,ウーロン（FB07-099 UC）,FB07 神龍への願い 収録,FB07 神龍への願い > R以下,https://www.kamehouse-db.com/product/2256,https://www.kamehouse-db.com/product/2256?utm_source=mercari&utm_medium=cpc&utm_campaign=infeed_test,https://www.kamehouse-db.com/data/kamehouse/product/product_47607424.jpg,50,あり
2255,ギル（FB07-102 C）,FB07 神龍への願い 収録,FB07 神龍への願い > R以下,https://www.kamehouse-db.com/product/2255,https://www.kamehouse-db.com/product/2255?utm_source=mercari&utm_medium=cpc&utm_campaign=infeed_test,https://www.kamehouse-db.com/data/kamehouse/product/product_47607412.jpg,50,あり
2254,デンデ（FB07-107 C）,FB07 神龍への願い 収録,FB07 神龍への願い > R以下,https://www.kamehouse-db.com/product/2254,https://www.kamehouse-db.com/product/2254?utm_source=mercari&utm_medium=cpc&utm_campaign=infeed_test,https://www.kamehouse-db.com/data/kamehouse/product/product_47607380.jpg,50,あり
2253,ピラフ（FB07-111 C）,FB07 神龍への願い 収録,FB07 神龍への願い > R以下,https://www.kamehouse-db.com/product/2253,https://www.kamehouse-db.com/product/2253?utm_source=mercari&utm_medium=cpc&utm_campaign=infeed_test,https://www.kamehouse-db.com/data/kamehouse/product/product_47607364.jpg,50,あり
2252,ビルス（FB07-112 UC）,FB07 神龍への願い 収録,FB07 神龍への願い > R以下,https://www.kamehouse-db.com/product/2252,https://www.kamehouse-db.com/product/2252?utm_source=mercari&utm_medium=cpc&utm_campaign=infeed_test,https://www.kamehouse-db.com/data/kamehouse/product/product_47607360.jpg,50,あり
2251,ベジータ（FB07-116 C）,FB07 神龍への願い 収録,FB07 神龍への願い > R以下,https://www.kamehouse-db.com/product/2251,https://www.kamehouse-db.com/product/2251?utm_source=mercari&utm_medium=cpc&utm_campaign=infeed_test,https://www.kamehouse-db.com/data/kamehouse/product/product_47607336.jpg,50,あり
2250,さあ願いをいえ（FB07-118 C）,FB07 神龍への願い 収録,FB07 神龍への願い > R以下,https://www.kamehouse-db.com/product/2250,https://www.kamehouse-db.com/product/2250?utm_source=mercari&utm_medium=cpc&utm_campaign=infeed_test,https://www.kamehouse-db.com/data/kamehouse/product/product_47607328.jpg,50,あり
2249,ドラゴンレーダー（FB07-120 C）,FB07 神龍への願い 収録,FB07 神龍への願い > R以下,https://www.kamehouse-db.com/product/2249,https://www.kamehouse-db.com/product/2249?utm_source=mercari&utm_medium=cpc&utm_campaign=infeed_test,https://www.kamehouse-db.com/data/kamehouse/product/product_47607320.jpg,50,あり
2248,人造人間16号（FB07-004 C）,SB02 MANGA BOOSTER 02 収録,SB02 MANGA BOOSTER 02 > R以下,https://www.kamehouse-db.com/product/2248,https://www.kamehouse-db.com/product/2248?utm_source=mercari&utm_medium=cpc&utm_campaign=infeed_test,https://www.kamehouse-db.com/data/kamehouse/product/product_50807968.jpg,50,あり
2247,ウーロン（SB02 FB07-099 UC）,SB02 MANGA BOOSTER 02 収録,SB02 MANGA BOOSTER 02 > R以下,https://www.kamehouse-db.com/product/2247,https://www.kamehouse-db.com/product/2247?utm_source=mercari&utm_medium=cpc&utm_campaign=infeed_test,https://www.kamehouse-db.com/data/kamehouse/product/product_50807952.jpg,50,あり
2246,ベジータ（FB07-116 C）,SB02 MANGA BOOSTER 02 収録,SB02 MANGA BOOSTER 02 > R以下,https://www.kamehouse-db.com/product/2246,https://www.kamehouse-db.com/product/2246?utm_source=mercari&utm_medium=cpc&utm_campaign=infeed_test,https://www.kamehouse-db.com/data/kamehouse/product/product_50807936.jpg,50,あり
2245,グロリオ：DA（FB07-001 L）,FB07 神龍への願い 収録,FB07 神龍への願い > R以下,https://www.kamehouse-db.com/product/2245,https://www.kamehouse-db.com/product/2245?utm_source=mercari&utm_medium=cpc&utm_campaign=infeed_test,https://www.kamehouse-db.com/data/kamehouse/product/product_47607916.jpg,80,あり
2244,人造人間17号（FB07-006 R）,FB07 神龍への願い 収録,FB07 神龍への願い > R以下,https://www.kamehouse-db.com/product/2244,https://www.kamehouse-db.com/product/2244?utm_source=mercari&utm_medium=cpc&utm_campaign=infeed_test,https://www.kamehouse-db.com/data/kamehouse/product/product_47607888.jpg,80,あり
2243,孫悟空（FB07-008 UC）,FB07 神龍への願い 収録,FB07 神龍への願い > R以下,https://www.kamehouse-db.com/product/2243,https://www.kamehouse-db.com/product/2243?utm_source=mercari&utm_medium=cpc&utm_campaign=infeed_test,https://www.kamehouse-db.com/data/kamehouse/product/product_47607880.jpg,80,あり
2242,孫悟空：DA（FB07-009 UC）,FB07 神龍への願い 収録,FB07 神龍への願い > R以下,https://www.kamehouse-db.com/product/2242,https://www.kamehouse-db.com/product/2242?utm_source=mercari&utm_medium=cpc&utm_campaign=infeed_test,https://www.kamehouse-db.com/data/kamehouse/product/product_47607876.jpg,120,あり
2241,孫悟空（FB07-011 R）,FB07 神龍への願い 収録,FB07 神龍への願い > R以下,https://www.kamehouse-db.com/product/2241,https://www.kamehouse-db.com/product/2241?utm_source=mercari&utm_medium=cpc&utm_campaign=infeed_test,https://www.kamehouse-db.com/data/kamehouse/product/product_47607860.jpg,80,あり
2240,パンジ：DA（FB07-016 R）,FB07 神龍への願い 収録,FB07 神龍への願い > R以下,https://www.kamehouse-db.com/product/2240,https://www.kamehouse-db.com/product/2240?utm_source=mercari&utm_medium=cpc&utm_campaign=infeed_test,https://www.kamehouse-db.com/data/kamehouse/product/product_47607840.jpg,80,あり
2239,魔王宮の決戦（FB07-024 C）,FB07 神龍への願い 収録,FB07 神龍への願い > R以下,https://www.kamehouse-db.com/product/2239,https://www.kamehouse-db.com/product/2239?utm_source=mercari&utm_medium=cpc&utm_campaign=infeed_test,https://www.kamehouse-db.com/data/kamehouse/product/product_47607800.jpg,80,あり
2238,超一星龍（FB07-025 L）,FB07 神龍への願い 収録,FB07 神龍への願い > R以下,https://www.kamehouse-db.com/product/2238,https://www.kamehouse-db.com/product/2238?utm_source=mercari&utm_medium=cpc&utm_campaign=infeed_test,https://www.kamehouse-db.com/data/kamehouse/product/product_47607796.jpg,80,あり
2237,三星龍（FB07-032 UC）,FB07 神龍への願い 収録,FB07 神龍への願い > R以下,https://www.kamehouse-db.com/product/2237,https://www.kamehouse-db.com/product/2237?utm_source=mercari&utm_medium=cpc&utm_campaign=infeed_test,https://www.kamehouse-db.com/data/kamehouse/product/product_47607756.jpg,80,あり
2235,七星龍（FB07-037 C）,FB07 神龍への願い 収録,FB07 神龍への願い > R以下,https://www.kamehouse-db.com/product/2235,https://www.kamehouse-db.com/product/2235?utm_source=mercari&utm_medium=cpc&utm_campaign=infeed_test,https://www.kamehouse-db.com/data/kamehouse/product/product_47607724.jpg,80,あり
2234,七星龍（FB07-038 C）,FB07 神龍への願い 収録,FB07 神龍への願い > R以下,https://www.kamehouse-db.com/product/2234,https://www.kamehouse-db.com/product/2234?utm_source=mercari&utm_medium=cpc&utm_campaign=infeed_test,https://www.kamehouse-db.com/data/kamehouse/product/product_47607720.jpg,80,あり
2233,トランクス：未来（FB07-039 UC）,FB07 神龍への願い 収録,FB07 神龍への願い > R以下,https://www.kamehouse-db.com/product/2233,https://www.kamehouse-db.com/product/2233?utm_source=mercari&utm_medium=cpc&utm_campaign=infeed_test,https://www.kamehouse-db.com/data/kamehouse/product/product_47607716.jpg,80,あり
2232,アリンス：DA（FB07-002 C）,FB07 神龍への願い 収録,FB07 神龍への願い > R以下,https://www.kamehouse-db.com/product/2232,https://www.kamehouse-db.com/product/2232?utm_source=mercari&utm_medium=cpc&utm_campaign=infeed_test,https://www.kamehouse-db.com/data/kamehouse/product/product_47607908.jpg,50,あり
2231,キング・クウ：DA（FB07-003 R）,FB07 神龍への願い 収録,FB07 神龍への願い > R以下,https://www.kamehouse-db.com/product/2231,https://www.kamehouse-db.com/product/2231?utm_source=mercari&utm_medium=cpc&utm_campaign=infeed_test,https://www.kamehouse-db.com/data/kamehouse/product/product_47607904.jpg,50,あり
2230,人造人間16号（FB07-004 C）,FB07 神龍への願い 収録,FB07 神龍への願い > R以下,https://www.kamehouse-db.com/product/2230,https://www.kamehouse-db.com/product/2230?utm_source=mercari&utm_medium=cpc&utm_campaign=infeed_test,https://www.kamehouse-db.com/data/kamehouse/product/product_47607896.jpg,50,あり
2229,人造人間17号（FB07-005 UC）,FB07 神龍への願い 収録,FB07 神龍への願い > R以下,https://www.kamehouse-db.com/product/2229,https://www.kamehouse-db.com/product/2229?utm_source=mercari&utm_medium=cpc&utm_campaign=infeed_test,https://www.kamehouse-db.com/data/kamehouse/product/product_47607892.jpg,50,あり
2228,セル（FB07-007 R）,FB07 神龍への願い 収録,FB07 神龍への願い > R以下,https://www.kamehouse-db.com/product/2228,https://www.kamehouse-db.com/product/2228?utm_source=mercari&utm_medium=cpc&utm_campaign=infeed_test,https://www.kamehouse-db.com/data/kamehouse/product/product_47607884.jpg,50,あり
2227,タマガミ・ナンバー・スリー：DA（FB07-012 C）,FB07 神龍への願い 収録,FB07 神龍への願い > R以下,https://www.kamehouse-db.com/product/2227,https://www.kamehouse-db.com/product/2227?utm_source=mercari&utm_medium=cpc&utm_campaign=infeed_test,https://www.kamehouse-db.com/data/kamehouse/product/product_47607856.jpg,50,あり
2226,タマガミ・ナンバー・ツー：DA（FB07-013 UC）,FB07 神龍への願い 収録,FB07 神龍への願い > R以下,https://www.kamehouse-db.com/product/2226,https://www.kamehouse-db.com/product/2226?utm_source=mercari&utm_medium=cpc&utm_campaign=infeed_test,https://www.kamehouse-db.com/data/kamehouse/product/product_47607852.jpg,50,あり
2225,タマガミ・ナンバー・ワン：DA（FB07-014 R）,FB07 神龍への願い 収録,FB07 神龍への願い > R以下,https://www.kamehouse-db.com/product/2225,https://www.kamehouse-db.com/product/2225?utm_source=mercari&utm_medium=cpc&utm_campaign=infeed_test,https://www.kamehouse-db.com/data/kamehouse/product/product_47607848.jpg,50,あり
2224,ネバ：DA（FB07 FB07-015 C）,FB07 神龍への願い 収録,FB07 神龍への願い > R以下,https://www.kamehouse-db.com/product/2224,https://www.kamehouse-db.com/product/2224?utm_source=mercari&utm_medium=cpc&utm_campaign=infeed_test,https://www.kamehouse-db.com/data/kamehouse/product/product_47607844.jpg,50,あり
2223,ブルマ：DA（FB07-018 C）,FB07 神龍への願い 収録,FB07 神龍への願い > R以下,https://www.kamehouse-db.com/product/2223,https://www.kamehouse-db.com/product/2223?utm_source=mercari&utm_medium=cpc&utm_campaign=infeed_test,https://www.kamehouse-db.com/data/kamehouse/product/product_47607828.jpg,50,あり
2222,ベジータ：DA（FB07-019 C）,FB07 神龍への願い 収録,FB07 神龍への願い > R以下,https://www.kamehouse-db.com/product/2222,https://www.kamehouse-db.com/product/2222?utm_source=mercari&utm_medium=cpc&utm_campaign=infeed_test,https://www.kamehouse-db.com/data/kamehouse/product/product_47607824.jpg,50,あり
2221,ベジータ：DA（FB07-020 UC）,FB07 神龍への願い 収録,FB07 神龍への願い > R以下,https://www.kamehouse-db.com/product/2221,https://www.kamehouse-db.com/product/2221?utm_source=mercari&utm_medium=cpc&utm_campaign=infeed_test,https://www.kamehouse-db.com/data/kamehouse/product/product_47607820.jpg,50,あり
2220,魔人ドゥー パワーアップ：DA（FB07-022 UC）,FB07 神龍への願い 収録,FB07 神龍への願い > R以下,https://www.kamehouse-db.com/product/2220,https://www.kamehouse-db.com/product/2220?utm_source=mercari&utm_medium=cpc&utm_campaign=infeed_test,https://www.kamehouse-db.com/data/kamehouse/product/product_47607808.jpg,50,あり
2219,超サイヤ人4への進化（FB07-023 C）,FB07 神龍への願い 収録,FB07 神龍への願い > R以下,https://www.kamehouse-db.com/product/2219,https://www.kamehouse-db.com/product/2219?utm_source=mercari&utm_medium=cpc&utm_campaign=infeed_test,https://www.kamehouse-db.com/data/kamehouse/product/product_47607804.jpg,50,あり
2218,五星龍（FB07-028 C）,FB07 神龍への願い 収録,FB07 神龍への願い > R以下,https://www.kamehouse-db.com/product/2218,https://www.kamehouse-db.com/product/2218?utm_source=mercari&utm_medium=cpc&utm_campaign=infeed_test,https://www.kamehouse-db.com/data/kamehouse/product/product_47607776.jpg,50,あり
2217,五星龍（FB07-029 C）,FB07 神龍への願い 収録,FB07 神龍への願い > R以下,https://www.kamehouse-db.com/product/2217,https://www.kamehouse-db.com/product/2217?utm_source=mercari&utm_medium=cpc&utm_campaign=infeed_test,https://www.kamehouse-db.com/data/kamehouse/product/product_47607772.jpg,50,あり
2216,二星龍（FB07-041 C）,FB07 神龍への願い 収録,FB07 神龍への願い > R以下,https://www.kamehouse-db.com/product/2216,https://www.kamehouse-db.com/product/2216?utm_source=mercari&utm_medium=cpc&utm_campaign=infeed_test,https://www.kamehouse-db.com/data/kamehouse/product/product_47607708.jpg,80,あり
2214,ドラゴンサンダー（FB07-045 C）,FB07 神龍への願い 収録,FB07 神龍への願い > R以下,https://www.kamehouse-db.com/product/2214,https://www.kamehouse-db.com/product/2214?utm_source=mercari&utm_medium=cpc&utm_campaign=infeed_test,https://www.kamehouse-db.com/data/kamehouse/product/product_47607692.jpg,80,あり
2213,バーストアタック（FB07-046 UC）,FB07 神龍への願い 収録,FB07 神龍への願い > R以下,https://www.kamehouse-db.com/product/2213,https://www.kamehouse-db.com/product/2213?utm_source=mercari&utm_medium=cpc&utm_campaign=infeed_test,https://www.kamehouse-db.com/data/kamehouse/product/product_47607688.jpg,80,あり
2211,ピッコロ：SH（FB07-049 L）,FB07 神龍への願い 収録,FB07 神龍への願い > R以下,https://www.kamehouse-db.com/product/2211,https://www.kamehouse-db.com/product/2211?utm_source=mercari&utm_medium=cpc&utm_campaign=infeed_test,https://www.kamehouse-db.com/data/kamehouse/product/product_47607676.jpg,80,あり
2210,ガンマ1号：SH/ガンマ2号：SH（FB07-051 R）,FB07 神龍への願い 収録,FB07 神龍への願い > R以下,https://www.kamehouse-db.com/product/2210,https://www.kamehouse-db.com/product/2210?utm_source=mercari&utm_medium=cpc&utm_campaign=infeed_test,https://www.kamehouse-db.com/data/kamehouse/product/product_47607664.jpg,120,あり
2209,クリリン：SH（FB07-053 UC）,FB07 神龍への願い 収録,FB07 神龍への願い > R以下,https://www.kamehouse-db.com/product/2209,https://www.kamehouse-db.com/product/2209?utm_source=mercari&utm_medium=cpc&utm_campaign=infeed_test,https://www.kamehouse-db.com/data/kamehouse/product/product_47607648.jpg,80,あり
2208,人造人間18号：SH（FB07-055 UC）,FB07 神龍への願い 収録,FB07 神龍への願い > R以下,https://www.kamehouse-db.com/product/2208,https://www.kamehouse-db.com/product/2208?utm_source=mercari&utm_medium=cpc&utm_campaign=infeed_test,https://www.kamehouse-db.com/data/kamehouse/product/product_47607640.jpg,80,あり
2206,ピッコロ：SH（FB07-065 UC）,FB07 神龍への願い 収録,FB07 神龍への願い > R以下,https://www.kamehouse-db.com/product/2206,https://www.kamehouse-db.com/product/2206?utm_source=mercari&utm_medium=cpc&utm_campaign=infeed_test,https://www.kamehouse-db.com/data/kamehouse/product/product_47607592.jpg,80,あり
2205,ブロリー（FB07-068 R）,FB07 神龍への願い 収録,FB07 神龍への願い > R以下,https://www.kamehouse-db.com/product/2205,https://www.kamehouse-db.com/product/2205?utm_source=mercari&utm_medium=cpc&utm_campaign=infeed_test,https://www.kamehouse-db.com/data/kamehouse/product/product_47607576.jpg,80,あり
2204,ブロリー：BR（FB07-069 R）,FB07 神龍への願い 収録,FB07 神龍への願い > R以下,https://www.kamehouse-db.com/product/2204,https://www.kamehouse-db.com/product/2204?utm_source=mercari&utm_medium=cpc&utm_campaign=infeed_test,https://www.kamehouse-db.com/data/kamehouse/product/product_47607572.jpg,120,あり
2203,ゴールデンフリーザ（FB07-073 L）,FB07 神龍への願い 収録,FB07 神龍への願い > R以下,https://www.kamehouse-db.com/product/2203,https://www.kamehouse-db.com/product/2203?utm_source=mercari&utm_medium=cpc&utm_campaign=infeed_test,https://www.kamehouse-db.com/data/kamehouse/product/product_47607556.jpg,80,あり
2202,クウラ（FB07-077 R）,FB07 神龍への願い 収録,FB07 神龍への願い > R以下,https://www.kamehouse-db.com/product/2202,https://www.kamehouse-db.com/product/2202?utm_source=mercari&utm_medium=cpc&utm_campaign=infeed_test,https://www.kamehouse-db.com/data/kamehouse/product/product_47607536.jpg,80,あり
2201,クウラ（FB07-078 UC）,FB07 神龍への願い 収録,FB07 神龍への願い > R以下,https://www.kamehouse-db.com/product/2201,https://www.kamehouse-db.com/product/2201?utm_source=mercari&utm_medium=cpc&utm_campaign=infeed_test,https://www.kamehouse-db.com/data/kamehouse/product/product_47607532.jpg,80,あり
2200,コルド大王（FB07-080 R）,FB07 神龍への願い 収録,FB07 神龍への願い > R以下,https://www.kamehouse-db.com/product/2200,https://www.kamehouse-db.com/product/2200?utm_source=mercari&utm_medium=cpc&utm_campaign=infeed_test,https://www.kamehouse-db.com/data/kamehouse/product/product_47607516.jpg,80,あり
2199,サードアイゴマー：DA（FB07-081 R）,FB07 神龍への願い 収録,FB07 神龍への願い > R以下,https://www.kamehouse-db.com/product/2199,https://www.kamehouse-db.com/product/2199?utm_source=mercari&utm_medium=cpc&utm_campaign=infeed_test,https://www.kamehouse-db.com/data/kamehouse/product/product_47607512.jpg,80,あり
2198,タゴマ（FB07-084 R）,FB07 神龍への願い 収録,FB07 神龍への願い > R以下,https://www.kamehouse-db.com/product/2198,https://www.kamehouse-db.com/product/2198?utm_source=mercari&utm_medium=cpc&utm_campaign=infeed_test,https://www.kamehouse-db.com/data/kamehouse/product/product_47607496.jpg,80,あり
2197,デゲス：DA（FB07-086 UC）,FB07 神龍への願い 収録,FB07 神龍への願い > R以下,https://www.kamehouse-db.com/product/2197,https://www.kamehouse-db.com/product/2197?utm_source=mercari&utm_medium=cpc&utm_campaign=infeed_test,https://www.kamehouse-db.com/data/kamehouse/product/product_47607488.jpg,80,あり
2196,フリーザ（FB07-088 R）,FB07 神龍への願い 収録,FB07 神龍への願い > R以下,https://www.kamehouse-db.com/product/2196,https://www.kamehouse-db.com/product/2196?utm_source=mercari&utm_medium=cpc&utm_campaign=infeed_test,https://www.kamehouse-db.com/data/kamehouse/product/product_47607480.jpg,120,あり
2195,魔人ドゥー：DA（FB07-091 UC）,FB07 神龍への願い 収録,FB07 神龍への願い > R以下,https://www.kamehouse-db.com/product/2195,https://www.kamehouse-db.com/product/2195?utm_source=mercari&utm_medium=cpc&utm_campaign=infeed_test,https://www.kamehouse-db.com/data/kamehouse/product/product_47607464.jpg,80,あり
2194,メカフリーザ/コルド大王（FB07-092 R）,FB07 神龍への願い 収録,FB07 神龍への願い > R以下,https://www.kamehouse-db.com/product/2194,https://www.kamehouse-db.com/product/2194?utm_source=mercari&utm_medium=cpc&utm_campaign=infeed_test,https://www.kamehouse-db.com/data/kamehouse/product/product_47607460.jpg,80,あり
2193,二度と蘇るんじゃないぞ（FB07-096 C）,FB07 神龍への願い 収録,FB07 神龍への願い > R以下,https://www.kamehouse-db.com/product/2193,https://www.kamehouse-db.com/product/2193?utm_source=mercari&utm_medium=cpc&utm_campaign=infeed_test,https://www.kamehouse-db.com/data/kamehouse/product/product_47607440.jpg,80,あり
2192,ドラゴンボール/神龍（FB07-097 L）,FB07 神龍への願い 収録,FB07 神龍への願い > R以下,https://www.kamehouse-db.com/product/2192,https://www.kamehouse-db.com/product/2192?utm_source=mercari&utm_medium=cpc&utm_campaign=infeed_test,https://www.kamehouse-db.com/data/kamehouse/product/product_47607436.jpg,80,あり
2191,神様（FB07-100 R）,FB07 神龍への願い 収録,FB07 神龍への願い > R以下,https://www.kamehouse-db.com/product/2191,https://www.kamehouse-db.com/product/2191?utm_source=mercari&utm_medium=cpc&utm_campaign=infeed_test,https://www.kamehouse-db.com/data/kamehouse/product/product_47607420.jpg,80,あり
2190,亀仙人（FB07-101 R）,FB07 神龍への願い 収録,FB07 神龍への願い > R以下,https://www.kamehouse-db.com/product/2190,https://www.kamehouse-db.com/product/2190?utm_source=mercari&utm_medium=cpc&utm_campaign=infeed_test,https://www.kamehouse-db.com/data/kamehouse/product/product_47607416.jpg,80,あり
2189,クリリン（FB07-103 R）,FB07 神龍への願い 収録,FB07 神龍への願い > R以下,https://www.kamehouse-db.com/product/2189,https://www.kamehouse-db.com/product/2189?utm_source=mercari&utm_medium=cpc&utm_campaign=infeed_test,https://www.kamehouse-db.com/data/kamehouse/product/product_47607408.jpg,80,あり
2188,孫悟飯：幼年期（FB07-106 R）,FB07 神龍への願い 収録,FB07 神龍への願い > R以下,https://www.kamehouse-db.com/product/2188,https://www.kamehouse-db.com/product/2188?utm_source=mercari&utm_medium=cpc&utm_campaign=infeed_test,https://www.kamehouse-db.com/data/kamehouse/product/product_47607388.jpg,120,あり
2184,ブルマ（FB07-115 UC）,FB07 神龍への願い 収録,FB07 神龍への願い > R以下,https://www.kamehouse-db.com/product/2184,https://www.kamehouse-db.com/product/2184?utm_source=mercari&utm_medium=cpc&utm_campaign=infeed_test,https://www.kamehouse-db.com/data/kamehouse/product/product_47607340.jpg,80,あり
2183,ヤムチャ（FB07-117 UC）,FB07 神龍への願い 収録,FB07 神龍への願い > R以下,https://www.kamehouse-db.com/product/2183,https://www.kamehouse-db.com/product/2183?utm_source=mercari&utm_medium=cpc&utm_campaign=infeed_test,https://www.kamehouse-db.com/data/kamehouse/product/product_47607332.jpg,80,あり
2182,ドラゴンボール（FB07-119 C）,FB07 神龍への願い 収録,FB07 神龍への願い > R以下,https://www.kamehouse-db.com/product/2182,https://www.kamehouse-db.com/product/2182?utm_source=mercari&utm_medium=cpc&utm_campaign=infeed_test,https://www.kamehouse-db.com/data/kamehouse/product/product_47607324.jpg,80,あり
2181,セル（FB07-007 R）,SB02 MANGA BOOSTER 02 収録,SB02 MANGA BOOSTER 02 > R以下,https://www.kamehouse-db.com/product/2181,https://www.kamehouse-db.com/product/2181?utm_source=mercari&utm_medium=cpc&utm_campaign=infeed_test,https://www.kamehouse-db.com/data/kamehouse/product/product_50807964.jpg,120,あり
2180,神様（FB07-100 R）,FB07 神龍への願い 収録,SB02 MANGA BOOSTER 02 > R以下,https://www.kamehouse-db.com/product/2180,https://www.kamehouse-db.com/product/2180?utm_source=mercari&utm_medium=cpc&utm_campaign=infeed_test,https://www.kamehouse-db.com/data/kamehouse/product/product_50807948.jpg,80,あり
2179,クリリン（FB07-103 R）,FB07 神龍への願い 収録,SB02 MANGA BOOSTER 02 > R以下,https://www.kamehouse-db.com/product/2179,https://www.kamehouse-db.com/product/2179?utm_source=mercari&utm_medium=cpc&utm_campaign=infeed_test,https://www.kamehouse-db.com/data/kamehouse/product/product_50807944.jpg,80,あり
2178,ヤムチャ（FB07-117 UC）,FB07 神龍への願い 収録,SB02 MANGA BOOSTER 02 > R以下,https://www.kamehouse-db.com/product/2178,https://www.kamehouse-db.com/product/2178?utm_source=mercari&utm_medium=cpc&utm_campaign=infeed_test,https://www.kamehouse-db.com/data/kamehouse/product/product_50807932.jpg,80,あり
2177,さあ願いをいえ（FB07-118 C）,FB07 神龍への願い 収録,SB02 MANGA BOOSTER 02 > R以下,https://www.kamehouse-db.com/product/2177,https://www.kamehouse-db.com/product/2177?utm_source=mercari&utm_medium=cpc&utm_campaign=infeed_test,https://www.kamehouse-db.com/data/kamehouse/product/product_50807928.jpg,80,あり
2176,ドラゴンレーダー（FB07-120 C）,FB07 神龍への願い 収録,SB02 MANGA BOOSTER 02 > R以下,https://www.kamehouse-db.com/product/2176,https://www.kamehouse-db.com/product/2176?utm_source=mercari&utm_medium=cpc&utm_campaign=infeed_test,https://www.kamehouse-db.com/data/kamehouse/product/product_50807924.jpg,80,あり
2175,一星龍（FB07-026 UC）,FB07 神龍への願い 収録,FB07 神龍への願い > R以下,https://www.kamehouse-db.com/product/2175,https://www.kamehouse-db.com/product/2175?utm_source=mercari&utm_medium=cpc&utm_campaign=infeed_test,https://www.kamehouse-db.com/data/kamehouse/product/product_47607788.jpg,120,あり
2172,チライ：BR（FB07-060 UC）,FB07 神龍への願い 収録,FB07 神龍への願い > R以下,https://www.kamehouse-db.com/product/2172,https://www.kamehouse-db.com/product/2172?utm_source=mercari&utm_medium=cpc&utm_campaign=infeed_test,https://www.kamehouse-db.com/data/kamehouse/product/product_47607612.jpg,180,あり
2171,ブルマ（FB07-115 UC）,FB07 神龍への願い 収録,SB02 MANGA BOOSTER 02 > R以下,https://www.kamehouse-db.com/product/2171,https://www.kamehouse-db.com/product/2171?utm_source=mercari&utm_medium=cpc&utm_campaign=infeed_test,https://www.kamehouse-db.com/data/kamehouse/product/product_50807940.jpg,170,あり
2170,ガンマ1号：SH（FB07-050 R）,FB07 神龍への願い 収録,FB07 神龍への願い > R以下,https://www.kamehouse-db.com/product/2170,https://www.kamehouse-db.com/product/2170?utm_source=mercari&utm_medium=cpc&utm_campaign=infeed_test,https://www.kamehouse-db.com/data/kamehouse/product/product_47607668.jpg,170,あり
2169,ブルマ（FB07-113 UC）,FB07 神龍への願い 収録,FB07 神龍への願い > R以下,https://www.kamehouse-db.com/product/2169,https://www.kamehouse-db.com/product/2169?utm_source=mercari&utm_medium=cpc&utm_campaign=infeed_test,https://www.kamehouse-db.com/data/kamehouse/product/product_47607356.jpg,220,あり
2168,パン：SH（FB07-063 R）,FB07 神龍への願い 収録,FB07 神龍への願い > R以下,https://www.kamehouse-db.com/product/2168,https://www.kamehouse-db.com/product/2168?utm_source=mercari&utm_medium=cpc&utm_campaign=infeed_test,https://www.kamehouse-db.com/data/kamehouse/product/product_47607600.jpg,560,あり
2167,ドラゴンボール（FB07-097 L）,SB02 MANGA BOOSTER 02 収録,SB02 MANGA BOOSTER 02 > R以下,https://www.kamehouse-db.com/product/2167,https://www.kamehouse-db.com/product/2167?utm_source=mercari&utm_medium=cpc&utm_campaign=infeed_test,https://www.kamehouse-db.com/data/kamehouse/product/product_50807960.jpg,550,あり
2165,孫悟空（ミニ）：DA（FB04-012 SR★）,FB04 限界を超えし者 収録,FB04 限界を超えし者 > SR,https://www.kamehouse-db.com/product/2165,https://www.kamehouse-db.com/product/2165?utm_source=mercari&utm_medium=cpc&utm_campaign=infeed_test,https://www.kamehouse-db.com/data/kamehouse/product/20260625_004ae6.jpeg,940,あり
2163,ブロリー：BR（FB06-062 R★）,FB06 迫り来る脅威 収録,FB06 迫り来る脅威 > パラレル,https://www.kamehouse-db.com/product/2163,https://www.kamehouse-db.com/product/2163?utm_source=mercari&utm_medium=cpc&utm_campaign=infeed_test,https://www.kamehouse-db.com/data/kamehouse/product/20260625_51730d.jpeg,1130,あり
2162,セル（SB01-001 L）,SB01 MANGA BOOSTER 01 収録,SB01 MANGA BOOSTER 01 > R以下,https://www.kamehouse-db.com/product/2162,https://www.kamehouse-db.com/product/2162?utm_source=mercari&utm_medium=cpc&utm_campaign=infeed_test,https://www.kamehouse-db.com/data/kamehouse/product/product_47608960.jpg,350,あり
2161,人造人間16号（SB01-002 R）,SB01 MANGA BOOSTER 01 収録,SB01 MANGA BOOSTER 01 > R以下,https://www.kamehouse-db.com/product/2161,https://www.kamehouse-db.com/product/2161?utm_source=mercari&utm_medium=cpc&utm_campaign=infeed_test,https://www.kamehouse-db.com/data/kamehouse/product/product_47608952.jpg,180,あり
2160,人造人間17号（SB01-003 R）,SB01 収録,SB01 MANGA BOOSTER 01 > R以下,https://www.kamehouse-db.com/product/2160,https://www.kamehouse-db.com/product/2160?utm_source=mercari&utm_medium=cpc&utm_campaign=infeed_test,https://www.kamehouse-db.com/data/kamehouse/product/product_47608944.jpg,170,あり
2159,人造人間18号（SB01-005 C）,SB01 MANGA BOOSTER 01 収録,SB01 MANGA BOOSTER 01 > R以下,https://www.kamehouse-db.com/product/2159,https://www.kamehouse-db.com/product/2159?utm_source=mercari&utm_medium=cpc&utm_campaign=infeed_test,https://www.kamehouse-db.com/data/kamehouse/product/product_47608932.jpg,120,あり
2158,人造人間19号（SB01-006 C）,SB01 MANGA BOOSTER 01 収録,SB01 MANGA BOOSTER 01 > R以下,https://www.kamehouse-db.com/product/2158,https://www.kamehouse-db.com/product/2158?utm_source=mercari&utm_medium=cpc&utm_campaign=infeed_test,https://www.kamehouse-db.com/data/kamehouse/product/product_47608928.jpg,120,あり
2157,人造人間19号/人造人間20号（SB01-007 UC）,SB01 MANGA BOOSTER 01 収録,SB01 MANGA BOOSTER 01 > R以下,https://www.kamehouse-db.com/product/2157,https://www.kamehouse-db.com/product/2157?utm_source=mercari&utm_medium=cpc&utm_campaign=infeed_test,https://www.kamehouse-db.com/data/kamehouse/product/product_47608924.jpg,80,あり
2156,人造人間20号（SB01-008 C）,SB01 MANGA BOOSTER 01 収録,SB01 MANGA BOOSTER 01 > R以下,https://www.kamehouse-db.com/product/2156,https://www.kamehouse-db.com/product/2156?utm_source=mercari&utm_medium=cpc&utm_campaign=infeed_test,https://www.kamehouse-db.com/data/kamehouse/product/product_47608920.jpg,120,あり
2155,セル（SB01-009 R）,SB01 MANGA BOOSTER 01 収録,SB01 MANGA BOOSTER 01 > R以下,https://www.kamehouse-db.com/product/2155,https://www.kamehouse-db.com/product/2155?utm_source=mercari&utm_medium=cpc&utm_campaign=infeed_test,https://www.kamehouse-db.com/data/kamehouse/product/product_47608916.jpg,180,あり
2154,セル（SB01-010 UC）,SB01 MANGA BOOSTER 01 収録,SB01 MANGA BOOSTER 01 > R以下,https://www.kamehouse-db.com/product/2154,https://www.kamehouse-db.com/product/2154?utm_source=mercari&utm_medium=cpc&utm_campaign=infeed_test,https://www.kamehouse-db.com/data/kamehouse/product/product_47608908.jpg,180,あり
2153,セル（SB01-011 UC）,SB01 MANGA BOOSTER 01 収録,SB01 MANGA BOOSTER 01 > R以下,https://www.kamehouse-db.com/product/2153,https://www.kamehouse-db.com/product/2153?utm_source=mercari&utm_medium=cpc&utm_campaign=infeed_test,https://www.kamehouse-db.com/data/kamehouse/product/product_47608904.jpg,180,あり
2152,セルジュニア（SB01-013 UC）,SB01 MANGA BOOSTER 01 収録,SB01 MANGA BOOSTER 01 > R以下,https://www.kamehouse-db.com/product/2152,https://www.kamehouse-db.com/product/2152?utm_source=mercari&utm_medium=cpc&utm_campaign=infeed_test,https://www.kamehouse-db.com/data/kamehouse/product/product_47608896.jpg,180,あり
2151,王立防衛軍の抵抗（SB01-014 C）,SB01 MANGA BOOSTER 01 収録,SB01 MANGA BOOSTER 01 > R以下,https://www.kamehouse-db.com/product/2151,https://www.kamehouse-db.com/product/2151?utm_source=mercari&utm_medium=cpc&utm_campaign=infeed_test,https://www.kamehouse-db.com/data/kamehouse/product/product_47608892.jpg,80,あり
2150,自爆（SB01-015 C）,SB01 MANGA BOOSTER 01 収録,SB01 MANGA BOOSTER 01 > R以下,https://www.kamehouse-db.com/product/2150,https://www.kamehouse-db.com/product/2150?utm_source=mercari&utm_medium=cpc&utm_campaign=infeed_test,https://www.kamehouse-db.com/data/kamehouse/product/product_47608888.jpg,80,あり
2149,瞬間移動（SB01-016 C）,SB01 MANGA BOOSTER 01 収録,SB01 MANGA BOOSTER 01 > R以下,https://www.kamehouse-db.com/product/2149,https://www.kamehouse-db.com/product/2149?utm_source=mercari&utm_medium=cpc&utm_campaign=infeed_test,https://www.kamehouse-db.com/data/kamehouse/product/product_47608884.jpg,120,あり
2148,かめはめ波最大出力（SB01-020 UC）,SB01 MANGA BOOSTER 01 収録,SB01 MANGA BOOSTER 01 > R以下,https://www.kamehouse-db.com/product/2148,https://www.kamehouse-db.com/product/2148?utm_source=mercari&utm_medium=cpc&utm_campaign=infeed_test,https://www.kamehouse-db.com/data/kamehouse/product/product_47608860.jpg,120,あり
2147,気功砲（SB01-021 UC）,SB01 MANGA BOOSTER 01 収録,SB01 MANGA BOOSTER 01 > R以下,https://www.kamehouse-db.com/product/2147,https://www.kamehouse-db.com/product/2147?utm_source=mercari&utm_medium=cpc&utm_campaign=infeed_test,https://www.kamehouse-db.com/data/kamehouse/product/product_47608856.jpg,120,あり
2146,萬國驚天掌（SB01-022 C）,SB01 MANGA BOOSTER 01 収録,SB01 MANGA BOOSTER 01 > R以下,https://www.kamehouse-db.com/product/2146,https://www.kamehouse-db.com/product/2146?utm_source=mercari&utm_medium=cpc&utm_campaign=infeed_test,https://www.kamehouse-db.com/data/kamehouse/product/product_47608852.jpg,80,あり
2143,最強のコンビ（SB01-027 C）,SB01 MANGA BOOSTER 01 収録,SB01 MANGA BOOSTER 01 > R以下,https://www.kamehouse-db.com/product/2143,https://www.kamehouse-db.com/product/2143?utm_source=mercari&utm_medium=cpc&utm_campaign=infeed_test,https://www.kamehouse-db.com/data/kamehouse/product/product_47608816.jpg,80,あり
2142,冷酷な選別（SB01-028 C）,SB01 MANGA BOOSTER 01 収録,SB01 MANGA BOOSTER 01 > R以下,https://www.kamehouse-db.com/product/2142,https://www.kamehouse-db.com/product/2142?utm_source=mercari&utm_medium=cpc&utm_campaign=infeed_test,https://www.kamehouse-db.com/data/kamehouse/product/product_47608812.jpg,80,あり
2141,魔人ブウ：純粋（SB01-029 L）,SB01 MANGA BOOSTER 01 収録,SB01 MANGA BOOSTER 01 > R以下,https://www.kamehouse-db.com/product/2141,https://www.kamehouse-db.com/product/2141?utm_source=mercari&utm_medium=cpc&utm_campaign=infeed_test,https://www.kamehouse-db.com/data/kamehouse/product/product_47608808.jpg,370,あり
2140,ダーブラ（SB01-030 R）,SB01 MANGA BOOSTER 01 収録,SB01 MANGA BOOSTER 01 > R以下,https://www.kamehouse-db.com/product/2140,https://www.kamehouse-db.com/product/2140?utm_source=mercari&utm_medium=cpc&utm_campaign=infeed_test,https://www.kamehouse-db.com/data/kamehouse/product/product_47608800.jpg,120,あり
2139,ベジータ（SB01-032 C）,SB01 MANGA BOOSTER 01 収録,SB01 MANGA BOOSTER 01 > R以下,https://www.kamehouse-db.com/product/2139,https://www.kamehouse-db.com/product/2139?utm_source=mercari&utm_medium=cpc&utm_campaign=infeed_test,https://www.kamehouse-db.com/data/kamehouse/product/product_47608788.jpg,180,あり
2138,魔人ブウ（SB01-033 R）,SB01 MANGA BOOSTER 01 収録,SB01 MANGA BOOSTER 01 > R以下,https://www.kamehouse-db.com/product/2138,https://www.kamehouse-db.com/product/2138?utm_source=mercari&utm_medium=cpc&utm_campaign=infeed_test,https://www.kamehouse-db.com/data/kamehouse/product/product_47608784.jpg,110,あり
2137,魔人ブウ：悪（SB01-034 R）,SB01 MANGA BOOSTER 01 収録,SB01 MANGA BOOSTER 01 > R以下,https://www.kamehouse-db.com/product/2137,https://www.kamehouse-db.com/product/2137?utm_source=mercari&utm_medium=cpc&utm_campaign=infeed_test,https://www.kamehouse-db.com/data/kamehouse/product/product_47608776.jpg,170,あり
2136,魔人ブウ：悪（SB01-035 UC）,SB01 MANGA BOOSTER 01 収録,SB01 MANGA BOOSTER 01 > R以下,https://www.kamehouse-db.com/product/2136,https://www.kamehouse-db.com/product/2136?utm_source=mercari&utm_medium=cpc&utm_campaign=infeed_test,https://www.kamehouse-db.com/data/kamehouse/product/product_47608772.jpg,80,あり
2135,魔人ブウ：悪（SB01-036 UC）,SB01 MANGA BOOSTER 01 収録,SB01 MANGA BOOSTER 01 > R以下,https://www.kamehouse-db.com/product/2135,https://www.kamehouse-db.com/product/2135?utm_source=mercari&utm_medium=cpc&utm_campaign=infeed_test,https://www.kamehouse-db.com/data/kamehouse/product/product_47608768.jpg,80,あり
2134,魔人ブウ：悪（SB01-037 C）,SB01 MANGA BOOSTER 01 収録,SB01 MANGA BOOSTER 01 > R以下,https://www.kamehouse-db.com/product/2134,https://www.kamehouse-db.com/product/2134?utm_source=mercari&utm_medium=cpc&utm_campaign=infeed_test,https://www.kamehouse-db.com/data/kamehouse/product/product_47608760.jpg,80,あり
2133,魔人ブウ：純粋（SB01-038 UC）,SB01 MANGA BOOSTER 01 収録,SB01 MANGA BOOSTER 01 > R以下,https://www.kamehouse-db.com/product/2133,https://www.kamehouse-db.com/product/2133?utm_source=mercari&utm_medium=cpc&utm_campaign=infeed_test,https://www.kamehouse-db.com/data/kamehouse/product/product_47608756.jpg,80,あり
2132,魔人ブウ：純粋悪（SB01-040 C）,SB01 MANGA BOOSTER 01 収録,SB01 MANGA BOOSTER 01 > R以下,https://www.kamehouse-db.com/product/2132,https://www.kamehouse-db.com/product/2132?utm_source=mercari&utm_medium=cpc&utm_campaign=infeed_test,https://www.kamehouse-db.com/data/kamehouse/product/product_47608748.jpg,80,あり
2131,魔人ブウ：善（SB01-041 C）,SB01 MANGA BOOSTER 01 収録,SB01 MANGA BOOSTER 01 > R以下,https://www.kamehouse-db.com/product/2131,https://www.kamehouse-db.com/product/2131?utm_source=mercari&utm_medium=cpc&utm_campaign=infeed_test,https://www.kamehouse-db.com/data/kamehouse/product/product_47608744.jpg,80,あり
2130,魔人ブウ：善（SB01-042 C）,SB01 MANGA BOOSTER 01 収録,SB01 MANGA BOOSTER 01 > R以下,https://www.kamehouse-db.com/product/2130,https://www.kamehouse-db.com/product/2130?utm_source=mercari&utm_medium=cpc&utm_campaign=infeed_test,https://www.kamehouse-db.com/data/kamehouse/product/product_47608740.jpg,80,あり
2129,ヤコン（SB01-043 C）,SB01 MANGA BOOSTER 01 収録,SB01 MANGA BOOSTER 01 > R以下,https://www.kamehouse-db.com/product/2129,https://www.kamehouse-db.com/product/2129?utm_source=mercari&utm_medium=cpc&utm_campaign=infeed_test,https://www.kamehouse-db.com/data/kamehouse/product/product_47608736.jpg,80,あり
2128,悪そのものの存在（SB01-044 C）,SB01 MANGA BOOSTER 01 収録,SB01 MANGA BOOSTER 01 > R以下,https://www.kamehouse-db.com/product/2128,https://www.kamehouse-db.com/product/2128?utm_source=mercari&utm_medium=cpc&utm_campaign=infeed_test,https://www.kamehouse-db.com/data/kamehouse/product/product_47608732.jpg,80,あり
2127,アックマン（SB01-046 C）,SB01 MANGA BOOSTER 01 収録,SB01 MANGA BOOSTER 01 > R以下,https://www.kamehouse-db.com/product/2127,https://www.kamehouse-db.com/product/2127?utm_source=mercari&utm_medium=cpc&utm_campaign=infeed_test,https://www.kamehouse-db.com/data/kamehouse/product/product_47608720.jpg,80,あり
2126,ウーロン（SB01-047 UC）,SB01 MANGA BOOSTER 01 収録,SB01 MANGA BOOSTER 01 > R以下,https://www.kamehouse-db.com/product/2126,https://www.kamehouse-db.com/product/2126?utm_source=mercari&utm_medium=cpc&utm_campaign=infeed_test,https://www.kamehouse-db.com/data/kamehouse/product/product_47608716.jpg,120,あり
2125,ウミガメ（SB01-048 C）,SB01 MANGA BOOSTER 01 収録,SB01 MANGA BOOSTER 01 > R以下,https://www.kamehouse-db.com/product/2125,https://www.kamehouse-db.com/product/2125?utm_source=mercari&utm_medium=cpc&utm_campaign=infeed_test,https://www.kamehouse-db.com/data/kamehouse/product/product_47608712.jpg,80,あり
2124,占いババ（SB01-049 UC）,SB01 MANGA BOOSTER 01 収録,SB01 MANGA BOOSTER 01 > R以下,https://www.kamehouse-db.com/product/2124,https://www.kamehouse-db.com/product/2124?utm_source=mercari&utm_medium=cpc&utm_campaign=infeed_test,https://www.kamehouse-db.com/data/kamehouse/product/product_47608708.jpg,120,あり
2123,亀仙人（SB01-050 R）,SB01 MANGA BOOSTER 01 収録,SB01 MANGA BOOSTER 01 > R以下,https://www.kamehouse-db.com/product/2123,https://www.kamehouse-db.com/product/2123?utm_source=mercari&utm_medium=cpc&utm_campaign=infeed_test,https://www.kamehouse-db.com/data/kamehouse/product/product_47608700.jpg,180,あり
2122,クリリン（SB01-051 UC）,SB01 MANGA BOOSTER 01 収録,SB01 MANGA BOOSTER 01 > R以下,https://www.kamehouse-db.com/product/2122,https://www.kamehouse-db.com/product/2122?utm_source=mercari&utm_medium=cpc&utm_campaign=infeed_test,https://www.kamehouse-db.com/data/kamehouse/product/product_47608692.jpg,80,あり
2121,スケさん（SB01-052 C）,SB01 MANGA BOOSTER 01 収録,SB01 MANGA BOOSTER 01 > R以下,https://www.kamehouse-db.com/product/2121,https://www.kamehouse-db.com/product/2121?utm_source=mercari&utm_medium=cpc&utm_campaign=infeed_test,https://www.kamehouse-db.com/data/kamehouse/product/product_47608684.jpg,80,あり
2120,孫悟飯（SB01-054 UC）,SB01 MANGA BOOSTER 01 収録,SB01 MANGA BOOSTER 01 > R以下,https://www.kamehouse-db.com/product/2120,https://www.kamehouse-db.com/product/2120?utm_source=mercari&utm_medium=cpc&utm_campaign=infeed_test,https://www.kamehouse-db.com/data/kamehouse/product/product_47608672.jpg,80,あり
2119,ドラキュラマン（SB01-055 C）,SB01 MANGA BOOSTER 01 収録,SB01 MANGA BOOSTER 01 > R以下,https://www.kamehouse-db.com/product/2119,https://www.kamehouse-db.com/product/2119?utm_source=mercari&utm_medium=cpc&utm_campaign=infeed_test,https://www.kamehouse-db.com/data/kamehouse/product/product_47608668.jpg,50,あり
2118,プーアル（SB01-056 UC）,SB01 MANGA BOOSTER 01 収録,SB01 MANGA BOOSTER 01 > R以下,https://www.kamehouse-db.com/product/2118,https://www.kamehouse-db.com/product/2118?utm_source=mercari&utm_medium=cpc&utm_campaign=infeed_test,https://www.kamehouse-db.com/data/kamehouse/product/product_47608664.jpg,80,あり
2117,ミイラくん（SB01-058 C）,SB01 MANGA BOOSTER 01 収録,SB01 MANGA BOOSTER 01 > R以下,https://www.kamehouse-db.com/product/2117,https://www.kamehouse-db.com/product/2117?utm_source=mercari&utm_medium=cpc&utm_campaign=infeed_test,https://www.kamehouse-db.com/data/kamehouse/product/product_47608652.jpg,80,あり
2112,トランクス：未来（SB02-001 L）,SB02 MANGA BOOSTER 02 収録,SB02 MANGA BOOSTER 02 > R以下,https://www.kamehouse-db.com/product/2112,https://www.kamehouse-db.com/product/2112?utm_source=mercari&utm_medium=cpc&utm_campaign=infeed_test,https://www.kamehouse-db.com/data/kamehouse/product/product_50808440.jpg,260,あり
2111,北の界王（SB02-002 C）,SB02 MANGA BOOSTER 02 収録,SB02 MANGA BOOSTER 02 > R以下,https://www.kamehouse-db.com/product/2111,https://www.kamehouse-db.com/product/2111?utm_source=mercari&utm_medium=cpc&utm_campaign=infeed_test,https://www.kamehouse-db.com/data/kamehouse/product/product_50808432.jpg,50,あり
2110,孫悟空（SB02-003 UC）,SB02 MANGA BOOSTER 02 収録,SB02 MANGA BOOSTER 02 > R以下,https://www.kamehouse-db.com/product/2110,https://www.kamehouse-db.com/product/2110?utm_source=mercari&utm_medium=cpc&utm_campaign=infeed_test,https://www.kamehouse-db.com/data/kamehouse/product/product_50808428.jpg,180,あり
2109,孫悟飯：少年期（SB02-005 UC）,SB02 MANGA BOOSTER 02 収録,SB02 MANGA BOOSTER 02 > R以下,https://www.kamehouse-db.com/product/2109,https://www.kamehouse-db.com/product/2109?utm_source=mercari&utm_medium=cpc&utm_campaign=infeed_test,https://www.kamehouse-db.com/data/kamehouse/product/product_50808416.jpg,80,あり
2107,天津飯（SB02-009 C）,SB02 MANGA BOOSTER 02 収録,SB02 MANGA BOOSTER 02 > R以下,https://www.kamehouse-db.com/product/2107,https://www.kamehouse-db.com/product/2107?utm_source=mercari&utm_medium=cpc&utm_campaign=infeed_test,https://www.kamehouse-db.com/data/kamehouse/product/product_50808396.jpg,50,あり
2104,ピッコロ（SB02-013 C）,SB02 MANGA BOOSTER 02 収録,SB02 MANGA BOOSTER 02 > R以下,https://www.kamehouse-db.com/product/2104,https://www.kamehouse-db.com/product/2104?utm_source=mercari&utm_medium=cpc&utm_campaign=infeed_test,https://www.kamehouse-db.com/data/kamehouse/product/product_50808376.jpg,80,あり
2103,ベジータ（SB02-015 C）,SB02 MANGA BOOSTER 02 収録,SB02 MANGA BOOSTER 02 > R以下,https://www.kamehouse-db.com/product/2103,https://www.kamehouse-db.com/product/2103?utm_source=mercari&utm_medium=cpc&utm_campaign=infeed_test,https://www.kamehouse-db.com/data/kamehouse/product/product_50808368.jpg,50,あり
2102,精神と時の部屋（SB02-016 C）,SB02 MANGA BOOSTER 02 収録,SB02 MANGA BOOSTER 02 > R以下,https://www.kamehouse-db.com/product/2102,https://www.kamehouse-db.com/product/2102?utm_source=mercari&utm_medium=cpc&utm_campaign=infeed_test,https://www.kamehouse-db.com/data/kamehouse/product/product_50808364.jpg,120,あり
2101,ゴテンクス（SB02-017 L）,SB02 MANGA BOOSTER 02 収録,SB02 MANGA BOOSTER 02 > R以下,https://www.kamehouse-db.com/product/2101,https://www.kamehouse-db.com/product/2101?utm_source=mercari&utm_medium=cpc&utm_campaign=infeed_test,https://www.kamehouse-db.com/data/kamehouse/product/product_50808360.jpg,350,あり
2100,ゴテンクス（SB02-018 C）,SB02 MANGA BOOSTER 02 収録,SB02 MANGA BOOSTER 02 > R以下,https://www.kamehouse-db.com/product/2100,https://www.kamehouse-db.com/product/2100?utm_source=mercari&utm_medium=cpc&utm_campaign=infeed_test,https://www.kamehouse-db.com/data/kamehouse/product/product_50808352.jpg,50,あり
2099,ゴテンクス（SB02-019 C）,SB02 MANGA BOOSTER 02 収録,SB02 MANGA BOOSTER 02 > R以下,https://www.kamehouse-db.com/product/2099,https://www.kamehouse-db.com/product/2099?utm_source=mercari&utm_medium=cpc&utm_campaign=infeed_test,https://www.kamehouse-db.com/data/kamehouse/product/product_50808348.jpg,80,あり
2098,ゴテンクス（SB02-020 R）,SB02 MANGA BOOSTER 02 収録,SB02 MANGA BOOSTER 02 > R以下,https://www.kamehouse-db.com/product/2098,https://www.kamehouse-db.com/product/2098?utm_source=mercari&utm_medium=cpc&utm_campaign=infeed_test,https://www.kamehouse-db.com/data/kamehouse/product/product_50808344.jpg,120,あり
2096,孫悟天（SB02-024 C）,SB02 MANGA BOOSTER 02 収録,SB02 MANGA BOOSTER 02 > R以下,https://www.kamehouse-db.com/product/2096,https://www.kamehouse-db.com/product/2096?utm_source=mercari&utm_medium=cpc&utm_campaign=infeed_test,https://www.kamehouse-db.com/data/kamehouse/product/product_50808320.jpg,80,あり
2095,孫悟天/トランクス：幼年期（SB02-025 UC）,SB02 MANGA BOOSTER 02 収録,SB02 MANGA BOOSTER 02 > R以下,https://www.kamehouse-db.com/product/2095,https://www.kamehouse-db.com/product/2095?utm_source=mercari&utm_medium=cpc&utm_campaign=infeed_test,https://www.kamehouse-db.com/data/kamehouse/product/product_50808316.jpg,120,あり
2094,孫悟飯：青年期（SB02-026 UC）,SB02 MANGA BOOSTER 02 収録,SB02 MANGA BOOSTER 02 > R以下,https://www.kamehouse-db.com/product/2094,https://www.kamehouse-db.com/product/2094?utm_source=mercari&utm_medium=cpc&utm_campaign=infeed_test,https://www.kamehouse-db.com/data/kamehouse/product/product_50808308.jpg,120,あり
2093,トランクス：幼年期（SB02-027 C）,SB02 MANGA BOOSTER 02 収録,SB02 MANGA BOOSTER 02 > R以下,https://www.kamehouse-db.com/product/2093,https://www.kamehouse-db.com/product/2093?utm_source=mercari&utm_medium=cpc&utm_campaign=infeed_test,https://www.kamehouse-db.com/data/kamehouse/product/product_50808300.jpg,80,あり
2092,ピッコロ（SB02-028 C）,SB02 MANGA BOOSTER 02 収録,SB02 MANGA BOOSTER 02 > R以下,https://www.kamehouse-db.com/product/2092,https://www.kamehouse-db.com/product/2092?utm_source=mercari&utm_medium=cpc&utm_campaign=infeed_test,https://www.kamehouse-db.com/data/kamehouse/product/product_50808296.jpg,80,あり
2091,スーパーゴーストカミカゼアタック（SB02-029 UC）,SB02 MANGA BOOSTER 02 収録,SB02 MANGA BOOSTER 02 > R以下,https://www.kamehouse-db.com/product/2091,https://www.kamehouse-db.com/product/2091?utm_source=mercari&utm_medium=cpc&utm_campaign=infeed_test,https://www.kamehouse-db.com/data/kamehouse/product/product_50808292.jpg,80,あり
2090,激突ウルトラブウブウバレーボール（SB02-030 UC）,SB02 MANGA BOOSTER 02 収録,SB02 MANGA BOOSTER 02 > R以下,https://www.kamehouse-db.com/product/2090,https://www.kamehouse-db.com/product/2090?utm_source=mercari&utm_medium=cpc&utm_campaign=infeed_test,https://www.kamehouse-db.com/data/kamehouse/product/product_50808288.jpg,80,あり
2089,フュージョンの特訓（SB02-031 C）,SB02 MANGA BOOSTER 02 収録,SB02 MANGA BOOSTER 02 > R以下,https://www.kamehouse-db.com/product/2089,https://www.kamehouse-db.com/product/2089?utm_source=mercari&utm_medium=cpc&utm_campaign=infeed_test,https://www.kamehouse-db.com/data/kamehouse/product/product_50808284.jpg,50,あり
2088,連続死ね死ねミサイル（SB02-032 UC）,SB02 MANGA BOOSTER 02 収録,SB02 MANGA BOOSTER 02 > R以下,https://www.kamehouse-db.com/product/2088,https://www.kamehouse-db.com/product/2088?utm_source=mercari&utm_medium=cpc&utm_campaign=infeed_test,https://www.kamehouse-db.com/data/kamehouse/product/product_50808280.jpg,80,あり
2087,孫悟空（SB02-033 L）,SB02 MANGA BOOSTER 02 収録,SB02 MANGA BOOSTER 02 > R以下,https://www.kamehouse-db.com/product/2087,https://www.kamehouse-db.com/product/2087?utm_source=mercari&utm_medium=cpc&utm_campaign=infeed_test,https://www.kamehouse-db.com/data/kamehouse/product/product_50808276.jpg,260,あり
2086,クリリン（SB02-034 UC）,SB02 MANGA BOOSTER 02 収録,SB02 MANGA BOOSTER 02 > R以下,https://www.kamehouse-db.com/product/2086,https://www.kamehouse-db.com/product/2086?utm_source=mercari&utm_medium=cpc&utm_campaign=infeed_test,https://www.kamehouse-db.com/data/kamehouse/product/product_50808268.jpg,80,あり
2085,孫悟空（SB02-036 UC）,SB02 MANGA BOOSTER 02 収録,SB02 MANGA BOOSTER 02 > R以下,https://www.kamehouse-db.com/product/2085,https://www.kamehouse-db.com/product/2085?utm_source=mercari&utm_medium=cpc&utm_campaign=infeed_test,https://www.kamehouse-db.com/data/kamehouse/product/product_50808256.jpg,80,あり
2084,孫悟空（SB02-037 UC）,SB02 MANGA BOOSTER 02 収録,SB02 MANGA BOOSTER 02 > R以下,https://www.kamehouse-db.com/product/2084,https://www.kamehouse-db.com/product/2084?utm_source=mercari&utm_medium=cpc&utm_campaign=infeed_test,https://www.kamehouse-db.com/data/kamehouse/product/product_50808252.jpg,120,あり
2081,デンデ（SB02-040 C）,SB02 MANGA BOOSTER 02 収録,SB02 MANGA BOOSTER 02 > R以下,https://www.kamehouse-db.com/product/2081,https://www.kamehouse-db.com/product/2081?utm_source=mercari&utm_medium=cpc&utm_campaign=infeed_test,https://www.kamehouse-db.com/data/kamehouse/product/product_50808236.jpg,50,あり
2080,ネイル（SB02-041 C）,SB02 MANGA BOOSTER 02 収録,SB02 MANGA BOOSTER 02 > R以下,https://www.kamehouse-db.com/product/2080,https://www.kamehouse-db.com/product/2080?utm_source=mercari&utm_medium=cpc&utm_campaign=infeed_test,https://www.kamehouse-db.com/data/kamehouse/product/product_50808232.jpg,80,あり
2079,ピッコロ（SB02-042 C）,SB02 MANGA BOOSTER 02 収録,SB02 MANGA BOOSTER 02 > R以下,https://www.kamehouse-db.com/product/2079,https://www.kamehouse-db.com/product/2079?utm_source=mercari&utm_medium=cpc&utm_campaign=infeed_test,https://www.kamehouse-db.com/data/kamehouse/product/product_50808228.jpg,80,あり
2077,ブルマ（SB02-044 UC）,SB02 MANGA BOOSTER 02 収録,SB02 MANGA BOOSTER 02 > R以下,https://www.kamehouse-db.com/product/2077,https://www.kamehouse-db.com/product/2077?utm_source=mercari&utm_medium=cpc&utm_campaign=infeed_test,https://www.kamehouse-db.com/data/kamehouse/product/product_50808216.jpg,120,あり
2074,ベジータ（SB02-046 UC）,SB02 MANGA BOOSTER 02 収録,SB02 MANGA BOOSTER 02 > R以下,https://www.kamehouse-db.com/product/2074,https://www.kamehouse-db.com/product/2074?utm_source=mercari&utm_medium=cpc&utm_campaign=infeed_test,https://www.kamehouse-db.com/data/kamehouse/product/product_50808204.jpg,180,あり
2073,怒りのかめはめ波（SB02-047 C）,SB02 MANGA BOOSTER 02,SB02 MANGA BOOSTER 02 > R以下,https://www.kamehouse-db.com/product/2073,https://www.kamehouse-db.com/product/2073?utm_source=mercari&utm_medium=cpc&utm_campaign=infeed_test,https://www.kamehouse-db.com/data/kamehouse/product/product_50808200.jpg,50,あり
2072,太陽拳（SB02-048 C）,SB02 MANGA BOOSTER 02 収録,SB02 MANGA BOOSTER 02 > R以下,https://www.kamehouse-db.com/product/2072,https://www.kamehouse-db.com/product/2072?utm_source=mercari&utm_medium=cpc&utm_campaign=infeed_test,https://www.kamehouse-db.com/data/kamehouse/product/product_50808196.jpg,50,あり
2071,ギニュー（SB02-049 C）,SB02 MANGA BOOSTER 02 収録,SB02 MANGA BOOSTER 02 > R以下,https://www.kamehouse-db.com/product/2071,https://www.kamehouse-db.com/product/2071?utm_source=mercari&utm_medium=cpc&utm_campaign=infeed_test,https://www.kamehouse-db.com/data/kamehouse/product/product_50808192.jpg,80,あり
2070,グルド（SB02-050 UC）,SB02 MANGA BOOSTER 02 収録,SB02 MANGA BOOSTER 02 > R以下,https://www.kamehouse-db.com/product/2070,https://www.kamehouse-db.com/product/2070?utm_source=mercari&utm_medium=cpc&utm_campaign=infeed_test,https://www.kamehouse-db.com/data/kamehouse/product/product_50808188.jpg,120,あり
2069,ザーボン（SB02-051 UC）,SB02 MANGA BOOSTER 02 収録,SB02 MANGA BOOSTER 02 > R以下,https://www.kamehouse-db.com/product/2069,https://www.kamehouse-db.com/product/2069?utm_source=mercari&utm_medium=cpc&utm_campaign=infeed_test,https://www.kamehouse-db.com/data/kamehouse/product/product_50808184.jpg,80,あり
2068,ドドリア（SB02-052 UC）,SB02 MANGA BOOSTER 02 収録,SB02 MANGA BOOSTER 02 > R以下,https://www.kamehouse-db.com/product/2068,https://www.kamehouse-db.com/product/2068?utm_source=mercari&utm_medium=cpc&utm_campaign=infeed_test,https://www.kamehouse-db.com/data/kamehouse/product/product_50808180.jpg,120,あり
2065,シンバル（SB02-055 C）,SB02 MANGA BOOSTER 02 収録,SB02 MANGA BOOSTER 02 > R以下,https://www.kamehouse-db.com/product/2065,https://www.kamehouse-db.com/product/2065?utm_source=mercari&utm_medium=cpc&utm_campaign=infeed_test,https://www.kamehouse-db.com/data/kamehouse/product/product_50808160.jpg,50,あり
2063,ドラム（SB02-057 UC）,SB02 MANGA BOOSTER 02 収録,SB02 MANGA BOOSTER 02 > R以下,https://www.kamehouse-db.com/product/2063,https://www.kamehouse-db.com/product/2063?utm_source=mercari&utm_medium=cpc&utm_campaign=infeed_test,https://www.kamehouse-db.com/data/kamehouse/product/product_50808148.jpg,50,あり
2061,レッドリボン軍のロボット（SB02-060 UC）,SB02 MANGA BOOSTER 02 収録,SB02 MANGA BOOSTER 02 > R以下,https://www.kamehouse-db.com/product/2061,https://www.kamehouse-db.com/product/2061?utm_source=mercari&utm_medium=cpc&utm_campaign=infeed_test,https://www.kamehouse-db.com/data/kamehouse/product/product_50808132.jpg,50,あり
2060,デッキケース（1stアニバーサリーセット）,デッキケース（1stアニバーサリーセット収録） ※別途送料がかかります。,サプライ > デッキケース,https://www.kamehouse-db.com/product/2060,https://www.kamehouse-db.com/product/2060?utm_source=mercari&utm_medium=cpc&utm_campaign=infeed_test,https://www.kamehouse-db.com/data/kamehouse/product/20260624_509849.jpeg,280,あり
2056,チチ（SB01 SB01-019 R）,SB01 MANGA BOOSTER 01 収録,SB02 MANGA BOOSTER 02 > R以下,https://www.kamehouse-db.com/product/2056,https://www.kamehouse-db.com/product/2056?utm_source=mercari&utm_medium=cpc&utm_campaign=infeed_test,https://www.kamehouse-db.com/data/kamehouse/product/20260615_21cb1a.jpeg,550,あり
2054,超一星龍（FB10-029 R）,FB10収録,FB10 CROSS FORCE > R以下,https://www.kamehouse-db.com/product/2054,https://www.kamehouse-db.com/product/2054?utm_source=mercari&utm_medium=cpc&utm_campaign=infeed_test,https://www.kamehouse-db.com/data/kamehouse/product/20260612_999bb8.jpg,80,あり
2048,孫悟飯：未来（FB10 FB10-058 R）,FB10 CROSS FORCE収録,FB10 CROSS FORCE > R以下,https://www.kamehouse-db.com/product/2048,https://www.kamehouse-db.com/product/2048?utm_source=mercari&utm_medium=cpc&utm_campaign=infeed_test,https://www.kamehouse-db.com/data/kamehouse/product/20260612_5dc72a.jpeg,80,あり
2047,孫悟飯：未来（FB10 FB10-059 SR）,FB10 CROSS FORCE収録,FB10 CROSS FORCE > SR,https://www.kamehouse-db.com/product/2047,https://www.kamehouse-db.com/product/2047?utm_source=mercari&utm_medium=cpc&utm_campaign=infeed_test,https://www.kamehouse-db.com/data/kamehouse/product/20260612_ced182.jpeg,80,あり
2045,孫悟飯：幼年期（FB10 FB10-060 C）,FB10 CROSS FORCE収録,FB10 CROSS FORCE > R以下,https://www.kamehouse-db.com/product/2045,https://www.kamehouse-db.com/product/2045?utm_source=mercari&utm_medium=cpc&utm_campaign=infeed_test,https://www.kamehouse-db.com/data/kamehouse/product/20260612_6ba697.jpeg,50,あり
2043,ターレス（FB10 FB10-062 R）,FB10 CROSS FORCE収録,FB10 CROSS FORCE > R以下,https://www.kamehouse-db.com/product/2043,https://www.kamehouse-db.com/product/2043?utm_source=mercari&utm_medium=cpc&utm_campaign=infeed_test,https://www.kamehouse-db.com/data/kamehouse/product/20260612_22853b.jpeg,180,あり
2042,ネイル（FB10 FB10-063 C）,FB10 CROSS FORCE収録,FB10 CROSS FORCE > R以下,https://www.kamehouse-db.com/product/2042,https://www.kamehouse-db.com/product/2042?utm_source=mercari&utm_medium=cpc&utm_campaign=infeed_test,https://www.kamehouse-db.com/data/kamehouse/product/20260612_39e277.jpeg,50,あり
2041,ビーデル（FB10 FB10-064 SR）,FB10 CROSS FORCE収録,FB10 CROSS FORCE > SR,https://www.kamehouse-db.com/product/2041,https://www.kamehouse-db.com/product/2041?utm_source=mercari&utm_medium=cpc&utm_campaign=infeed_test,https://www.kamehouse-db.com/data/kamehouse/product/20260612_44e724.jpeg,120,あり
2039,ピッコロ（FB10 FB10-065 C）,FB10 CROSS FORCE収録,FB10 CROSS FORCE > R以下,https://www.kamehouse-db.com/product/2039,https://www.kamehouse-db.com/product/2039?utm_source=mercari&utm_medium=cpc&utm_campaign=infeed_test,https://www.kamehouse-db.com/data/kamehouse/product/20260612_764ddc.jpeg,50,あり
2038,ピッコロ（FB10 FB10-066 C）,FB10 CROSS FORCE収録,FB10 CROSS FORCE > R以下,https://www.kamehouse-db.com/product/2038,https://www.kamehouse-db.com/product/2038?utm_source=mercari&utm_medium=cpc&utm_campaign=infeed_test,https://www.kamehouse-db.com/data/kamehouse/product/20260612_a50dac.jpeg,50,あり
2037,ピッコロ（FB10 FB10-067 R）,FB10 CROSS FORCE収録,FB10 CROSS FORCE > R以下,https://www.kamehouse-db.com/product/2037,https://www.kamehouse-db.com/product/2037?utm_source=mercari&utm_medium=cpc&utm_campaign=infeed_test,https://www.kamehouse-db.com/data/kamehouse/product/20260612_8e72a2.jpeg,80,あり
2036,ピッコロ（FB10 FB10-068 UC）,FB10 CROSS FORCE収録,FB10 CROSS FORCE > R以下,https://www.kamehouse-db.com/product/2036,https://www.kamehouse-db.com/product/2036?utm_source=mercari&utm_medium=cpc&utm_campaign=infeed_test,https://www.kamehouse-db.com/data/kamehouse/product/20260612_f55ab3.jpeg,50,あり
2035,ピッコロ（FB10 FB10-069 UC）,FB10 CROSS FORCE収録,FB10 CROSS FORCE > R以下,https://www.kamehouse-db.com/product/2035,https://www.kamehouse-db.com/product/2035?utm_source=mercari&utm_medium=cpc&utm_campaign=infeed_test,https://www.kamehouse-db.com/data/kamehouse/product/20260612_4be615.jpeg,50,あり
2034,ピッコロ（FB10 FB10-070 SR）,FB10 CROSS FORCE収録,FB10 CROSS FORCE > SR,https://www.kamehouse-db.com/product/2034,https://www.kamehouse-db.com/product/2034?utm_source=mercari&utm_medium=cpc&utm_campaign=infeed_test,https://www.kamehouse-db.com/data/kamehouse/product/20260612_5d3374.jpeg,540,あり
2033,ピッコロ（FB10 FB10-070 SR★）,FB10 CROSS FORCE収録,FB10 CROSS FORCE > パラレル,https://www.kamehouse-db.com/product/2033,https://www.kamehouse-db.com/product/2033?utm_source=mercari&utm_medium=cpc&utm_campaign=infeed_test,https://www.kamehouse-db.com/data/kamehouse/product/20260612_728017.jpeg,4690,あり
2032,過酷な修業（FB10 FB10-071 C）,FB10 CROSS FORCE収録,FB10 CROSS FORCE > R以下,https://www.kamehouse-db.com/product/2032,https://www.kamehouse-db.com/product/2032?utm_source=mercari&utm_medium=cpc&utm_campaign=infeed_test,https://www.kamehouse-db.com/data/kamehouse/product/20260612_656ca9.jpeg,50,あり
2031,決死の身代わり（FB10 FB10-072 UC）,FB10 CROSS FORCE収録,FB10 CROSS FORCE > R以下,https://www.kamehouse-db.com/product/2031,https://www.kamehouse-db.com/product/2031?utm_source=mercari&utm_medium=cpc&utm_campaign=infeed_test,https://www.kamehouse-db.com/data/kamehouse/product/20260612_8b49fb.jpeg,50,あり
2030,ボージャック（FB10 FB10-073 L）,FB10 CROSS FORCE収録,FB10 CROSS FORCE > R以下,https://www.kamehouse-db.com/product/2030,https://www.kamehouse-db.com/product/2030?utm_source=mercari&utm_medium=cpc&utm_campaign=infeed_test,https://www.kamehouse-db.com/data/kamehouse/product/20260612_3520f6.jpeg,80,あり
2028,アンギラ（FB10 FB10-074 C）,FB10 CROSS FORCE収録,FB10 CROSS FORCE > R以下,https://www.kamehouse-db.com/product/2028,https://www.kamehouse-db.com/product/2028?utm_source=mercari&utm_medium=cpc&utm_campaign=infeed_test,https://www.kamehouse-db.com/data/kamehouse/product/20260612_5846ac.jpeg,50,あり
2027,カクージャ（FB10 FB10-075 C）,FB10 CROSS FORCE収録,FB10 CROSS FORCE > R以下,https://www.kamehouse-db.com/product/2027,https://www.kamehouse-db.com/product/2027?utm_source=mercari&utm_medium=cpc&utm_campaign=infeed_test,https://www.kamehouse-db.com/data/kamehouse/product/20260612_4d40ff.jpeg,50,あり
2025,ゴクア（FB10 FB10-077 R）,FB10 CROSS FORCE収録,FB10 CROSS FORCE > R以下,https://www.kamehouse-db.com/product/2025,https://www.kamehouse-db.com/product/2025?utm_source=mercari&utm_medium=cpc&utm_campaign=infeed_test,https://www.kamehouse-db.com/data/kamehouse/product/20260612_4bd49a.jpeg,80,あり
2024,ザンギャ（FB10 FB10-078 SR）,FB10 CROSS FORCE収録,FB09 DUAL EVOLUTION > SR,https://www.kamehouse-db.com/product/2024,https://www.kamehouse-db.com/product/2024?utm_source=mercari&utm_medium=cpc&utm_campaign=infeed_test,https://www.kamehouse-db.com/data/kamehouse/product/20260612_1d6a8e.jpeg,370,あり
2022,ザンギャ（FB10 FB10-079 UC）,FB10 CROSS FORCE収録,FB10 CROSS FORCE > R以下,https://www.kamehouse-db.com/product/2022,https://www.kamehouse-db.com/product/2022?utm_source=mercari&utm_medium=cpc&utm_campaign=infeed_test,https://www.kamehouse-db.com/data/kamehouse/product/20260612_d236eb.jpeg,80,あり
2021,ザンギャ（FB10 FB10-079 UC★）,FB10 CROSS FORCE収録,FB10 CROSS FORCE > パラレル,https://www.kamehouse-db.com/product/2021,https://www.kamehouse-db.com/product/2021?utm_source=mercari&utm_medium=cpc&utm_campaign=infeed_test,https://www.kamehouse-db.com/data/kamehouse/product/20260612_9759a5.jpeg,1890,あり
2020,スラッグ（FB10 FB10-080 UC）,FB10 CROSS FORCE収録,FB10 CROSS FORCE > R以下,https://www.kamehouse-db.com/product/2020,https://www.kamehouse-db.com/product/2020?utm_source=mercari&utm_medium=cpc&utm_campaign=infeed_test,https://www.kamehouse-db.com/data/kamehouse/product/20260612_ea0d32.jpeg,50,あり
2019,スラッグ（FB10 FB10-081 R）,FB10 CROSS FORCE収録,FB10 CROSS FORCE > R以下,https://www.kamehouse-db.com/product/2019,https://www.kamehouse-db.com/product/2019?utm_source=mercari&utm_medium=cpc&utm_campaign=infeed_test,https://www.kamehouse-db.com/data/kamehouse/product/20260612_90b6c7.jpeg,170,あり
2017,スラッグ（FB10 FB10-082 SR）,FB10 CROSS FORCE収録,FB10 CROSS FORCE > SR,https://www.kamehouse-db.com/product/2017,https://www.kamehouse-db.com/product/2017?utm_source=mercari&utm_medium=cpc&utm_campaign=infeed_test,https://www.kamehouse-db.com/data/kamehouse/product/20260612_dee859.jpeg,280,あり
2015,ゼエウン（FB10 FB10-083 C）,FB10 CROSS FORCE収録,FB10 CROSS FORCE > R以下,https://www.kamehouse-db.com/product/2015,https://www.kamehouse-db.com/product/2015?utm_source=mercari&utm_medium=cpc&utm_campaign=infeed_test,https://www.kamehouse-db.com/data/kamehouse/product/20260612_311528.jpeg,50,あり
2014,ドロダボ（FB10 FB10-084 C）,FB10 CROSS FORCE収録,FB10 CROSS FORCE > R以下,https://www.kamehouse-db.com/product/2014,https://www.kamehouse-db.com/product/2014?utm_source=mercari&utm_medium=cpc&utm_campaign=infeed_test,https://www.kamehouse-db.com/data/kamehouse/product/20260612_f0984b.jpeg,50,あり
2013,ビドー（FB10 FB10-085 C）,FB10 CROSS FORCE収録,FB10 CROSS FORCE > R以下,https://www.kamehouse-db.com/product/2013,https://www.kamehouse-db.com/product/2013?utm_source=mercari&utm_medium=cpc&utm_campaign=infeed_test,https://www.kamehouse-db.com/data/kamehouse/product/20260612_b02273.jpeg,80,あり
2012,ビドー（FB10 FB10-086 UC）,FB10 CROSS FORCE収録,FB10 CROSS FORCE > R以下,https://www.kamehouse-db.com/product/2012,https://www.kamehouse-db.com/product/2012?utm_source=mercari&utm_medium=cpc&utm_campaign=infeed_test,https://www.kamehouse-db.com/data/kamehouse/product/20260612_3fd30f.jpeg,50,あり
2011,ブージン（FB10 FB10-087 C）,FB10 CROSS FORCE収録,FB10 CROSS FORCE > R以下,https://www.kamehouse-db.com/product/2011,https://www.kamehouse-db.com/product/2011?utm_source=mercari&utm_medium=cpc&utm_campaign=infeed_test,https://www.kamehouse-db.com/data/kamehouse/product/20260611_a0ac92.jpeg,80,あり
2010,ブージン（FB10 FB10-088 UC）,FB10 CROSS FORCE収録,FB10 CROSS FORCE > R以下,https://www.kamehouse-db.com/product/2010,https://www.kamehouse-db.com/product/2010?utm_source=mercari&utm_medium=cpc&utm_campaign=infeed_test,https://www.kamehouse-db.com/data/kamehouse/product/20260611_f1b1c9.jpeg,80,あり
2008,ベジータ（FB10 FB10-090 R）,FB10 CROSS FORCE収録,FB10 CROSS FORCE > R以下,https://www.kamehouse-db.com/product/2008,https://www.kamehouse-db.com/product/2008?utm_source=mercari&utm_medium=cpc&utm_campaign=infeed_test,https://www.kamehouse-db.com/data/kamehouse/product/20260611_238296.jpeg,170,あり
2007,ボージャック（FB10 FB10-091 R）,FB10 CROSS FORCE収録,FB10 CROSS FORCE > R以下,https://www.kamehouse-db.com/product/2007,https://www.kamehouse-db.com/product/2007?utm_source=mercari&utm_medium=cpc&utm_campaign=infeed_test,https://www.kamehouse-db.com/data/kamehouse/product/20260611_829a87.jpeg,120,あり
2005,ボージャック（FB10 FB10-092 SR）,FB10 CROSS FORCE収録,FB10 CROSS FORCE > SR,https://www.kamehouse-db.com/product/2005,https://www.kamehouse-db.com/product/2005?utm_source=mercari&utm_medium=cpc&utm_campaign=infeed_test,https://www.kamehouse-db.com/data/kamehouse/product/20260611_148583.jpeg,80,あり
2004,ボージャック（FB10 FB10-092 SR★）,FB10 CROSS FORCE収録,FB10 CROSS FORCE > パラレル,https://www.kamehouse-db.com/product/2004,https://www.kamehouse-db.com/product/2004?utm_source=mercari&utm_medium=cpc&utm_campaign=infeed_test,https://www.kamehouse-db.com/data/kamehouse/product/20260611_85316a.jpeg,650,あり
2003,メダマッチャ（FB10 FB10-093 C）,FB10 CROSS FORCE収録,FB10 CROSS FORCE > R以下,https://www.kamehouse-db.com/product/2003,https://www.kamehouse-db.com/product/2003?utm_source=mercari&utm_medium=cpc&utm_campaign=infeed_test,https://www.kamehouse-db.com/data/kamehouse/product/20260611_9ef4eb.jpeg,50,あり
2002,銀河戦士の侵略（FB10 FB10-094 UC）,FB10 CROSS FORCE収録,FB10 CROSS FORCE > R以下,https://www.kamehouse-db.com/product/2002,https://www.kamehouse-db.com/product/2002?utm_source=mercari&utm_medium=cpc&utm_campaign=infeed_test,https://www.kamehouse-db.com/data/kamehouse/product/20260611_522630.jpeg,50,あり
2001,忠誠の盾（FB10 FB10-095 R）,FB10 CROSS FORCE収録,FB10 CROSS FORCE > R以下,https://www.kamehouse-db.com/product/2001,https://www.kamehouse-db.com/product/2001?utm_source=mercari&utm_medium=cpc&utm_campaign=infeed_test,https://www.kamehouse-db.com/data/kamehouse/product/20260611_a6ab3f.jpeg,120,あり
2000,超能力の結界（FB10 FB10-096 C）,FB10 CROSS FORCE収録,FB10 CROSS FORCE > R以下,https://www.kamehouse-db.com/product/2000,https://www.kamehouse-db.com/product/2000?utm_source=mercari&utm_medium=cpc&utm_campaign=infeed_test,https://www.kamehouse-db.com/data/kamehouse/product/20260611_8207b2.jpeg,50,あり
1999,セル（FB10 FB10-097 L）,FB10 CROSS FORCE収録,FB10 CROSS FORCE > R以下,https://www.kamehouse-db.com/product/1999,https://www.kamehouse-db.com/product/1999?utm_source=mercari&utm_medium=cpc&utm_campaign=infeed_test,https://www.kamehouse-db.com/data/kamehouse/product/20260611_405663.jpeg,80,あり
1997,クリリン（FB10 FB10-098 UC）,FB10 CROSS FORCE収録,FB10 CROSS FORCE > R以下,https://www.kamehouse-db.com/product/1997,https://www.kamehouse-db.com/product/1997?utm_source=mercari&utm_medium=cpc&utm_campaign=infeed_test,https://www.kamehouse-db.com/data/kamehouse/product/20260611_73a946.jpeg,50,あり
1996,ジンジャータウンで一番えらい金持ち（FB10 FB10-099 C）,FB10 CROSS FORCE収録,FB10 CROSS FORCE > R以下,https://www.kamehouse-db.com/product/1996,https://www.kamehouse-db.com/product/1996?utm_source=mercari&utm_medium=cpc&utm_campaign=infeed_test,https://www.kamehouse-db.com/data/kamehouse/product/20260611_f57e50.jpeg,50,あり
1995,人造人間17号（FB10 FB10-100 C）,FB10 CROSS FORCE収録,FB10 CROSS FORCE > R以下,https://www.kamehouse-db.com/product/1995,https://www.kamehouse-db.com/product/1995?utm_source=mercari&utm_medium=cpc&utm_campaign=infeed_test,https://www.kamehouse-db.com/data/kamehouse/product/20260611_528ae7.jpeg,80,あり
1994,人造人間17号（FB10 FB10-101 R）,FB10 CROSS FORCE収録,FB10 CROSS FORCE > R以下,https://www.kamehouse-db.com/product/1994,https://www.kamehouse-db.com/product/1994?utm_source=mercari&utm_medium=cpc&utm_campaign=infeed_test,https://www.kamehouse-db.com/data/kamehouse/product/20260611_45cadf.jpeg,170,あり
1992,人造人間17号/人造人間18号（FB10 FB10-102 SR★）,FB10 CROSS FORCE収録,FB10 CROSS FORCE > パラレル,https://www.kamehouse-db.com/product/1992,https://www.kamehouse-db.com/product/1992?utm_source=mercari&utm_medium=cpc&utm_campaign=infeed_test,https://www.kamehouse-db.com/data/kamehouse/product/20260611_4951a3.jpeg,1510,あり
1991,人造人間18号（FB10 FB10-103 UC）,FB10 CROSS FORCE収録,FB10 CROSS FORCE > R以下,https://www.kamehouse-db.com/product/1991,https://www.kamehouse-db.com/product/1991?utm_source=mercari&utm_medium=cpc&utm_campaign=infeed_test,https://www.kamehouse-db.com/data/kamehouse/product/20260611_b9645e.jpeg,80,あり
1990,人造人間18号（FB10 FB10-104 R）,FB10 CROSS FORCE収録,FB10 CROSS FORCE > R以下,https://www.kamehouse-db.com/product/1990,https://www.kamehouse-db.com/product/1990?utm_source=mercari&utm_medium=cpc&utm_campaign=infeed_test,https://www.kamehouse-db.com/data/kamehouse/product/20260611_2babab.jpeg,120,あり
1988,スパイロボット（FB10 FB10-105 C）,FB10 CROSS FORCE収録,FB10 CROSS FORCE > R以下,https://www.kamehouse-db.com/product/1988,https://www.kamehouse-db.com/product/1988?utm_source=mercari&utm_medium=cpc&utm_campaign=infeed_test,https://www.kamehouse-db.com/data/kamehouse/product/20260611_160a2e.jpeg,50,あり
1987,セル（FB10 FB10-106 C）,FB10 CROSS FORCE収録,FB10 CROSS FORCE > R以下,https://www.kamehouse-db.com/product/1987,https://www.kamehouse-db.com/product/1987?utm_source=mercari&utm_medium=cpc&utm_campaign=infeed_test,https://www.kamehouse-db.com/data/kamehouse/product/20260611_d0764a.jpeg,50,あり
1986,セル（FB10 FB10-107 C）,FB10 CROSS FORCE収録,FB10 CROSS FORCE > R以下,https://www.kamehouse-db.com/product/1986,https://www.kamehouse-db.com/product/1986?utm_source=mercari&utm_medium=cpc&utm_campaign=infeed_test,https://www.kamehouse-db.com/data/kamehouse/product/20260611_35c235.jpeg,80,あり
1984,セル（FB10 FB10-108 SR★）,FB10 CROSS FORCE収録,FB10 CROSS FORCE > パラレル,https://www.kamehouse-db.com/product/1984,https://www.kamehouse-db.com/product/1984?utm_source=mercari&utm_medium=cpc&utm_campaign=infeed_test,https://www.kamehouse-db.com/data/kamehouse/product/20260611_b479fd.jpeg,1510,あり
1983,セル（FB10 FB10-109 C）,FB10 CROSS FORCE収録,FB10 CROSS FORCE > R以下,https://www.kamehouse-db.com/product/1983,https://www.kamehouse-db.com/product/1983?utm_source=mercari&utm_medium=cpc&utm_campaign=infeed_test,https://www.kamehouse-db.com/data/kamehouse/product/20260611_5a7edf.jpeg,80,あり
1980,セル（FB10 FB10-111 SR★）,FB10 CROSS FORCE収録,FB10 CROSS FORCE > パラレル,https://www.kamehouse-db.com/product/1980,https://www.kamehouse-db.com/product/1980?utm_source=mercari&utm_medium=cpc&utm_campaign=infeed_test,https://www.kamehouse-db.com/data/kamehouse/product/20260611_a0419f.jpeg,1600,あり
1979,セル（FB10 FB10-112 R）,FB10 CROSS FORCE収録,FB10 CROSS FORCE > R以下,https://www.kamehouse-db.com/product/1979,https://www.kamehouse-db.com/product/1979?utm_source=mercari&utm_medium=cpc&utm_campaign=infeed_test,https://www.kamehouse-db.com/data/kamehouse/product/20260611_df2d1f.jpeg,80,あり
1977,孫悟飯：青年期/ピッコロ（ FB10-057 R）,FB10 CROSS FORCE収録,FB10 CROSS FORCE > R以下,https://www.kamehouse-db.com/product/1977,https://www.kamehouse-db.com/product/1977?utm_source=mercari&utm_medium=cpc&utm_campaign=infeed_test,https://www.kamehouse-db.com/data/kamehouse/product/20260611_357ad0.jpg,370,あり
1976,孫悟飯：青年期（ FB10-056 C）,FB10 CROSS FORCE収録,FB10 CROSS FORCE > R以下,https://www.kamehouse-db.com/product/1976,https://www.kamehouse-db.com/product/1976?utm_source=mercari&utm_medium=cpc&utm_campaign=infeed_test,https://www.kamehouse-db.com/data/kamehouse/product/20260611_2bd0e0.jpg,50,あり
1974,孫悟飯：少年期（ FB10-055 R）,FB10 CROSS FORCE収録,FB10 CROSS FORCE > R以下,https://www.kamehouse-db.com/product/1974,https://www.kamehouse-db.com/product/1974?utm_source=mercari&utm_medium=cpc&utm_campaign=infeed_test,https://www.kamehouse-db.com/data/kamehouse/product/20260611_6638fd.jpg,120,あり
1972,セルジュニア（FB10 FB10-114 UC）,FB10 CROSS FORCE収録,FB10 CROSS FORCE > R以下,https://www.kamehouse-db.com/product/1972,https://www.kamehouse-db.com/product/1972?utm_source=mercari&utm_medium=cpc&utm_campaign=infeed_test,https://www.kamehouse-db.com/data/kamehouse/product/20260611_5da5ce.jpeg,80,あり
1971,孫悟空（FB10 FB10-115 R）,FB10 CROSS FORCE収録,FB10 CROSS FORCE > R以下,https://www.kamehouse-db.com/product/1971,https://www.kamehouse-db.com/product/1971?utm_source=mercari&utm_medium=cpc&utm_campaign=infeed_test,https://www.kamehouse-db.com/data/kamehouse/product/20260611_c99e1e.jpeg,80,あり
1970,ピッコロ（FB10 FB10-116 C）,FB10 CROSS FORCE収録,FB10 CROSS FORCE > R以下,https://www.kamehouse-db.com/product/1970,https://www.kamehouse-db.com/product/1970?utm_source=mercari&utm_medium=cpc&utm_campaign=infeed_test,https://www.kamehouse-db.com/data/kamehouse/product/20260611_f09313.jpeg,50,あり
1969,セルゲーム（FB10 FB10-117 UC）,FB10 CROSS FORCE収録,FB10 CROSS FORCE > R以下,https://www.kamehouse-db.com/product/1969,https://www.kamehouse-db.com/product/1969?utm_source=mercari&utm_medium=cpc&utm_campaign=infeed_test,https://www.kamehouse-db.com/data/kamehouse/product/20260611_455fd4.jpeg,50,あり
1968,孫悟飯：少年期（ FB10-053 C）,FB10 CROSS FORCE収録,FB10 CROSS FORCE > R以下,https://www.kamehouse-db.com/product/1968,https://www.kamehouse-db.com/product/1968?utm_source=mercari&utm_medium=cpc&utm_campaign=infeed_test,https://www.kamehouse-db.com/data/kamehouse/product/20260611_081dad.jpg,50,あり
1967,孫悟飯：少年期（FB10-054 UC）,FB10 CROSS FORCE収録,FB10 CROSS FORCE > R以下,https://www.kamehouse-db.com/product/1967,https://www.kamehouse-db.com/product/1967?utm_source=mercari&utm_medium=cpc&utm_campaign=infeed_test,https://www.kamehouse-db.com/data/kamehouse/product/20260611_04dba5.jpg,50,あり
1966,孫悟空（FB10-052 UC）,FB10 CROSS FORCE収録,FB10 CROSS FORCE > R以下,https://www.kamehouse-db.com/product/1966,https://www.kamehouse-db.com/product/1966?utm_source=mercari&utm_medium=cpc&utm_campaign=infeed_test,https://www.kamehouse-db.com/data/kamehouse/product/20260611_28cb86.jpg,50,あり
1965,神様（FB10-051 C）,FB10 CROSS FORCE収録,FB10 CROSS FORCE > R以下,https://www.kamehouse-db.com/product/1965,https://www.kamehouse-db.com/product/1965?utm_source=mercari&utm_medium=cpc&utm_campaign=infeed_test,https://www.kamehouse-db.com/data/kamehouse/product/20260611_e9158b.jpg,50,あり
1964,孫悟飯（FB10-050 UC）,FB10収録,FB10 CROSS FORCE > R以下,https://www.kamehouse-db.com/product/1964,https://www.kamehouse-db.com/product/1964?utm_source=mercari&utm_medium=cpc&utm_campaign=infeed_test,https://www.kamehouse-db.com/data/kamehouse/product/20260611_f41bce.jpg,50,あり
1962,セルのかめはめ波（FB10 FB10-118 R）,FB10 CROSS FORCE収録,FB10 CROSS FORCE > R以下,https://www.kamehouse-db.com/product/1962,https://www.kamehouse-db.com/product/1962?utm_source=mercari&utm_medium=cpc&utm_campaign=infeed_test,https://www.kamehouse-db.com/data/kamehouse/product/20260611_7f2b9f.jpeg,80,あり
1961,孫悟飯：青年期/ピッコロ（ FB10-049 L）,FB10 CROSS FORCE収録,FB10 CROSS FORCE > R以下,https://www.kamehouse-db.com/product/1961,https://www.kamehouse-db.com/product/1961?utm_source=mercari&utm_medium=cpc&utm_campaign=infeed_test,https://www.kamehouse-db.com/data/kamehouse/product/20260629_464a33.jpg,80,あり
1960,セルの太陽拳（FB10 FB10-119 UC）,FB10 CROSS FORCE収録,FB10 CROSS FORCE > R以下,https://www.kamehouse-db.com/product/1960,https://www.kamehouse-db.com/product/1960?utm_source=mercari&utm_medium=cpc&utm_campaign=infeed_test,https://www.kamehouse-db.com/data/kamehouse/product/20260611_bfd046.jpeg,50,あり
1958,セルのタマゴ（FB10 FB10-120 C）,FB10 CROSS FORCE収録,FB10 CROSS FORCE > R以下,https://www.kamehouse-db.com/product/1958,https://www.kamehouse-db.com/product/1958?utm_source=mercari&utm_medium=cpc&utm_campaign=infeed_test,https://www.kamehouse-db.com/data/kamehouse/product/20260611_45e81a.jpeg,50,あり
1956,ポタラ（FB10-047 R）,FB10 CROSS FORCE収録,FB10 CROSS FORCE > R以下,https://www.kamehouse-db.com/product/1956,https://www.kamehouse-db.com/product/1956?utm_source=mercari&utm_medium=cpc&utm_campaign=infeed_test,https://www.kamehouse-db.com/data/kamehouse/product/20260611_8f2719.jpg,270,あり
1955,ベジット（FB10 FB10-121 SCR）,FB10 CROSS FORCE収録,FB10 CROSS FORCE > SCR,https://www.kamehouse-db.com/product/1955,https://www.kamehouse-db.com/product/1955?utm_source=mercari&utm_medium=cpc&utm_campaign=infeed_test,https://www.kamehouse-db.com/data/kamehouse/product/20260611_3f949d.jpeg,4500,あり
1954,ベジットブルー降臨（ FB10-046 UC）,FB10 CROSS FORCE収録,FB10 CROSS FORCE > R以下,https://www.kamehouse-db.com/product/1954,https://www.kamehouse-db.com/product/1954?utm_source=mercari&utm_medium=cpc&utm_campaign=infeed_test,https://www.kamehouse-db.com/data/kamehouse/product/20260611_7c81af.jpg,80,あり
1951,ファイナルかめはめ波（FB10-045 R）,FB10 CROSS FORCE収録,FB10 CROSS FORCE > R以下,https://www.kamehouse-db.com/product/1951,https://www.kamehouse-db.com/product/1951?utm_source=mercari&utm_medium=cpc&utm_campaign=infeed_test,https://www.kamehouse-db.com/data/kamehouse/product/20260611_d735aa.jpg,120,あり
1950,サイヤ人の王子（FB10-044 C）,FB10 CROSS FORCE収録,FB10 CROSS FORCE > R以下,https://www.kamehouse-db.com/product/1950,https://www.kamehouse-db.com/product/1950?utm_source=mercari&utm_medium=cpc&utm_campaign=infeed_test,https://www.kamehouse-db.com/data/kamehouse/product/20260611_a71341.jpg,50,あり
1949,孫悟飯：少年期（FB10 FB10-122 SCR）,FB10 CROSS FORCE収録,FB10 CROSS FORCE > SCR,https://www.kamehouse-db.com/product/1949,https://www.kamehouse-db.com/product/1949?utm_source=mercari&utm_medium=cpc&utm_campaign=infeed_test,https://www.kamehouse-db.com/data/kamehouse/product/20260611_494acb.jpeg,840,あり
1948,マイ：未来（ FB10-043 R）,FB10 CROSS FORCE収録,FB10 CROSS FORCE > R以下,https://www.kamehouse-db.com/product/1948,https://www.kamehouse-db.com/product/1948?utm_source=mercari&utm_medium=cpc&utm_campaign=infeed_test,https://www.kamehouse-db.com/data/kamehouse/product/20260611_0b869b.jpg,80,あり
1947,孫悟飯：少年期（FB10 FB10-122 SCR★）,FB10 CROSS FORCE収録,FB10 CROSS FORCE > SCR,https://www.kamehouse-db.com/product/1947,https://www.kamehouse-db.com/product/1947?utm_source=mercari&utm_medium=cpc&utm_campaign=infeed_test,https://www.kamehouse-db.com/data/kamehouse/product/20260611_f75d07.jpeg,16740,あり
1945,マイ：未来（FB10-042 C）,FB10 CROSS FORCE収録,FB10 CROSS FORCE > R以下,https://www.kamehouse-db.com/product/1945,https://www.kamehouse-db.com/product/1945?utm_source=mercari&utm_medium=cpc&utm_campaign=infeed_test,https://www.kamehouse-db.com/data/kamehouse/product/20260611_50aaca.jpg,50,あり
1941,ベジット（FB10-041 UC）,FB10 CROSS FORCE収録,FB10 CROSS FORCE > R以下,https://www.kamehouse-db.com/product/1941,https://www.kamehouse-db.com/product/1941?utm_source=mercari&utm_medium=cpc&utm_campaign=infeed_test,https://www.kamehouse-db.com/data/kamehouse/product/20260611_fb0dbb.jpg,210,あり
1940,ベジット（ FB10-040 SR★）,FB10 収録,FB10 CROSS FORCE > パラレル,https://www.kamehouse-db.com/product/1940,https://www.kamehouse-db.com/product/1940?utm_source=mercari&utm_medium=cpc&utm_campaign=infeed_test,https://www.kamehouse-db.com/data/kamehouse/product/20260611_ab908d.jpg,3480,あり
1938,ベジータ（FB10-039 SR★）,FB10 収録,FB10 CROSS FORCE > パラレル,https://www.kamehouse-db.com/product/1938,https://www.kamehouse-db.com/product/1938?utm_source=mercari&utm_medium=cpc&utm_campaign=infeed_test,https://www.kamehouse-db.com/data/kamehouse/product/20260611_934cfb.jpg,2460,あり
1937,ベジータ（FB10-039 SR）,FB10 収録,FB10 CROSS FORCE > SR,https://www.kamehouse-db.com/product/1937,https://www.kamehouse-db.com/product/1937?utm_source=mercari&utm_medium=cpc&utm_campaign=infeed_test,https://www.kamehouse-db.com/data/kamehouse/product/20260611_90727f.jpg,370,あり
1935,ベジータ（ FB10-037 C）,FB10 CROSS FORCE収録,FB10 CROSS FORCE > R以下,https://www.kamehouse-db.com/product/1935,https://www.kamehouse-db.com/product/1935?utm_source=mercari&utm_medium=cpc&utm_campaign=infeed_test,https://www.kamehouse-db.com/data/kamehouse/product/20260611_724110.jpg,50,あり
1934,ブルマ（FB10-036 C）,FB10 CROSS FORCE収録,FB10 CROSS FORCE > R以下,https://www.kamehouse-db.com/product/1934,https://www.kamehouse-db.com/product/1934?utm_source=mercari&utm_medium=cpc&utm_campaign=infeed_test,https://www.kamehouse-db.com/data/kamehouse/product/20260611_1fdbb0.jpg,50,あり
1933,トランクス：未来（ FB10-035 R）,FB10 CROSS FORCE収録,FB10 CROSS FORCE > R以下,https://www.kamehouse-db.com/product/1933,https://www.kamehouse-db.com/product/1933?utm_source=mercari&utm_medium=cpc&utm_campaign=infeed_test,https://www.kamehouse-db.com/data/kamehouse/product/20260611_2ec49e.jpg,270,あり
1932,トランクス：未来（ FB10-034 UC）,FB10 CROSS FORCE収録,FB10 CROSS FORCE > R以下,https://www.kamehouse-db.com/product/1932,https://www.kamehouse-db.com/product/1932?utm_source=mercari&utm_medium=cpc&utm_campaign=infeed_test,https://www.kamehouse-db.com/data/kamehouse/product/20260611_64ce19.jpg,50,あり
1931,トランクス：未来（FB10-033 C）,FB10 CROSS FORCE収録,FB10 CROSS FORCE > R以下,https://www.kamehouse-db.com/product/1931,https://www.kamehouse-db.com/product/1931?utm_source=mercari&utm_medium=cpc&utm_campaign=infeed_test,https://www.kamehouse-db.com/data/kamehouse/product/20260611_0145a7.jpg,50,あり
1930,孫悟空（FB10-032 SR★）,FB10 収録,FB10 CROSS FORCE > パラレル,https://www.kamehouse-db.com/product/1930,https://www.kamehouse-db.com/product/1930?utm_source=mercari&utm_medium=cpc&utm_campaign=infeed_test,https://www.kamehouse-db.com/data/kamehouse/product/20260611_76ec24.jpg,3310,あり
1928,孫悟空（FB10-030 C）,FB10 CROSS FORCE収録,FB10 CROSS FORCE > R以下,https://www.kamehouse-db.com/product/1928,https://www.kamehouse-db.com/product/1928?utm_source=mercari&utm_medium=cpc&utm_campaign=infeed_test,https://www.kamehouse-db.com/data/kamehouse/product/20260611_601674.jpg,80,あり
1926,シン（FB10-028 C）,FB10 CROSS FORCE収録,FB10 CROSS FORCE > R以下,https://www.kamehouse-db.com/product/1926,https://www.kamehouse-db.com/product/1926?utm_source=mercari&utm_medium=cpc&utm_campaign=infeed_test,https://www.kamehouse-db.com/data/kamehouse/product/20260611_3fa80a.jpg,50,あり
1925,ゴワス（FB10-027 C）,FB10 CROSS FORCE収録,FB10 CROSS FORCE > R以下,https://www.kamehouse-db.com/product/1925,https://www.kamehouse-db.com/product/1925?utm_source=mercari&utm_medium=cpc&utm_campaign=infeed_test,https://www.kamehouse-db.com/data/kamehouse/product/20260611_cc4bed.jpg,50,あり
1922,ベジット（FB10-025 L）,FB10 CROSS FORCE収録,FB10 CROSS FORCE > R以下,https://www.kamehouse-db.com/product/1922,https://www.kamehouse-db.com/product/1922?utm_source=mercari&utm_medium=cpc&utm_campaign=infeed_test,https://www.kamehouse-db.com/data/kamehouse/product/20260629_cc869d.jpg,80,あり
1921,超元気玉（FB10-024 SR★）,FB10収録,FB10 CROSS FORCE > パラレル,https://www.kamehouse-db.com/product/1921,https://www.kamehouse-db.com/product/1921?utm_source=mercari&utm_medium=cpc&utm_campaign=infeed_test,https://www.kamehouse-db.com/data/kamehouse/product/20260611_c4b47d.jpg,8350,あり
1920,超元気玉（FB10-024 SR）,FB10収録,FB10 CROSS FORCE > SR,https://www.kamehouse-db.com/product/1920,https://www.kamehouse-db.com/product/1920?utm_source=mercari&utm_medium=cpc&utm_campaign=infeed_test,https://www.kamehouse-db.com/data/kamehouse/product/20260611_48ab65.jpg,210,あり
1919,サンキュードラゴンボール（FB10-023 R）,FB10 CROSS FORCE収録,FB10 CROSS FORCE > R以下,https://www.kamehouse-db.com/product/1919,https://www.kamehouse-db.com/product/1919?utm_source=mercari&utm_medium=cpc&utm_campaign=infeed_test,https://www.kamehouse-db.com/data/kamehouse/product/20260611_2a9e15.jpg,120,あり
1918,救世主の一喝（FB10-022 UC）,FB10 CROSS FORCE収録,FB10 CROSS FORCE > R以下,https://www.kamehouse-db.com/product/1918,https://www.kamehouse-db.com/product/1918?utm_source=mercari&utm_medium=cpc&utm_campaign=infeed_test,https://www.kamehouse-db.com/data/kamehouse/product/20260611_7972f6.jpg,50,あり
1916,ミスター・サタン（FB10-021 SR）,FB10収録,FB10 CROSS FORCE > SR,https://www.kamehouse-db.com/product/1916,https://www.kamehouse-db.com/product/1916?utm_source=mercari&utm_medium=cpc&utm_campaign=infeed_test,https://www.kamehouse-db.com/data/kamehouse/product/20260611_3667b6.jpg,370,あり
1915,ミスター・サタン（FB10-020 UC）,FB10 CROSS FORCE収録,FB10 CROSS FORCE > R以下,https://www.kamehouse-db.com/product/1915,https://www.kamehouse-db.com/product/1915?utm_source=mercari&utm_medium=cpc&utm_campaign=infeed_test,https://www.kamehouse-db.com/data/kamehouse/product/20260611_9b1496.jpg,80,あり
1914,魔人ブウ：善（FB10-019 C）,FB10 CROSS FORCE収録,FB10 CROSS FORCE > R以下,https://www.kamehouse-db.com/product/1914,https://www.kamehouse-db.com/product/1914?utm_source=mercari&utm_medium=cpc&utm_campaign=infeed_test,https://www.kamehouse-db.com/data/kamehouse/product/20260611_23e02f.jpg,50,あり
1913,ボラ（FB10-018 C）,FB10 CROSS FORCE収録,FB10 CROSS FORCE > R以下,https://www.kamehouse-db.com/product/1913,https://www.kamehouse-db.com/product/1913?utm_source=mercari&utm_medium=cpc&utm_campaign=infeed_test,https://www.kamehouse-db.com/data/kamehouse/product/20260611_5e6540.jpg,80,あり
1912,ベジータ：BR（FB10-017 R）,FB10 CROSS FORCE収録,FB10 CROSS FORCE > R以下,https://www.kamehouse-db.com/product/1912,https://www.kamehouse-db.com/product/1912?utm_source=mercari&utm_medium=cpc&utm_campaign=infeed_test,https://www.kamehouse-db.com/data/kamehouse/product/20260611_d3351b.jpg,120,あり
1911,ベジータ（FB10-016 UC）,FB10 CROSS FORCE収録,FB10 CROSS FORCE > R以下,https://www.kamehouse-db.com/product/1911,https://www.kamehouse-db.com/product/1911?utm_source=mercari&utm_medium=cpc&utm_campaign=infeed_test,https://www.kamehouse-db.com/data/kamehouse/product/20260611_49994b.jpg,210,あり
1910,デンデ（ FB10-015 C,FB10 CROSS FORCE収録,FB10 CROSS FORCE > R以下,https://www.kamehouse-db.com/product/1910,https://www.kamehouse-db.com/product/1910?utm_source=mercari&utm_medium=cpc&utm_campaign=infeed_test,https://www.kamehouse-db.com/data/kamehouse/product/20260611_e0e39a.jpg,50,あり
1908,地球のみんな（FB10-014 R）,FB10 CROSS FORCE収録,FB10 CROSS FORCE > R以下,https://www.kamehouse-db.com/product/1908,https://www.kamehouse-db.com/product/1908?utm_source=mercari&utm_medium=cpc&utm_campaign=infeed_test,https://www.kamehouse-db.com/data/kamehouse/product/20260611_829711.jpg,120,あり
1907,孫悟飯：幼年期（FB10-013 UC★）,FB10収録,FB10 CROSS FORCE > パラレル,https://www.kamehouse-db.com/product/1907,https://www.kamehouse-db.com/product/1907?utm_source=mercari&utm_medium=cpc&utm_campaign=infeed_test,https://www.kamehouse-db.com/data/kamehouse/product/20260611_7d23ca.jpg,2550,あり
1906,孫悟飯：幼年期（FB10-013 UC）,FB10 CROSS FORCE収録,FB10 CROSS FORCE > R以下,https://www.kamehouse-db.com/product/1906,https://www.kamehouse-db.com/product/1906?utm_source=mercari&utm_medium=cpc&utm_campaign=infeed_test,https://www.kamehouse-db.com/data/kamehouse/product/20260611_0b6a51.jpg,210,あり
1905,孫悟空：BR（ FB10-012 R）,FB10 CROSS FORCE収録,FB10 CROSS FORCE > R以下,https://www.kamehouse-db.com/product/1905,https://www.kamehouse-db.com/product/1905?utm_source=mercari&utm_medium=cpc&utm_campaign=infeed_test,https://www.kamehouse-db.com/data/kamehouse/product/20260611_0fce17.jpg,180,あり
1904,孫悟空（FB10-011 SR★）,FB10収録,FB10 CROSS FORCE > パラレル,https://www.kamehouse-db.com/product/1904,https://www.kamehouse-db.com/product/1904?utm_source=mercari&utm_medium=cpc&utm_campaign=infeed_test,https://www.kamehouse-db.com/data/kamehouse/product/20260611_f6e945.jpg,2750,あり
1902,孫悟空（FB10-010 UC）,FB10 CROSS FORCE収録,FB10 CROSS FORCE > R以下,https://www.kamehouse-db.com/product/1902,https://www.kamehouse-db.com/product/1902?utm_source=mercari&utm_medium=cpc&utm_campaign=infeed_test,https://www.kamehouse-db.com/data/kamehouse/product/20260611_a051ec.jpg,50,あり
1901,スノ（FB10-009 C）,FB10 CROSS FORCE収録,FB10 CROSS FORCE > R以下,https://www.kamehouse-db.com/product/1901,https://www.kamehouse-db.com/product/1901?utm_source=mercari&utm_medium=cpc&utm_campaign=infeed_test,https://www.kamehouse-db.com/data/kamehouse/product/20260611_9be9d5.jpg,80,あり
1900,人造人間17号（FB10-008 UC）,FB10 CROSS FORCE収録,FB10 CROSS FORCE > R以下,https://www.kamehouse-db.com/product/1900,https://www.kamehouse-db.com/product/1900?utm_source=mercari&utm_medium=cpc&utm_campaign=infeed_test,https://www.kamehouse-db.com/data/kamehouse/product/20260611_3eda73.jpg,50,あり
1899,人造人間8号（FB10-007 C）,FB10 CROSS FORCE収録,FB10 CROSS FORCE > R以下,https://www.kamehouse-db.com/product/1899,https://www.kamehouse-db.com/product/1899?utm_source=mercari&utm_medium=cpc&utm_campaign=infeed_test,https://www.kamehouse-db.com/data/kamehouse/product/20260611_1fa79b.jpg,50,あり
1897,クリリン（FB10-006 R）,FB10 CROSS FORCE収録,FB10 CROSS FORCE > R以下,https://www.kamehouse-db.com/product/1897,https://www.kamehouse-db.com/product/1897?utm_source=mercari&utm_medium=cpc&utm_campaign=infeed_test,https://www.kamehouse-db.com/data/kamehouse/product/20260611_c0eb9a.jpg,80,あり
1896,クリリン（FB10-005 UC）,FB10 CROSS FORCE収録,FB10 CROSS FORCE > R以下,https://www.kamehouse-db.com/product/1896,https://www.kamehouse-db.com/product/1896?utm_source=mercari&utm_medium=cpc&utm_campaign=infeed_test,https://www.kamehouse-db.com/data/kamehouse/product/20260611_530b9f.jpg,120,あり
1895,北の界王（FB10-004 C）,FB10 CROSS FORCE収録,FB10 CROSS FORCE > R以下,https://www.kamehouse-db.com/product/1895,https://www.kamehouse-db.com/product/1895?utm_source=mercari&utm_medium=cpc&utm_campaign=infeed_test,https://www.kamehouse-db.com/data/kamehouse/product/20260611_48b3fb.jpg,50,あり
1894,閻魔大王（ FB10-003 C）,FB10 CROSS FORCE収録,FB10 CROSS FORCE > R以下,https://www.kamehouse-db.com/product/1894,https://www.kamehouse-db.com/product/1894?utm_source=mercari&utm_medium=cpc&utm_campaign=infeed_test,https://www.kamehouse-db.com/data/kamehouse/product/20260612_b132dc.jpg,80,あり
1893,ウパ（FB10-002 C）,FB10 CROSS FORCE収録,FB10 CROSS FORCE > R以下,https://www.kamehouse-db.com/product/1893,https://www.kamehouse-db.com/product/1893?utm_source=mercari&utm_medium=cpc&utm_campaign=infeed_test,https://www.kamehouse-db.com/data/kamehouse/product/20260611_cd8118.jpg,80,あり
1891,孫悟空（FB10-001 L）,FB10 CROSS FORCE収録,FB10 CROSS FORCE > R以下,https://www.kamehouse-db.com/product/1891,https://www.kamehouse-db.com/product/1891?utm_source=mercari&utm_medium=cpc&utm_campaign=infeed_test,https://www.kamehouse-db.com/data/kamehouse/product/20260629_bf449e.jpg,80,あり
1877,カードケース『1st アニバーサリーセット(ドラゴンボール)』,オフィシャルカードケース,サプライ > デッキケース,https://www.kamehouse-db.com/product/1877,https://www.kamehouse-db.com/product/1877?utm_source=mercari&utm_medium=cpc&utm_campaign=infeed_test,https://www.kamehouse-db.com/data/kamehouse/product/20260523_5d5572.png,3480,あり
1876,オフィシャルカードスリーブ Limited Edition 04 -孫悟空-【64枚入り】,オフィシャルカードスリーブ,サプライ > スリーブ,https://www.kamehouse-db.com/product/1876,https://www.kamehouse-db.com/product/1876?utm_source=mercari&utm_medium=cpc&utm_campaign=infeed_test,https://www.kamehouse-db.com/data/kamehouse/product/20260523_7edebf.jpg,1300,あり
1875,オフィシャルカードスリーブ『1st アニバーサリーセット(孫悟空)』-【64枚入り】,オフィシャルカードスリーブ,サプライ > スリーブ,https://www.kamehouse-db.com/product/1875,https://www.kamehouse-db.com/product/1875?utm_source=mercari&utm_medium=cpc&utm_campaign=infeed_test,https://www.kamehouse-db.com/data/kamehouse/product/20260523_c9bcb1.jpg,1480,あり
1873,スリーブ/ゴジータ：BR/64枚(オフィシャルカードスリーブ),スリーブ/ゴジータ：BR/64枚(オフィシャルカードスリーブ),サプライ > スリーブ,https://www.kamehouse-db.com/product/1873,https://www.kamehouse-db.com/product/1873?utm_source=mercari&utm_medium=cpc&utm_campaign=infeed_test,https://www.kamehouse-db.com/data/kamehouse/product/20260522_aecfe7.jpg,880,あり
1872,スリーブ/ゴジータ/64枚(オフィシャルカードスリーブ),スリーブ/ゴジータ/64枚(オフィシャルカードスリーブ),サプライ > スリーブ,https://www.kamehouse-db.com/product/1872,https://www.kamehouse-db.com/product/1872?utm_source=mercari&utm_medium=cpc&utm_campaign=infeed_test,https://www.kamehouse-db.com/data/kamehouse/product/20260522_90703f.jpg,880,あり
1871,スリーブ/ゴジータ：GT/64枚(オフィシャルカードスリーブ),スリーブ/ゴジータ：GT/64枚(オフィシャルカードスリーブ),サプライ > スリーブ,https://www.kamehouse-db.com/product/1871,https://www.kamehouse-db.com/product/1871?utm_source=mercari&utm_medium=cpc&utm_campaign=infeed_test,https://www.kamehouse-db.com/data/kamehouse/product/20260522_e0b2ed.jpg,880,あり
1870,スリーブ/孫悟空/64枚(オフィシャルカードスリーブ),スリーブ/孫悟空/64枚(オフィシャルカードスリーブ),サプライ > スリーブ,https://www.kamehouse-db.com/product/1870,https://www.kamehouse-db.com/product/1870?utm_source=mercari&utm_medium=cpc&utm_campaign=infeed_test,https://www.kamehouse-db.com/data/kamehouse/product/20260522_fd0a70.jpg,880,あり
1869,スリーブ/孫悟空ミニ/64枚(オフィシャルカードスリーブ),スリーブ/孫悟空ミニ/64枚(オフィシャルカードスリーブ),サプライ > スリーブ,https://www.kamehouse-db.com/product/1869,https://www.kamehouse-db.com/product/1869?utm_source=mercari&utm_medium=cpc&utm_campaign=infeed_test,https://www.kamehouse-db.com/data/kamehouse/product/20260522_7ba2b0.jpg,880,あり
1868,スリーブ スタンダードレッド64枚(オフィシャルカードスリーブ),スリーブ スタンダードレッド64枚(オフィシャルカードスリーブ),サプライ > スリーブ,https://www.kamehouse-db.com/product/1868,https://www.kamehouse-db.com/product/1868?utm_source=mercari&utm_medium=cpc&utm_campaign=infeed_test,https://www.kamehouse-db.com/data/kamehouse/product/20260522_763f84.jpg,1860,あり
1867,スリーブ/魔族マーク/64枚(オフィシャルカードスリーブ),スリーブ/魔族マーク/64枚(オフィシャルカードスリーブ),サプライ > スリーブ,https://www.kamehouse-db.com/product/1867,https://www.kamehouse-db.com/product/1867?utm_source=mercari&utm_medium=cpc&utm_campaign=infeed_test,https://www.kamehouse-db.com/data/kamehouse/product/20260522_6f2a21.jpg,880,あり
1866,スリーブ/魔人ブウ/64枚(オフィシャルカードスリーブ),スリーブ/魔人ブウ/64枚(オフィシャルカードスリーブ),サプライ > スリーブ,https://www.kamehouse-db.com/product/1866,https://www.kamehouse-db.com/product/1866?utm_source=mercari&utm_medium=cpc&utm_campaign=infeed_test,https://www.kamehouse-db.com/data/kamehouse/product/20260522_abc903.jpg,880,あり
1860,スタートデッキ ベジータ（ミニ）（FS07 FS07）,スタートデッキ ベジータ（ミニ）（FS07 FS07）,デッキ販売,https://www.kamehouse-db.com/product/1860,https://www.kamehouse-db.com/product/1860?utm_source=mercari&utm_medium=cpc&utm_campaign=infeed_test,https://www.kamehouse-db.com/data/kamehouse/product/20260521_8e62a1.jpg,550,あり
1859,スタートデッキ 孫悟空（ミニ）（FS06 FS06）,スタートデッキ 孫悟空（ミニ）（FS06 FS06）,デッキ販売,https://www.kamehouse-db.com/product/1859,https://www.kamehouse-db.com/product/1859?utm_source=mercari&utm_medium=cpc&utm_campaign=infeed_test,https://www.kamehouse-db.com/data/kamehouse/product/20260521_5d3dcd.jpg,550,あり
1858,スタートデッキ バーダック（FS05 FS05）,スタートデッキ バーダック（FS05 FS05）,デッキ販売,https://www.kamehouse-db.com/product/1858,https://www.kamehouse-db.com/product/1858?utm_source=mercari&utm_medium=cpc&utm_campaign=infeed_test,https://www.kamehouse-db.com/data/kamehouse/product/20260521_3a3b8d.jpg,990,あり
1857,スタートデッキ フリーザ（FS04）,スタートデッキ フリーザ（FS04）,デッキ販売,https://www.kamehouse-db.com/product/1857,https://www.kamehouse-db.com/product/1857?utm_source=mercari&utm_medium=cpc&utm_campaign=infeed_test,https://www.kamehouse-db.com/data/kamehouse/product/20260521_c78e8d.jpg,990,あり
1856,スタートデッキ ブロリー（FS03）,スタートデッキ ブロリー（FS03）,デッキ販売,https://www.kamehouse-db.com/product/1856,https://www.kamehouse-db.com/product/1856?utm_source=mercari&utm_medium=cpc&utm_campaign=infeed_test,https://www.kamehouse-db.com/data/kamehouse/product/20260521_d8ddd5.jpg,950,あり
1855,スタートデッキ ベジータ（FS02）,スタートデッキ ベジータ（FS02）,デッキ販売,https://www.kamehouse-db.com/product/1855,https://www.kamehouse-db.com/product/1855?utm_source=mercari&utm_medium=cpc&utm_campaign=infeed_test,https://www.kamehouse-db.com/data/kamehouse/product/20260521_e23d1f.jpg,950,あり
1854,スタートデッキ 孫悟空（FS01）,スタートデッキ 孫悟空（FS01）,デッキ販売,https://www.kamehouse-db.com/product/1854,https://www.kamehouse-db.com/product/1854?utm_source=mercari&utm_medium=cpc&utm_campaign=infeed_test,https://www.kamehouse-db.com/data/kamehouse/product/20260521_86eaa1.jpg,950,あり
1849,スリーブ『(3コマ)孫悟飯(-ILLUSTARTIONS-)』64枚,スリーブ『(3コマ)孫悟飯(-ILLUSTARTIONS-)』64枚,サプライ > スリーブ,https://www.kamehouse-db.com/product/1849,https://www.kamehouse-db.com/product/1849?utm_source=mercari&utm_medium=cpc&utm_campaign=infeed_test,https://www.kamehouse-db.com/data/kamehouse/product/20260520_4c6bac.jpg,2300,あり
1847,エナジーマーカー（ゴジータ）（E09 E-111 ★）,プロモーションカード,エナジーマーカー > エナジーマーカーパック09,https://www.kamehouse-db.com/product/1847,https://www.kamehouse-db.com/product/1847?utm_source=mercari&utm_medium=cpc&utm_campaign=infeed_test,https://www.kamehouse-db.com/data/kamehouse/product/20260519_b6e802.jpg,5440,あり
1843,ゴジータ（PROMO FP-080 PR）,【プロモーションカード】 Vジャンプ2026年 5月特大号 応募者全員大サービス,プロモーションカード > 雑誌付録,https://www.kamehouse-db.com/product/1843,https://www.kamehouse-db.com/product/1843?utm_source=mercari&utm_medium=cpc&utm_campaign=infeed_test,https://www.kamehouse-db.com/data/kamehouse/product/20260512_e24daf.jpg,550,あり
1842,ゴジータ：BR（PROMO FP-079 PR）,【プロモーションカード】 Vジャンプ2026年 5月特大号 応募者全員大サービス,プロモーションカード > 雑誌付録,https://www.kamehouse-db.com/product/1842,https://www.kamehouse-db.com/product/1842?utm_source=mercari&utm_medium=cpc&utm_campaign=infeed_test,https://www.kamehouse-db.com/data/kamehouse/product/20260512_caf4c3.jpg,2550,あり
1841,ゴジータ：GT（PROMO FP-081 PR）,【プロモーションカード】 Vジャンプ2026年 5月特大号 応募者全員大サービス,プロモーションカード > 雑誌付録,https://www.kamehouse-db.com/product/1841,https://www.kamehouse-db.com/product/1841?utm_source=mercari&utm_medium=cpc&utm_campaign=infeed_test,https://www.kamehouse-db.com/data/kamehouse/product/20260512_7c5325.jpg,550,あり
1839,ゴジータ：BR（PROMO FP-070 PR）,【プロモーションカード】,プロモーションカード > バトルパック,https://www.kamehouse-db.com/product/1839,https://www.kamehouse-db.com/product/1839?utm_source=mercari&utm_medium=cpc&utm_campaign=infeed_test,https://www.kamehouse-db.com/data/kamehouse/product/20260512_b7773c.jpg,270,あり
1838,ベジータ（FS12 FS12-16 C★）,FB02 烈火の闘気 収録,スタートデッキEX > FS12 気の躍動,https://www.kamehouse-db.com/product/1838,https://www.kamehouse-db.com/product/1838?utm_source=mercari&utm_medium=cpc&utm_campaign=infeed_test,https://www.kamehouse-db.com/data/kamehouse/product/20260504_b32220.jpeg,840,あり
1833,最長老（FS12 FS12-04 C★）,スタートデッキEX:FS12 気の躍動,スタートデッキEX > FS12 気の躍動,https://www.kamehouse-db.com/product/1833,https://www.kamehouse-db.com/product/1833?utm_source=mercari&utm_medium=cpc&utm_campaign=infeed_test,https://www.kamehouse-db.com/data/kamehouse/product/20260430_45eb41.jpg,640,あり
1831,エナジーマーカー（孫悟飯：SH）（E09 E-113 ★）,FB02 烈火の闘気 収録,エナジーマーカー > エナジーマーカーパック09,https://www.kamehouse-db.com/product/1831,https://www.kamehouse-db.com/product/1831?utm_source=mercari&utm_medium=cpc&utm_campaign=infeed_test,https://www.kamehouse-db.com/data/kamehouse/product/20260430_9571a2.jpg,1410,あり
1824,【A-】孫悟空(FP-034/PR),【プロモーションカード】 交流会 参加賞,SALE,https://www.kamehouse-db.com/product/1824,https://www.kamehouse-db.com/product/1824?utm_source=mercari&utm_medium=cpc&utm_campaign=infeed_test,https://www.kamehouse-db.com/data/kamehouse/product/20250214_7ba2b0.jpeg,320,あり
1823,【A-】ザマス:合体(FB02-036/L☆),FB02 烈火の闘気 収録,SALE,https://www.kamehouse-db.com/product/1823,https://www.kamehouse-db.com/product/1823?utm_source=mercari&utm_medium=cpc&utm_campaign=infeed_test,https://www.kamehouse-db.com/data/kamehouse/product/20241223_cdc2fd.JPG,670,あり
1816,エナジーマーカー（ゴジータ：GT）（E09 E-115 ★）,FB02 烈火の闘気 収録,エナジーマーカー > エナジーマーカーパック09,https://www.kamehouse-db.com/product/1816,https://www.kamehouse-db.com/product/1816?utm_source=mercari&utm_medium=cpc&utm_campaign=infeed_test,https://www.kamehouse-db.com/data/kamehouse/product/20260430_79e17c.jpg,8920,あり
1812,【A-】ゴッドかめはめ波 (FS01-16/C☆),FS01 孫悟空 ボーナスパック収録,SALE,https://www.kamehouse-db.com/product/1812,https://www.kamehouse-db.com/product/1812?utm_source=mercari&utm_medium=cpc&utm_campaign=infeed_test,https://www.kamehouse-db.com/data/kamehouse/product/20241212_13562a.JPG,500,あり
1810,【A-】ピッコロ(FB08-065/UC☆),FB08 誇り高き戦闘民族 収録,SALE,https://www.kamehouse-db.com/product/1810,https://www.kamehouse-db.com/product/1810?utm_source=mercari&utm_medium=cpc&utm_campaign=infeed_test,https://www.kamehouse-db.com/data/kamehouse/product/20251213_0cd2ff.jpeg,2820,あり
1785,孫悟空：BR（PROMO FB09-010 R★）,FB09 VUAL EVOLUTION,FB09 DUAL EVOLUTION > SCR,https://www.kamehouse-db.com/product/1785,https://www.kamehouse-db.com/product/1785?utm_source=mercari&utm_medium=cpc&utm_campaign=infeed_test,https://www.kamehouse-db.com/data/kamehouse/product/20260415_5ac62b.jpg,4780,あり
1784,新たなる伝説（FB03-135 UC★）,FB03 怒りの咆哮 収録,FB03 怒りの咆哮 > パラレル,https://www.kamehouse-db.com/product/1784,https://www.kamehouse-db.com/product/1784?utm_source=mercari&utm_medium=cpc&utm_campaign=infeed_test,https://www.kamehouse-db.com/data/kamehouse/product/20260412_f64a96.jpg,370,あり
1783,カリフラ (FB02-007/R☆/アルバト),【プロモーションカード】 アルティメットバトル 上位入賞景品,プロモーションカード > アルティメットバトル,https://www.kamehouse-db.com/product/1783,https://www.kamehouse-db.com/product/1783?utm_source=mercari&utm_medium=cpc&utm_campaign=infeed_test,https://www.kamehouse-db.com/data/kamehouse/product/20241212_dcf407.JPG,780,あり
1778,ベジータ（PROMO FP-041 PR★）,【プロモーションカード】 アルティメットバトル 上位入賞景品,プロモーションカード > アルティメットバトル,https://www.kamehouse-db.com/product/1778,https://www.kamehouse-db.com/product/1778?utm_source=mercari&utm_medium=cpc&utm_campaign=infeed_test,https://www.kamehouse-db.com/data/kamehouse/product/20250926_ce0a2a.jpeg,1180,あり
1777,トランクス：GT（FB04-114 SR★）,【プロモーションカード】 アルティメットバトル 上位入賞景品,プロモーションカード > アルティメットバトル,https://www.kamehouse-db.com/product/1777,https://www.kamehouse-db.com/product/1777?utm_source=mercari&utm_medium=cpc&utm_campaign=infeed_test,https://www.kamehouse-db.com/data/kamehouse/product/20250314_a19def.jpeg,1830,あり
1776,トランクス：GT（PROMO FP-074 PR）,FB06 迫り来る脅威 収録,プロモーションカード > アルティメットバトル,https://www.kamehouse-db.com/product/1776,https://www.kamehouse-db.com/product/1776?utm_source=mercari&utm_medium=cpc&utm_campaign=infeed_test,https://www.kamehouse-db.com/data/kamehouse/product/20260401_8d2256.jpg,120,あり
1770,エナジーマーカー（孫悟空＆ベジータ）（E09 E-114 ★）,エナジーマーカーパック08 収録,エナジーマーカー > エナジーマーカーパック09,https://www.kamehouse-db.com/product/1770,https://www.kamehouse-db.com/product/1770?utm_source=mercari&utm_medium=cpc&utm_campaign=infeed_test,https://www.kamehouse-db.com/data/kamehouse/product/20260401_1a663a.jpg,6570,あり
1767,《PSA10》ゴクウブラック（FB01 FB01-039 SR★）,FB01 覚醒の鼓動 収録,鑑定品(PSA等),https://www.kamehouse-db.com/product/1767,https://www.kamehouse-db.com/product/1767?utm_source=mercari&utm_medium=cpc&utm_campaign=infeed_test,https://www.kamehouse-db.com/data/kamehouse/product/20260520_7d3683.jpg,8700,あり
1765,《PSA10》フリーザ（FB01 FB01-129 SR★）,FB01 覚醒の鼓動 収録,鑑定品(PSA等),https://www.kamehouse-db.com/product/1765,https://www.kamehouse-db.com/product/1765?utm_source=mercari&utm_medium=cpc&utm_campaign=infeed_test,https://www.kamehouse-db.com/data/kamehouse/product/20260520_2400fc.jpg,7900,あり
1746,ゴッドかめはめ波（FS01 FS01-16 C）,FS01 孫悟空 ボーナスパック収録,スタートデッキ > FS01 孫悟空,https://www.kamehouse-db.com/product/1746,https://www.kamehouse-db.com/product/1746?utm_source=mercari&utm_medium=cpc&utm_campaign=infeed_test,https://www.kamehouse-db.com/data/kamehouse/product/20260331_783c7e.jpg,210,あり
1744,孫悟空（FB09 FB09-036 R）,FB09 VUAL EVOLUTION,FB09 DUAL EVOLUTION > R以下,https://www.kamehouse-db.com/product/1744,https://www.kamehouse-db.com/product/1744?utm_source=mercari&utm_medium=cpc&utm_campaign=infeed_test,https://www.kamehouse-db.com/data/kamehouse/product/20260327_c2dfb4.jpg,120,あり
1743,悪鬼を討つ戦士（FB09 FB09-096 SR）,FB09 VUAL EVOLUTION,FB09 DUAL EVOLUTION > SR,https://www.kamehouse-db.com/product/1743,https://www.kamehouse-db.com/product/1743?utm_source=mercari&utm_medium=cpc&utm_campaign=infeed_test,https://www.kamehouse-db.com/data/kamehouse/product/20260327_e4a677.jpg,550,あり
1731,エナジーマーカー（ゴジータ）（Eon E-126）,FB09 VUAL EVOLUTION,エナジーマーカー > エナジーマーカーパック09,https://www.kamehouse-db.com/product/1731,https://www.kamehouse-db.com/product/1731?utm_source=mercari&utm_medium=cpc&utm_campaign=infeed_test,https://www.kamehouse-db.com/data/kamehouse/product/20260317_393e61.jpg,460,あり
1729,エナジーマーカー（孫悟飯：SH）（Eon E-128）,FB09 VUAL EVOLUTION,エナジーマーカー > エナジーマーカーパック09,https://www.kamehouse-db.com/product/1729,https://www.kamehouse-db.com/product/1729?utm_source=mercari&utm_medium=cpc&utm_campaign=infeed_test,https://www.kamehouse-db.com/data/kamehouse/product/20260317_ab4a20.jpg,370,あり
1727,エナジーマーカー（ゴジータ：GT）（Eon E-130）,FB09 VUAL EVOLUTION,エナジーマーカー > エナジーマーカーパック09,https://www.kamehouse-db.com/product/1727,https://www.kamehouse-db.com/product/1727?utm_source=mercari&utm_medium=cpc&utm_campaign=infeed_test,https://www.kamehouse-db.com/data/kamehouse/product/20260317_60a27e.jpg,460,あり
1726,エナジーマーカー（ゴジータ）（Eon E-126 ★）,FB09 VUAL EVOLUTION,エナジーマーカー > エナジーマーカーパック09,https://www.kamehouse-db.com/product/1726,https://www.kamehouse-db.com/product/1726?utm_source=mercari&utm_medium=cpc&utm_campaign=infeed_test,https://www.kamehouse-db.com/data/kamehouse/product/20260317_8b3f37.jpg,2650,あり
1725,エナジーマーカー（孫悟空）（Eon E-127 ★）,FB09 VUAL EVOLUTION,エナジーマーカー > エナジーマーカーパック09,https://www.kamehouse-db.com/product/1725,https://www.kamehouse-db.com/product/1725?utm_source=mercari&utm_medium=cpc&utm_campaign=infeed_test,https://www.kamehouse-db.com/data/kamehouse/product/20260317_c6293a.jpg,1510,あり
1724,エナジーマーカー（孫悟飯：SH）（Eon E-128 ★）,FB09 VUAL EVOLUTION,エナジーマーカー > エナジーマーカーパック09,https://www.kamehouse-db.com/product/1724,https://www.kamehouse-db.com/product/1724?utm_source=mercari&utm_medium=cpc&utm_campaign=infeed_test,https://www.kamehouse-db.com/data/kamehouse/product/20260317_8e4617.jpg,1410,あり
1723,エナジーマーカー（ゴジータ）（Eon E-129 ★）,FB09 VUAL EVOLUTION,エナジーマーカー > エナジーマーカーパック09,https://www.kamehouse-db.com/product/1723,https://www.kamehouse-db.com/product/1723?utm_source=mercari&utm_medium=cpc&utm_campaign=infeed_test,https://www.kamehouse-db.com/data/kamehouse/product/20260317_e57d63.jpg,2360,あり
1722,エナジーマーカー（ゴジータ：GT）（Eon E-130 ★）,FB09 VUAL EVOLUTION,エナジーマーカー > エナジーマーカーパック09,https://www.kamehouse-db.com/product/1722,https://www.kamehouse-db.com/product/1722?utm_source=mercari&utm_medium=cpc&utm_campaign=infeed_test,https://www.kamehouse-db.com/data/kamehouse/product/20260317_c0d6f5.jpg,2650,あり
1721,ブルマ：GT（FB09 FB09-115 C）,FB09 VUAL EVOLUTION,FB09 DUAL EVOLUTION > R以下,https://www.kamehouse-db.com/product/1721,https://www.kamehouse-db.com/product/1721?utm_source=mercari&utm_medium=cpc&utm_campaign=infeed_test,https://www.kamehouse-db.com/data/kamehouse/product/20260316_80ff33.jpg,50,あり
1720,ミスター・サタン：GT（FB09 FB09-118 C）,FB09 VUAL EVOLUTION,FB09 DUAL EVOLUTION > R以下,https://www.kamehouse-db.com/product/1720,https://www.kamehouse-db.com/product/1720?utm_source=mercari&utm_medium=cpc&utm_campaign=infeed_test,https://www.kamehouse-db.com/data/kamehouse/product/20260316_25ef75.jpg,50,あり
1719,ビッグバンかめはめ波（FB09 FB09-120 R）,FB09 VUAL EVOLUTION,FB09 DUAL EVOLUTION > R以下,https://www.kamehouse-db.com/product/1719,https://www.kamehouse-db.com/product/1719?utm_source=mercari&utm_medium=cpc&utm_campaign=infeed_test,https://www.kamehouse-db.com/data/kamehouse/product/20260316_10c654.jpg,80,あり
1718,ゴジータ：BR（FB09-001 L）,FB09 VUAL EVOLUTION,FB09 DUAL EVOLUTION > R以下,https://www.kamehouse-db.com/product/1718,https://www.kamehouse-db.com/product/1718?utm_source=mercari&utm_medium=cpc&utm_campaign=infeed_test,https://www.kamehouse-db.com/data/kamehouse/product/20260316_323e93.jpg,80,あり
1716,ゴジータ：BR（FB09 FB09-006 R）,FB09 VUAL EVOLUTION,FB09 DUAL EVOLUTION > R以下,https://www.kamehouse-db.com/product/1716,https://www.kamehouse-db.com/product/1716?utm_source=mercari&utm_medium=cpc&utm_campaign=infeed_test,https://www.kamehouse-db.com/data/kamehouse/product/20260316_204232.jpg,180,あり
1713,ピッコロ：BR（FB09 FB09-013 R）,FB09 VUAL EVOLUTION,FB09 DUAL EVOLUTION > R以下,https://www.kamehouse-db.com/product/1713,https://www.kamehouse-db.com/product/1713?utm_source=mercari&utm_medium=cpc&utm_campaign=infeed_test,https://www.kamehouse-db.com/data/kamehouse/product/20260316_c8b637.jpg,210,あり
1710,ベジット（FB09 FB09-046 R）,FB09 VUAL EVOLUTION,FB09 DUAL EVOLUTION > R以下,https://www.kamehouse-db.com/product/1710,https://www.kamehouse-db.com/product/1710?utm_source=mercari&utm_medium=cpc&utm_campaign=infeed_test,https://www.kamehouse-db.com/data/kamehouse/product/20260316_1fd9bc.jpg,80,あり
1708,ゴテンクス：SH（FB09 FB09-055 R）,FB09 VUAL EVOLUTION,FB09 DUAL EVOLUTION > R以下,https://www.kamehouse-db.com/product/1708,https://www.kamehouse-db.com/product/1708?utm_source=mercari&utm_medium=cpc&utm_campaign=infeed_test,https://www.kamehouse-db.com/data/kamehouse/product/20260316_c917e5.jpg,120,あり
1707,孫悟飯：SH（FB09 FB09-059 R）,FB09 VUAL EVOLUTION,FB09 DUAL EVOLUTION > R以下,https://www.kamehouse-db.com/product/1707,https://www.kamehouse-db.com/product/1707?utm_source=mercari&utm_medium=cpc&utm_campaign=infeed_test,https://www.kamehouse-db.com/data/kamehouse/product/20260316_ecf32e.jpg,180,あり
1705,ピッコロ：SH（FB09 FB09-068 R）,FB09 VUAL EVOLUTION,FB09 DUAL EVOLUTION > R以下,https://www.kamehouse-db.com/product/1705,https://www.kamehouse-db.com/product/1705?utm_source=mercari&utm_medium=cpc&utm_campaign=infeed_test,https://www.kamehouse-db.com/data/kamehouse/product/20260316_4ba65a.jpg,120,あり
1704,ゴジータ（FB09 FB09-073 L）,FB09 VUAL EVOLUTION,FB09 DUAL EVOLUTION > R以下,https://www.kamehouse-db.com/product/1704,https://www.kamehouse-db.com/product/1704?utm_source=mercari&utm_medium=cpc&utm_campaign=infeed_test,https://www.kamehouse-db.com/data/kamehouse/product/20260316_67949f.jpg,80,あり
1702,孫悟空（FB09 FB09-081 R）,FB09 VUAL EVOLUTION,FB09 DUAL EVOLUTION > R以下,https://www.kamehouse-db.com/product/1702,https://www.kamehouse-db.com/product/1702?utm_source=mercari&utm_medium=cpc&utm_campaign=infeed_test,https://www.kamehouse-db.com/data/kamehouse/product/20260316_f47630.jpg,80,あり
1701,パイクーハン（FB09 FB09-088 UC）,FB09 VUAL EVOLUTION,FB09 DUAL EVOLUTION > R以下,https://www.kamehouse-db.com/product/1701,https://www.kamehouse-db.com/product/1701?utm_source=mercari&utm_medium=cpc&utm_campaign=infeed_test,https://www.kamehouse-db.com/data/kamehouse/product/20260316_91564e.jpg,200,あり
1699,ベジータ（FB09 FB09-093 R）,FB09 VUAL EVOLUTION,FB09 DUAL EVOLUTION > R以下,https://www.kamehouse-db.com/product/1699,https://www.kamehouse-db.com/product/1699?utm_source=mercari&utm_medium=cpc&utm_campaign=infeed_test,https://www.kamehouse-db.com/data/kamehouse/product/20260316_ce11e9.jpg,80,あり
1698,ゴジータ：GT（FB09 FB09-097 L）,FB09 VUAL EVOLUTION,FB09 DUAL EVOLUTION > R以下,https://www.kamehouse-db.com/product/1698,https://www.kamehouse-db.com/product/1698?utm_source=mercari&utm_medium=cpc&utm_campaign=infeed_test,https://www.kamehouse-db.com/data/kamehouse/product/20260716_333928.jpeg,80,あり
1697,大神官（FB09 FB09-038 C）,FB09 VUAL EVOLUTION,FB09 DUAL EVOLUTION > R以下,https://www.kamehouse-db.com/product/1697,https://www.kamehouse-db.com/product/1697?utm_source=mercari&utm_medium=cpc&utm_campaign=infeed_test,https://www.kamehouse-db.com/data/kamehouse/product/20260316_49d46a.jpg,50,あり
1696,孫悟飯：GT（FB09 FB09-105 R）,FB09 VUAL EVOLUTION,FB09 DUAL EVOLUTION > R以下,https://www.kamehouse-db.com/product/1696,https://www.kamehouse-db.com/product/1696?utm_source=mercari&utm_medium=cpc&utm_campaign=infeed_test,https://www.kamehouse-db.com/data/kamehouse/product/20260316_a2e102.jpg,80,あり
1695,トランクス：GT（FB09 FB09-110 UC）,FB09 VUAL EVOLUTION,FB09 DUAL EVOLUTION > R以下,https://www.kamehouse-db.com/product/1695,https://www.kamehouse-db.com/product/1695?utm_source=mercari&utm_medium=cpc&utm_campaign=infeed_test,https://www.kamehouse-db.com/data/kamehouse/product/20260316_7d815e.jpg,80,あり
1694,ベジータ：GT（FB09 FB09-116 R）,FB09 VUAL EVOLUTION,FB09 DUAL EVOLUTION > R以下,https://www.kamehouse-db.com/product/1694,https://www.kamehouse-db.com/product/1694?utm_source=mercari&utm_medium=cpc&utm_campaign=infeed_test,https://www.kamehouse-db.com/data/kamehouse/product/20260316_f95e98.jpg,80,あり
1693,最強の到達点（FB09 FB09-119 UC）,FB09 VUAL EVOLUTION,FB09 DUAL EVOLUTION > R以下,https://www.kamehouse-db.com/product/1693,https://www.kamehouse-db.com/product/1693?utm_source=mercari&utm_medium=cpc&utm_campaign=infeed_test,https://www.kamehouse-db.com/data/kamehouse/product/20260316_6b045f.jpg,80,あり
1692,ヒット（FB09 FB09-039 UC）,FB09 VUAL EVOLUTION,FB09 DUAL EVOLUTION > R以下,https://www.kamehouse-db.com/product/1692,https://www.kamehouse-db.com/product/1692?utm_source=mercari&utm_medium=cpc&utm_campaign=infeed_test,https://www.kamehouse-db.com/data/kamehouse/product/20260316_e91cb0.jpg,50,あり
1691,孫悟空（FB09 FB09-079 R）,FB09 VUAL EVOLUTION,FB09 DUAL EVOLUTION > R以下,https://www.kamehouse-db.com/product/1691,https://www.kamehouse-db.com/product/1691?utm_source=mercari&utm_medium=cpc&utm_campaign=infeed_test,https://www.kamehouse-db.com/data/kamehouse/product/20260316_81799f.jpg,180,あり
1690,フリーザ（FB09 FB09-040 C）,FB09 VUAL EVOLUTION,FB09 DUAL EVOLUTION > R以下,https://www.kamehouse-db.com/product/1690,https://www.kamehouse-db.com/product/1690?utm_source=mercari&utm_medium=cpc&utm_campaign=infeed_test,https://www.kamehouse-db.com/data/kamehouse/product/20260316_03d630.jpg,50,あり
1689,ブラ：GT（FB09 FB09-114 R）,FB09 VUAL EVOLUTION,FB09 DUAL EVOLUTION > R以下,https://www.kamehouse-db.com/product/1689,https://www.kamehouse-db.com/product/1689?utm_source=mercari&utm_medium=cpc&utm_campaign=infeed_test,https://www.kamehouse-db.com/data/kamehouse/product/20260316_f1fbc0.jpg,110,あり
1686,ベジータ（FB09 FB09-042 C）,FB09 VUAL EVOLUTION,FB09 DUAL EVOLUTION > R以下,https://www.kamehouse-db.com/product/1686,https://www.kamehouse-db.com/product/1686?utm_source=mercari&utm_medium=cpc&utm_campaign=infeed_test,https://www.kamehouse-db.com/data/kamehouse/product/20260316_f4be1f.jpg,50,あり
1685,ベジータ（FB09 FB09-043 C）,FB09 VUAL EVOLUTION,FB09 DUAL EVOLUTION > R以下,https://www.kamehouse-db.com/product/1685,https://www.kamehouse-db.com/product/1685?utm_source=mercari&utm_medium=cpc&utm_campaign=infeed_test,https://www.kamehouse-db.com/data/kamehouse/product/20260316_efee7b.jpg,80,あり
1683,ベジータ（FB09 FB09-044 R）,FB09 VUAL EVOLUTION,FB09 DUAL EVOLUTION > R以下,https://www.kamehouse-db.com/product/1683,https://www.kamehouse-db.com/product/1683?utm_source=mercari&utm_medium=cpc&utm_campaign=infeed_test,https://www.kamehouse-db.com/data/kamehouse/product/20260316_ed89de.jpg,80,あり
1682,託した誇り（FB09 FB09-048 C）,FB09 VUAL EVOLUTION,FB09 DUAL EVOLUTION > R以下,https://www.kamehouse-db.com/product/1682,https://www.kamehouse-db.com/product/1682?utm_source=mercari&utm_medium=cpc&utm_campaign=infeed_test,https://www.kamehouse-db.com/data/kamehouse/product/20260316_2c0b7e.jpg,50,あり
1681,ベクウ（FB09 FB09-091 SR★）,FB09 VUAL EVOLUTION,FB09 DUAL EVOLUTION > パラレル,https://www.kamehouse-db.com/product/1681,https://www.kamehouse-db.com/product/1681?utm_source=mercari&utm_medium=cpc&utm_campaign=infeed_test,https://www.kamehouse-db.com/data/kamehouse/product/20260316_c1af4e.jpg,1210,あり
1680,孫悟飯：SH（FB09 FB09-049 L）,FB09 VUAL EVOLUTION,FB09 DUAL EVOLUTION > R以下,https://www.kamehouse-db.com/product/1680,https://www.kamehouse-db.com/product/1680?utm_source=mercari&utm_medium=cpc&utm_campaign=infeed_test,https://www.kamehouse-db.com/data/kamehouse/product/20260316_985605.jpg,80,あり
1678,ガンマ2号：SH（FB09 FB09-052 R）,FB09 VUAL EVOLUTION,FB09 DUAL EVOLUTION > R以下,https://www.kamehouse-db.com/product/1678,https://www.kamehouse-db.com/product/1678?utm_source=mercari&utm_medium=cpc&utm_campaign=infeed_test,https://www.kamehouse-db.com/data/kamehouse/product/20260316_c1d215.jpg,50,あり
1677,ピッコロ：SH（FB09 FB09-068 R★）,FB09 VUAL EVOLUTION,FB09 DUAL EVOLUTION > パラレル,https://www.kamehouse-db.com/product/1677,https://www.kamehouse-db.com/product/1677?utm_source=mercari&utm_medium=cpc&utm_campaign=infeed_test,https://www.kamehouse-db.com/data/kamehouse/product/20260316_11bc03.jpg,1790,あり
1676,ガンマ2号：SH（FB09 FB09-052 R）,FB09 VUAL EVOLUTION,FB09 DUAL EVOLUTION > R以下,https://www.kamehouse-db.com/product/1676,https://www.kamehouse-db.com/product/1676?utm_source=mercari&utm_medium=cpc&utm_campaign=infeed_test,https://www.kamehouse-db.com/data/kamehouse/product/20260316_de6588.jpg,50,あり
1675,孫悟空（FB09 FB09-036 R★）,FB09 VUAL EVOLUTION,FB09 DUAL EVOLUTION > パラレル,https://www.kamehouse-db.com/product/1675,https://www.kamehouse-db.com/product/1675?utm_source=mercari&utm_medium=cpc&utm_campaign=infeed_test,https://www.kamehouse-db.com/data/kamehouse/product/20260316_85515d.jpg,1640,あり
1674,クリリン：SH（FB09 FB09-053 C）,FB09 VUAL EVOLUTION,FB09 DUAL EVOLUTION > R以下,https://www.kamehouse-db.com/product/1674,https://www.kamehouse-db.com/product/1674?utm_source=mercari&utm_medium=cpc&utm_campaign=infeed_test,https://www.kamehouse-db.com/data/kamehouse/product/20260316_50e885.jpg,50,あり
1673,ケフラ（FB09 FB09-054 UC）,FB09 VUAL EVOLUTION,FB09 DUAL EVOLUTION > R以下,https://www.kamehouse-db.com/product/1673,https://www.kamehouse-db.com/product/1673?utm_source=mercari&utm_medium=cpc&utm_campaign=infeed_test,https://www.kamehouse-db.com/data/kamehouse/product/20260316_3e32ec.jpg,50,あり
1672,ゴテンクス：SH（FB09 FB09-055 R★）,FB09 VUAL EVOLUTION,FB09 DUAL EVOLUTION > パラレル,https://www.kamehouse-db.com/product/1672,https://www.kamehouse-db.com/product/1672?utm_source=mercari&utm_medium=cpc&utm_campaign=infeed_test,https://www.kamehouse-db.com/data/kamehouse/product/20260316_cfb9c8.jpg,2560,あり
1671,人造人間18号：SH（FB09 FB09-056 C）,FB09 VUAL EVOLUTION,FB09 DUAL EVOLUTION > R以下,https://www.kamehouse-db.com/product/1671,https://www.kamehouse-db.com/product/1671?utm_source=mercari&utm_medium=cpc&utm_campaign=infeed_test,https://www.kamehouse-db.com/data/kamehouse/product/20260316_8187e4.jpg,50,あり
1670,孫悟天：SH（FB09 FB09-057 C）,FB09 VUAL EVOLUTION,FB09 DUAL EVOLUTION > R以下,https://www.kamehouse-db.com/product/1670,https://www.kamehouse-db.com/product/1670?utm_source=mercari&utm_medium=cpc&utm_campaign=infeed_test,https://www.kamehouse-db.com/data/kamehouse/product/20260316_e9d86e.jpg,50,あり
1668,孫悟飯：SH（FB09 FB09-058 UC）,FB09 VUAL EVOLUTION,FB09 DUAL EVOLUTION > R以下,https://www.kamehouse-db.com/product/1668,https://www.kamehouse-db.com/product/1668?utm_source=mercari&utm_medium=cpc&utm_campaign=infeed_test,https://www.kamehouse-db.com/data/kamehouse/product/20260316_294725.jpg,50,あり
1667,パン：SH（FB09 FB09-064 UC★）,FB09 VUAL EVOLUTION,FB09 DUAL EVOLUTION > パラレル,https://www.kamehouse-db.com/product/1667,https://www.kamehouse-db.com/product/1667?utm_source=mercari&utm_medium=cpc&utm_campaign=infeed_test,https://www.kamehouse-db.com/data/kamehouse/product/20260316_fc783d.jpg,1890,あり
1666,Dr.ヘド：SH（FB09 FB09-061 C）,FB09 VUAL EVOLUTION,FB09 DUAL EVOLUTION > R以下,https://www.kamehouse-db.com/product/1666,https://www.kamehouse-db.com/product/1666?utm_source=mercari&utm_medium=cpc&utm_campaign=infeed_test,https://www.kamehouse-db.com/data/kamehouse/product/20260316_9805c5.jpg,50,あり
1665,トランクス：SH（FB09 FB09-062 C）,FB09 VUAL EVOLUTION,FB09 DUAL EVOLUTION > R以下,https://www.kamehouse-db.com/product/1665,https://www.kamehouse-db.com/product/1665?utm_source=mercari&utm_medium=cpc&utm_campaign=infeed_test,https://www.kamehouse-db.com/data/kamehouse/product/20260316_f87bfc.jpg,50,あり
1663,パン：SH（FB09 FB09-063 C）,FB09 VUAL EVOLUTION,FB09 DUAL EVOLUTION > R以下,https://www.kamehouse-db.com/product/1663,https://www.kamehouse-db.com/product/1663?utm_source=mercari&utm_medium=cpc&utm_campaign=infeed_test,https://www.kamehouse-db.com/data/kamehouse/product/20260316_2e5b9a.jpg,50,あり
1662,トランクス：GT（FB09 FB09-110 UC★）,FB09 VUAL EVOLUTION,FB09 DUAL EVOLUTION > パラレル,https://www.kamehouse-db.com/product/1662,https://www.kamehouse-db.com/product/1662?utm_source=mercari&utm_medium=cpc&utm_campaign=infeed_test,https://www.kamehouse-db.com/data/kamehouse/product/20260316_83851d.jpg,1980,あり
1661,ビーデル：SH（FB09 FB09-065 C）,FB09 VUAL EVOLUTION,FB09 DUAL EVOLUTION > R以下,https://www.kamehouse-db.com/product/1661,https://www.kamehouse-db.com/product/1661?utm_source=mercari&utm_medium=cpc&utm_campaign=infeed_test,https://www.kamehouse-db.com/data/kamehouse/product/20260316_f93e3a.jpg,50,あり
1660,ベジータ（FB09 FB09-044 R★）,FB09 VUAL EVOLUTION,FB09 DUAL EVOLUTION > パラレル,https://www.kamehouse-db.com/product/1660,https://www.kamehouse-db.com/product/1660?utm_source=mercari&utm_medium=cpc&utm_campaign=infeed_test,https://www.kamehouse-db.com/data/kamehouse/product/20260316_2380b7.jpg,1490,あり
1659,ピッコロ：SH（FB09 FB09-066 C）,FB09 VUAL EVOLUTION,FB09 DUAL EVOLUTION > R以下,https://www.kamehouse-db.com/product/1659,https://www.kamehouse-db.com/product/1659?utm_source=mercari&utm_medium=cpc&utm_campaign=infeed_test,https://www.kamehouse-db.com/data/kamehouse/product/20260316_163a86.jpg,50,あり
1658,ピッコロ：SH（FB09 FB09-067 UC）,FB09 VUAL EVOLUTION,FB09 DUAL EVOLUTION > R以下,https://www.kamehouse-db.com/product/1658,https://www.kamehouse-db.com/product/1658?utm_source=mercari&utm_medium=cpc&utm_campaign=infeed_test,https://www.kamehouse-db.com/data/kamehouse/product/20260316_432247.jpg,50,あり
1657,魔貫光殺砲（FB09 FB09-072 SR★）,FB09 VUAL EVOLUTION,FB09 DUAL EVOLUTION > パラレル,https://www.kamehouse-db.com/product/1657,https://www.kamehouse-db.com/product/1657?utm_source=mercari&utm_medium=cpc&utm_campaign=infeed_test,https://www.kamehouse-db.com/data/kamehouse/product/20260316_d1eabe.jpg,2360,あり
1656,ブロリー（FB09 FB09-069 R）,FB09 VUAL EVOLUTION,FB09 DUAL EVOLUTION > R以下,https://www.kamehouse-db.com/product/1656,https://www.kamehouse-db.com/product/1656?utm_source=mercari&utm_medium=cpc&utm_campaign=infeed_test,https://www.kamehouse-db.com/data/kamehouse/product/20260316_c72874.jpg,50,あり
1655,ベジータ（FB09 FB09-045 SR★）,FB09 VUAL EVOLUTION,FB09 DUAL EVOLUTION > パラレル,https://www.kamehouse-db.com/product/1655,https://www.kamehouse-db.com/product/1655?utm_source=mercari&utm_medium=cpc&utm_campaign=infeed_test,https://www.kamehouse-db.com/data/kamehouse/product/20260316_3c89b4.jpg,1700,あり
1653,ゴールデンフリーザ：BR（FB09 FB09-005 UC★）,FB09 VUAL EVOLUTION,FB09 DUAL EVOLUTION > パラレル,https://www.kamehouse-db.com/product/1653,https://www.kamehouse-db.com/product/1653?utm_source=mercari&utm_medium=cpc&utm_campaign=infeed_test,https://www.kamehouse-db.com/data/kamehouse/product/20260316_8dc244.jpg,2100,あり
1652,"神龍の""オマケ""（FB09 FB09-071 UC）",FB09 VUAL EVOLUTION,FB09 DUAL EVOLUTION > R以下,https://www.kamehouse-db.com/product/1652,https://www.kamehouse-db.com/product/1652?utm_source=mercari&utm_medium=cpc&utm_campaign=infeed_test,https://www.kamehouse-db.com/data/kamehouse/product/20260316_e84b3a.jpg,50,あり
1651,北の界王（FB09 FB09-074 C）,FB09 VUAL EVOLUTION,FB09 DUAL EVOLUTION > R以下,https://www.kamehouse-db.com/product/1651,https://www.kamehouse-db.com/product/1651?utm_source=mercari&utm_medium=cpc&utm_campaign=infeed_test,https://www.kamehouse-db.com/data/kamehouse/product/20260316_c024c5.jpg,50,あり
1649,パン：GT（FB09 FB09-112 SR★）,FB09 VUAL EVOLUTION,FB09 DUAL EVOLUTION > パラレル,https://www.kamehouse-db.com/product/1649,https://www.kamehouse-db.com/product/1649?utm_source=mercari&utm_medium=cpc&utm_campaign=infeed_test,https://www.kamehouse-db.com/data/kamehouse/product/20260316_d6f8cd.jpg,1890,あり
1648,ゴテンクス（FB09 FB09-075 UC）,FB09 VUAL EVOLUTION,FB09 DUAL EVOLUTION > R以下,https://www.kamehouse-db.com/product/1648,https://www.kamehouse-db.com/product/1648?utm_source=mercari&utm_medium=cpc&utm_campaign=infeed_test,https://www.kamehouse-db.com/data/kamehouse/product/20260316_bceb24.jpg,50,あり
1647,サイケ鬼（FB09 FB09-076 C）,FB09 VUAL EVOLUTION,FB09 DUAL EVOLUTION > R以下,https://www.kamehouse-db.com/product/1647,https://www.kamehouse-db.com/product/1647?utm_source=mercari&utm_medium=cpc&utm_campaign=infeed_test,https://www.kamehouse-db.com/data/kamehouse/product/20260316_5c1778.jpg,50,あり
1645,ジャネンバ（FB09 FB09-077 R）,FB09 VUAL EVOLUTION,FB09 DUAL EVOLUTION > R以下,https://www.kamehouse-db.com/product/1645,https://www.kamehouse-db.com/product/1645?utm_source=mercari&utm_medium=cpc&utm_campaign=infeed_test,https://www.kamehouse-db.com/data/kamehouse/product/20260316_02b3d7.jpg,50,あり
1644,孫悟空（FB09 FB09-037 SR★）,FB09 VUAL EVOLUTION,FB09 DUAL EVOLUTION > パラレル,https://www.kamehouse-db.com/product/1644,https://www.kamehouse-db.com/product/1644?utm_source=mercari&utm_medium=cpc&utm_campaign=infeed_test,https://www.kamehouse-db.com/data/kamehouse/product/20260316_be43be.jpg,3280,あり
1643,ジャネンバ（FB09 FB09-078 R）,FB09 VUAL EVOLUTION,FB09 DUAL EVOLUTION > R以下,https://www.kamehouse-db.com/product/1643,https://www.kamehouse-db.com/product/1643?utm_source=mercari&utm_medium=cpc&utm_campaign=infeed_test,https://www.kamehouse-db.com/data/kamehouse/product/20260316_a0ff42.jpg,50,あり
1642,孫悟天（FB09 FB09-083 C）,FB09 VUAL EVOLUTION,FB09 DUAL EVOLUTION > R以下,https://www.kamehouse-db.com/product/1642,https://www.kamehouse-db.com/product/1642?utm_source=mercari&utm_medium=cpc&utm_campaign=infeed_test,https://www.kamehouse-db.com/data/kamehouse/product/20260316_e14767.jpg,50,あり
1641,悪鬼を討つ戦士（FB09 FB09-096 SR★）,FB09 VUAL EVOLUTION,FB09 DUAL EVOLUTION > パラレル,https://www.kamehouse-db.com/product/1641,https://www.kamehouse-db.com/product/1641?utm_source=mercari&utm_medium=cpc&utm_campaign=infeed_test,https://www.kamehouse-db.com/data/kamehouse/product/20260316_e44812.jpg,1110,あり
1640,孫悟飯：青年期（FB09 FB09-084 C）,FB09 VUAL EVOLUTION,FB09 DUAL EVOLUTION > R以下,https://www.kamehouse-db.com/product/1640,https://www.kamehouse-db.com/product/1640?utm_source=mercari&utm_medium=cpc&utm_campaign=infeed_test,https://www.kamehouse-db.com/data/kamehouse/product/20260316_98107b.jpg,50,あり
1639,大界王（FB09 FB09-085 UC）,FB09 VUAL EVOLUTION,FB09 DUAL EVOLUTION > R以下,https://www.kamehouse-db.com/product/1639,https://www.kamehouse-db.com/product/1639?utm_source=mercari&utm_medium=cpc&utm_campaign=infeed_test,https://www.kamehouse-db.com/data/kamehouse/product/20260316_24df91.jpg,50,あり
1637,トランクス：幼年期（FB09 FB09-086 C）,FB09 VUAL EVOLUTION,FB09 DUAL EVOLUTION > R以下,https://www.kamehouse-db.com/product/1637,https://www.kamehouse-db.com/product/1637?utm_source=mercari&utm_medium=cpc&utm_campaign=infeed_test,https://www.kamehouse-db.com/data/kamehouse/product/20260316_7217a4.jpg,50,あり
1636,孫悟空/ベジータ（FB09 FB09-082 SR★）,FB09 VUAL EVOLUTION,FB09 DUAL EVOLUTION > パラレル,https://www.kamehouse-db.com/product/1636,https://www.kamehouse-db.com/product/1636?utm_source=mercari&utm_medium=cpc&utm_campaign=infeed_test,https://www.kamehouse-db.com/data/kamehouse/product/20260316_7978e3.jpg,2620,あり
1635,西の界王（FB09 FB09-087 C）,FB09 VUAL EVOLUTION,FB09 DUAL EVOLUTION > R以下,https://www.kamehouse-db.com/product/1635,https://www.kamehouse-db.com/product/1635?utm_source=mercari&utm_medium=cpc&utm_campaign=infeed_test,https://www.kamehouse-db.com/data/kamehouse/product/20260316_4bcdc7.jpg,50,あり
1634,パイクーハン（FB09 FB09-089 UC）,FB09 VUAL EVOLUTION,FB09 DUAL EVOLUTION > R以下,https://www.kamehouse-db.com/product/1634,https://www.kamehouse-db.com/product/1634?utm_source=mercari&utm_medium=cpc&utm_campaign=infeed_test,https://www.kamehouse-db.com/data/kamehouse/product/20260316_640469.jpg,50,あり
1632,東の界王（FB09 FB09-090 C）,FB09 VUAL EVOLUTION,FB09 DUAL EVOLUTION > R以下,https://www.kamehouse-db.com/product/1632,https://www.kamehouse-db.com/product/1632?utm_source=mercari&utm_medium=cpc&utm_campaign=infeed_test,https://www.kamehouse-db.com/data/kamehouse/product/20260316_846976.jpg,50,あり
1631,ベジータ：GT（FB09 FB09-117 SR★）,FB09 VUAL EVOLUTION,FB09 DUAL EVOLUTION > パラレル,https://www.kamehouse-db.com/product/1631,https://www.kamehouse-db.com/product/1631?utm_source=mercari&utm_medium=cpc&utm_campaign=infeed_test,https://www.kamehouse-db.com/data/kamehouse/product/20260316_678984.jpg,3310,あり
1630,孫悟空：GT（FB09 FB09-100 SR★）,FB09 VUAL EVOLUTION,FB09 DUAL EVOLUTION > パラレル,https://www.kamehouse-db.com/product/1630,https://www.kamehouse-db.com/product/1630?utm_source=mercari&utm_medium=cpc&utm_campaign=infeed_test,https://www.kamehouse-db.com/data/kamehouse/product/20260316_edf735.jpg,3500,あり
1629,南の界王（FB09 FB09-094 C）,FB09 VUAL EVOLUTION,FB09 DUAL EVOLUTION > R以下,https://www.kamehouse-db.com/product/1629,https://www.kamehouse-db.com/product/1629?utm_source=mercari&utm_medium=cpc&utm_campaign=infeed_test,https://www.kamehouse-db.com/data/kamehouse/product/20260316_09fb1a.jpg,50,あり
1628,閻魔宮（FB09 FB09-095 UC）,FB09 VUAL EVOLUTION,FB09 DUAL EVOLUTION > R以下,https://www.kamehouse-db.com/product/1628,https://www.kamehouse-db.com/product/1628?utm_source=mercari&utm_medium=cpc&utm_campaign=infeed_test,https://www.kamehouse-db.com/data/kamehouse/product/20260316_608b2a.jpg,50,あり
1626,ゴテンクス（FB09 FB09-098 R）,FB09 VUAL EVOLUTION,FB09 DUAL EVOLUTION > R以下,https://www.kamehouse-db.com/product/1626,https://www.kamehouse-db.com/product/1626?utm_source=mercari&utm_medium=cpc&utm_campaign=infeed_test,https://www.kamehouse-db.com/data/kamehouse/product/20260316_3f42ab.jpg,80,あり
1625,孫悟空：GT（FB09 FB09-099 C）,FB09 VUAL EVOLUTION,FB09 DUAL EVOLUTION > R以下,https://www.kamehouse-db.com/product/1625,https://www.kamehouse-db.com/product/1625?utm_source=mercari&utm_medium=cpc&utm_campaign=infeed_test,https://www.kamehouse-db.com/data/kamehouse/product/20260316_3e4aef.jpg,50,あり
1623,孫悟天：GT（FB09 FB09-101 C）,FB09 VUAL EVOLUTION,FB09 DUAL EVOLUTION > R以下,https://www.kamehouse-db.com/product/1623,https://www.kamehouse-db.com/product/1623?utm_source=mercari&utm_medium=cpc&utm_campaign=infeed_test,https://www.kamehouse-db.com/data/kamehouse/product/20260316_d54e16.jpg,50,あり
1621,孫悟天：GT（FB09 FB09-102 UC）,FB09 VUAL EVOLUTION,FB09 DUAL EVOLUTION > R以下,https://www.kamehouse-db.com/product/1621,https://www.kamehouse-db.com/product/1621?utm_source=mercari&utm_medium=cpc&utm_campaign=infeed_test,https://www.kamehouse-db.com/data/kamehouse/product/20260316_4d66be.jpg,50,あり
1620,孫悟飯：GT（FB09 FB09-103 C）,FB09 VUAL EVOLUTION,FB09 DUAL EVOLUTION > R以下,https://www.kamehouse-db.com/product/1620,https://www.kamehouse-db.com/product/1620?utm_source=mercari&utm_medium=cpc&utm_campaign=infeed_test,https://www.kamehouse-db.com/data/kamehouse/product/20260316_32960b.jpg,50,あり
1619,ゴジータ：GT（FB09 FB09-123 SCR★）,FB09 VUAL EVOLUTION,FB09 DUAL EVOLUTION > SCR,https://www.kamehouse-db.com/product/1619,https://www.kamehouse-db.com/product/1619?utm_source=mercari&utm_medium=cpc&utm_campaign=infeed_test,https://www.kamehouse-db.com/data/kamehouse/product/20260316_9a2a2d.jpg,7590,あり
1618,孫悟飯：GT（FB09 FB09-104 UC）,FB09 VUAL EVOLUTION,FB09 DUAL EVOLUTION > R以下,https://www.kamehouse-db.com/product/1618,https://www.kamehouse-db.com/product/1618?utm_source=mercari&utm_medium=cpc&utm_campaign=infeed_test,https://www.kamehouse-db.com/data/kamehouse/product/20260316_95509b.jpg,50,あり
1617,孫悟飯：未来（FB09 FB09-106 UC）,FB09 VUAL EVOLUTION,FB09 DUAL EVOLUTION > R以下,https://www.kamehouse-db.com/product/1617,https://www.kamehouse-db.com/product/1617?utm_source=mercari&utm_medium=cpc&utm_campaign=infeed_test,https://www.kamehouse-db.com/data/kamehouse/product/20260316_cba92c.jpg,50,あり
1616,ゴジータ（FB09 FB09-122 SCR★）,FB09 VUAL EVOLUTION,FB09 DUAL EVOLUTION > SCR,https://www.kamehouse-db.com/product/1616,https://www.kamehouse-db.com/product/1616?utm_source=mercari&utm_medium=cpc&utm_campaign=infeed_test,https://www.kamehouse-db.com/data/kamehouse/product/20260316_ba867d.jpg,8450,あり
1615,チチ：GT（FB09 FB09-107 C）,FB09 VUAL EVOLUTION,FB09 DUAL EVOLUTION > R以下,https://www.kamehouse-db.com/product/1615,https://www.kamehouse-db.com/product/1615?utm_source=mercari&utm_medium=cpc&utm_campaign=infeed_test,https://www.kamehouse-db.com/data/kamehouse/product/20260316_8a24c0.jpg,50,あり
1613,トランクス：GT（FB09 FB09-108 C）,FB09 VUAL EVOLUTION,FB09 DUAL EVOLUTION > R以下,https://www.kamehouse-db.com/product/1613,https://www.kamehouse-db.com/product/1613?utm_source=mercari&utm_medium=cpc&utm_campaign=infeed_test,https://www.kamehouse-db.com/data/kamehouse/product/20260316_a2e1c1.jpg,50,あり
1611,トランクス：GT（FB09 FB09-109 UC）,FB09 VUAL EVOLUTION,FB09 DUAL EVOLUTION > R以下,https://www.kamehouse-db.com/product/1611,https://www.kamehouse-db.com/product/1611?utm_source=mercari&utm_medium=cpc&utm_campaign=infeed_test,https://www.kamehouse-db.com/data/kamehouse/product/20260316_c802da.jpg,50,あり
1610,ゴジータ：GT（FB09 FB09-097 L★）,FB09 VUAL EVOLUTION,FB09 DUAL EVOLUTION > パラレル,https://www.kamehouse-db.com/product/1610,https://www.kamehouse-db.com/product/1610?utm_source=mercari&utm_medium=cpc&utm_campaign=infeed_test,https://www.kamehouse-db.com/data/kamehouse/product/20260704_162e41.jpg,15800,あり
1609,トランクス：未来（FB09 FB09-111 UC）,FB09 VUAL EVOLUTION,FB09 DUAL EVOLUTION > R以下,https://www.kamehouse-db.com/product/1609,https://www.kamehouse-db.com/product/1609?utm_source=mercari&utm_medium=cpc&utm_campaign=infeed_test,https://www.kamehouse-db.com/data/kamehouse/product/20260316_7e88e1.jpg,80,あり
1607,ビーデル：GT（FB09 FB09-113 C）,FB09 VUAL EVOLUTION,FB09 DUAL EVOLUTION > R以下,https://www.kamehouse-db.com/product/1607,https://www.kamehouse-db.com/product/1607?utm_source=mercari&utm_medium=cpc&utm_campaign=infeed_test,https://www.kamehouse-db.com/data/kamehouse/product/20260316_7a8659.jpg,50,あり
1598,ゴジータ：BR（FB09 FB09-007 SR）,FB09 VUAL EVOLUTION,FB09 DUAL EVOLUTION > SR,https://www.kamehouse-db.com/product/1598,https://www.kamehouse-db.com/product/1598?utm_source=mercari&utm_medium=cpc&utm_campaign=infeed_test,https://www.kamehouse-db.com/data/kamehouse/product/20260316_f5f146.jpg,80,あり
1596,孫悟空：BR/ベジータ：BR（FB09 FB09-011 SR★）,FB09 VUAL EVOLUTION,FB09 DUAL EVOLUTION > パラレル,https://www.kamehouse-db.com/product/1596,https://www.kamehouse-db.com/product/1596?utm_source=mercari&utm_medium=cpc&utm_campaign=infeed_test,https://www.kamehouse-db.com/data/kamehouse/product/20260316_ab6099.jpg,4490,あり
1594,全王（FB09 FB09-031 SR）,FB09 VUAL EVOLUTION,FB09 DUAL EVOLUTION > SR,https://www.kamehouse-db.com/product/1594,https://www.kamehouse-db.com/product/1594?utm_source=mercari&utm_medium=cpc&utm_campaign=infeed_test,https://www.kamehouse-db.com/data/kamehouse/product/20260316_b6b3fe.jpg,180,あり
1593,孫悟空（FB09 FB09-037 SR）,FB09 VUAL EVOLUTION,FB09 DUAL EVOLUTION > SR,https://www.kamehouse-db.com/product/1593,https://www.kamehouse-db.com/product/1593?utm_source=mercari&utm_medium=cpc&utm_campaign=infeed_test,https://www.kamehouse-db.com/data/kamehouse/product/20260316_0c0d1e.jpg,180,あり
1591,ベジータ（FB09 FB09-045 SR）,FB09 VUAL EVOLUTION,FB09 DUAL EVOLUTION > SR,https://www.kamehouse-db.com/product/1591,https://www.kamehouse-db.com/product/1591?utm_source=mercari&utm_medium=cpc&utm_campaign=infeed_test,https://www.kamehouse-db.com/data/kamehouse/product/20260316_d3d72f.jpg,120,あり
1590,ガンマ1号：SH/ガンマ2号：SH（FB09 FB09-051 SR）,FB09 VUAL EVOLUTION,FB09 DUAL EVOLUTION > SR,https://www.kamehouse-db.com/product/1590,https://www.kamehouse-db.com/product/1590?utm_source=mercari&utm_medium=cpc&utm_campaign=infeed_test,https://www.kamehouse-db.com/data/kamehouse/product/20260316_7422ad.jpg,120,あり
1588,魔貫光殺砲（FB09 FB09-072 SR）,FB09 VUAL EVOLUTION,FB09 DUAL EVOLUTION > SR,https://www.kamehouse-db.com/product/1588,https://www.kamehouse-db.com/product/1588?utm_source=mercari&utm_medium=cpc&utm_campaign=infeed_test,https://www.kamehouse-db.com/data/kamehouse/product/20260316_9a7d19.jpg,170,あり
1587,孫悟空/ベジータ（FB09 FB09-082 SR）,FB09 VUAL EVOLUTION,FB09 DUAL EVOLUTION > SR,https://www.kamehouse-db.com/product/1587,https://www.kamehouse-db.com/product/1587?utm_source=mercari&utm_medium=cpc&utm_campaign=infeed_test,https://www.kamehouse-db.com/data/kamehouse/product/20260316_94baf2.jpg,360,あり
1586,パイクーハン（FB09 FB09-088 UC★）,FB09 VUAL EVOLUTION,FB09 DUAL EVOLUTION > パラレル,https://www.kamehouse-db.com/product/1586,https://www.kamehouse-db.com/product/1586?utm_source=mercari&utm_medium=cpc&utm_campaign=infeed_test,https://www.kamehouse-db.com/data/kamehouse/product/20260316_a5bbad.jpg,2050,あり
1585,ベクウ（FB09 FB09-091 SR）,FB09 VUAL EVOLUTION,FB09 DUAL EVOLUTION > SR,https://www.kamehouse-db.com/product/1585,https://www.kamehouse-db.com/product/1585?utm_source=mercari&utm_medium=cpc&utm_campaign=infeed_test,https://www.kamehouse-db.com/data/kamehouse/product/20260316_8f11b5.jpg,270,あり
1582,孫悟空：GT（FB09 FB09-100 SR）,FB09 VUAL EVOLUTION,FB09 DUAL EVOLUTION > SR,https://www.kamehouse-db.com/product/1582,https://www.kamehouse-db.com/product/1582?utm_source=mercari&utm_medium=cpc&utm_campaign=infeed_test,https://www.kamehouse-db.com/data/kamehouse/product/20260316_3d434a.jpg,360,あり
1580,ベジータ：GT（FB09 FB09-117 SR）,FB09 VUAL EVOLUTION,FB09 DUAL EVOLUTION > SR,https://www.kamehouse-db.com/product/1580,https://www.kamehouse-db.com/product/1580?utm_source=mercari&utm_medium=cpc&utm_campaign=infeed_test,https://www.kamehouse-db.com/data/kamehouse/product/20260316_f5f8bc.jpg,120,あり
1578,ゴジータ（FB09 FB09-122 SCR）,FB09 VUAL EVOLUTION,FB09 DUAL EVOLUTION > SCR,https://www.kamehouse-db.com/product/1578,https://www.kamehouse-db.com/product/1578?utm_source=mercari&utm_medium=cpc&utm_campaign=infeed_test,https://www.kamehouse-db.com/data/kamehouse/product/20260316_145e13.jpg,2050,あり
1577,ゴジータ：GT（FB09 FB09-123 SCR）,FB09 VUAL EVOLUTION,FB09 DUAL EVOLUTION > SCR,https://www.kamehouse-db.com/product/1577,https://www.kamehouse-db.com/product/1577?utm_source=mercari&utm_medium=cpc&utm_campaign=infeed_test,https://www.kamehouse-db.com/data/kamehouse/product/20260316_1423e9.jpg,1300,あり
1559,孫悟飯：青年期(E-106☆),エナジーマーカーパック08 収録,エナジーマーカー > エナジーマーカーパック08,https://www.kamehouse-db.com/product/1559,https://www.kamehouse-db.com/product/1559?utm_source=mercari&utm_medium=cpc&utm_campaign=infeed_test,https://www.kamehouse-db.com/data/kamehouse/product/20260114_d63cc9.jpeg,2080,あり
1557,ターレス(E-108☆),エナジーマーカーパック08 収録,エナジーマーカー > エナジーマーカーパック08,https://www.kamehouse-db.com/product/1557,https://www.kamehouse-db.com/product/1557?utm_source=mercari&utm_medium=cpc&utm_campaign=infeed_test,https://www.kamehouse-db.com/data/kamehouse/product/20260114_c6afd5.jpeg,1550,あり
1553,カリフラ(E-107),エナジーマーカーパック08 収録,エナジーマーカー > エナジーマーカーパック08,https://www.kamehouse-db.com/product/1553,https://www.kamehouse-db.com/product/1553?utm_source=mercari&utm_medium=cpc&utm_campaign=infeed_test,https://www.kamehouse-db.com/data/kamehouse/product/20260114_4a24da.jpeg,180,あり
1548,運命の糸(FB08-024/R☆/アルバト),【プロモーションカード】 アルティメットバトル 上位入賞景品,プロモーションカード > アルティメットバトル,https://www.kamehouse-db.com/product/1548,https://www.kamehouse-db.com/product/1548?utm_source=mercari&utm_medium=cpc&utm_campaign=infeed_test,https://www.kamehouse-db.com/data/kamehouse/product/20260114_54077c.jpeg,1080,あり
1541,セル(FP-065/PR☆),【プロモーションカード】 バトルパック09-WINNER- 収録,プロモーションカード > バトルパック-WINNER-,https://www.kamehouse-db.com/product/1541,https://www.kamehouse-db.com/product/1541?utm_source=mercari&utm_medium=cpc&utm_campaign=infeed_test,https://www.kamehouse-db.com/data/kamehouse/product/20260114_acee58.jpeg,270,あり
1539,孫悟空(FP-067/PR☆),【プロモーションカード】 バトルパック09-WINNER- 収録,プロモーションカード > バトルパック-WINNER-,https://www.kamehouse-db.com/product/1539,https://www.kamehouse-db.com/product/1539?utm_source=mercari&utm_medium=cpc&utm_campaign=infeed_test,https://www.kamehouse-db.com/data/kamehouse/product/20260114_553ec5.jpeg,1410,あり
1538,孫悟空(FP-067/PR),【プロモーションカード】 バトルパック09 収録,プロモーションカード > バトルパック,https://www.kamehouse-db.com/product/1538,https://www.kamehouse-db.com/product/1538?utm_source=mercari&utm_medium=cpc&utm_campaign=infeed_test,https://www.kamehouse-db.com/data/kamehouse/product/20260114_923c67.jpeg,120,あり
1537,ブロリー(FP-066/PR),【プロモーションカード】 バトルパック09 収録,プロモーションカード > バトルパック,https://www.kamehouse-db.com/product/1537,https://www.kamehouse-db.com/product/1537?utm_source=mercari&utm_medium=cpc&utm_campaign=infeed_test,https://www.kamehouse-db.com/data/kamehouse/product/20260114_d2f8bc.jpeg,80,あり
1536,セル(FP-065/PR),【プロモーションカード】 バトルパック09 収録,プロモーションカード > バトルパック,https://www.kamehouse-db.com/product/1536,https://www.kamehouse-db.com/product/1536?utm_source=mercari&utm_medium=cpc&utm_campaign=infeed_test,https://www.kamehouse-db.com/data/kamehouse/product/20260114_58d7e1.jpeg,80,あり
1535,マイティマスク(FP-064/PR),【プロモーションカード】 バトルパック09 収録,プロモーションカード > バトルパック,https://www.kamehouse-db.com/product/1535,https://www.kamehouse-db.com/product/1535?utm_source=mercari&utm_medium=cpc&utm_campaign=infeed_test,https://www.kamehouse-db.com/data/kamehouse/product/20260114_9ef5be.jpeg,80,あり
1534,孫悟飯：青年期(FP-063/PR),【プロモーションカード】 バトルパック09 収録,プロモーションカード > バトルパック,https://www.kamehouse-db.com/product/1534,https://www.kamehouse-db.com/product/1534?utm_source=mercari&utm_medium=cpc&utm_campaign=infeed_test,https://www.kamehouse-db.com/data/kamehouse/product/20260114_aa9a9c.jpeg,80,あり
1517,孫悟飯：幼年期(FB08-056/R☆/ビジュアルパラレル),FB08 誇り高き戦闘民族 収録,FB08 誇り高き戦闘民族 > パラレル,https://www.kamehouse-db.com/product/1517,https://www.kamehouse-db.com/product/1517?utm_source=mercari&utm_medium=cpc&utm_campaign=infeed_test,https://www.kamehouse-db.com/data/kamehouse/product/20251213_290452.jpeg,5050,あり
1516,全王(FB02-049/R☆/ビジュアルパラレル),FB08 誇り高き戦闘民族 収録,FB08 誇り高き戦闘民族 > パラレル,https://www.kamehouse-db.com/product/1516,https://www.kamehouse-db.com/product/1516?utm_source=mercari&utm_medium=cpc&utm_campaign=infeed_test,https://www.kamehouse-db.com/data/kamehouse/product/20251213_19d316.jpeg,2340,あり
1515,ヒット(FB08-040/R☆/ビジュアルパラレル),FB08 誇り高き戦闘民族 収録,FB08 誇り高き戦闘民族 > パラレル,https://www.kamehouse-db.com/product/1515,https://www.kamehouse-db.com/product/1515?utm_source=mercari&utm_medium=cpc&utm_campaign=infeed_test,https://www.kamehouse-db.com/data/kamehouse/product/20251213_889255.jpeg,2010,あり
1514,ビーデル(FB08-019/R☆/ビジュアルパラレル),FB08 誇り高き戦闘民族 収録,FB08 誇り高き戦闘民族 > パラレル,https://www.kamehouse-db.com/product/1514,https://www.kamehouse-db.com/product/1514?utm_source=mercari&utm_medium=cpc&utm_campaign=infeed_test,https://www.kamehouse-db.com/data/kamehouse/product/20251213_bbde76.jpeg,3280,あり
1513,バーダック(FB08-111/UC☆),FB08 誇り高き戦闘民族 収録,FB08 誇り高き戦闘民族 > パラレル,https://www.kamehouse-db.com/product/1513,https://www.kamehouse-db.com/product/1513?utm_source=mercari&utm_medium=cpc&utm_campaign=infeed_test,https://www.kamehouse-db.com/data/kamehouse/product/20251213_4f7598.jpeg,3280,あり
1512,ブロリー(FB08-088/UC☆),FB08 誇り高き戦闘民族 収録,FB08 誇り高き戦闘民族 > パラレル,https://www.kamehouse-db.com/product/1512,https://www.kamehouse-db.com/product/1512?utm_source=mercari&utm_medium=cpc&utm_campaign=infeed_test,https://www.kamehouse-db.com/data/kamehouse/product/20251213_3068e8.jpeg,5690,あり
1511,ピッコロ(FB08-065/UC☆),FB08 誇り高き戦闘民族 収録,FB08 誇り高き戦闘民族 > パラレル,https://www.kamehouse-db.com/product/1511,https://www.kamehouse-db.com/product/1511?utm_source=mercari&utm_medium=cpc&utm_campaign=infeed_test,https://www.kamehouse-db.com/data/kamehouse/product/20251213_0cd2ff.jpeg,3140,あり
1510,ヴァドス(FB08-026/UC☆),FB08 誇り高き戦闘民族 収録,FB08 誇り高き戦闘民族 > パラレル,https://www.kamehouse-db.com/product/1510,https://www.kamehouse-db.com/product/1510?utm_source=mercari&utm_medium=cpc&utm_campaign=infeed_test,https://www.kamehouse-db.com/data/kamehouse/product/20251213_3ac9e6.jpeg,1780,あり
1506,孫悟空(FB08-100/SR☆),FB08 誇り高き戦闘民族 収録,FB08 誇り高き戦闘民族 > パラレル,https://www.kamehouse-db.com/product/1506,https://www.kamehouse-db.com/product/1506?utm_source=mercari&utm_medium=cpc&utm_campaign=infeed_test,https://www.kamehouse-db.com/data/kamehouse/product/20251213_867d96.jpeg,1410,あり
1504,ブロリー(FB08-087/SR☆),FB08 誇り高き戦闘民族 収録,FB08 誇り高き戦闘民族 > パラレル,https://www.kamehouse-db.com/product/1504,https://www.kamehouse-db.com/product/1504?utm_source=mercari&utm_medium=cpc&utm_campaign=infeed_test,https://www.kamehouse-db.com/data/kamehouse/product/20251213_e1679d.jpeg,2460,あり
1502,ターレス(FB08-059/SR☆),FB08 誇り高き戦闘民族 収録,FB08 誇り高き戦闘民族 > パラレル,https://www.kamehouse-db.com/product/1502,https://www.kamehouse-db.com/product/1502?utm_source=mercari&utm_medium=cpc&utm_campaign=infeed_test,https://www.kamehouse-db.com/data/kamehouse/product/20251213_2ce5c5.jpeg,1090,あり
1501,孫悟空(FB08-055/SR☆),FB08 誇り高き戦闘民族 収録,FB08 誇り高き戦闘民族 > パラレル,https://www.kamehouse-db.com/product/1501,https://www.kamehouse-db.com/product/1501?utm_source=mercari&utm_medium=cpc&utm_campaign=infeed_test,https://www.kamehouse-db.com/data/kamehouse/product/20251213_a4edb0.jpeg,880,あり
1500,大猿孫悟飯(FB08-051/SR☆),FB08 誇り高き戦闘民族 収録,FB08 誇り高き戦闘民族 > パラレル,https://www.kamehouse-db.com/product/1500,https://www.kamehouse-db.com/product/1500?utm_source=mercari&utm_medium=cpc&utm_campaign=infeed_test,https://www.kamehouse-db.com/data/kamehouse/product/20251213_0b37b8.jpeg,560,あり
1499,ケフラ(FB08-034/SR☆),FB08 誇り高き戦闘民族 収録,FB08 誇り高き戦闘民族 > パラレル,https://www.kamehouse-db.com/product/1499,https://www.kamehouse-db.com/product/1499?utm_source=mercari&utm_medium=cpc&utm_campaign=infeed_test,https://www.kamehouse-db.com/data/kamehouse/product/20251213_7a2baa.jpeg,1890,あり
1498,ケール(FB08-032/SR☆),FB08 誇り高き戦闘民族 収録,FB08 誇り高き戦闘民族 > パラレル,https://www.kamehouse-db.com/product/1498,https://www.kamehouse-db.com/product/1498?utm_source=mercari&utm_medium=cpc&utm_campaign=infeed_test,https://www.kamehouse-db.com/data/kamehouse/product/20251213_28a5ef.jpeg,830,あり
1495,孫悟天/トランクス：幼年期(FB08-009/SR☆),FB08 誇り高き戦闘民族 収録,FB08 誇り高き戦闘民族 > パラレル,https://www.kamehouse-db.com/product/1495,https://www.kamehouse-db.com/product/1495?utm_source=mercari&utm_medium=cpc&utm_campaign=infeed_test,https://www.kamehouse-db.com/data/kamehouse/product/20251213_0ac696.jpeg,3120,あり
1493,バーダック(FB08-112/SR),FB08 誇り高き戦闘民族 収録,FB08 誇り高き戦闘民族 > SR,https://www.kamehouse-db.com/product/1493,https://www.kamehouse-db.com/product/1493?utm_source=mercari&utm_medium=cpc&utm_campaign=infeed_test,https://www.kamehouse-db.com/data/kamehouse/product/20251213_ca14ca.jpeg,440,あり
1492,孫悟飯：少年期(FB08-106/SR),FB08 誇り高き戦闘民族 収録,FB08 誇り高き戦闘民族 > SR,https://www.kamehouse-db.com/product/1492,https://www.kamehouse-db.com/product/1492?utm_source=mercari&utm_medium=cpc&utm_campaign=infeed_test,https://www.kamehouse-db.com/data/kamehouse/product/20251213_05573d.jpeg,270,あり
1490,ベジータ：幼年期(FB08-092/SR),FB08 誇り高き戦闘民族 収録,FB08 誇り高き戦闘民族 > SR,https://www.kamehouse-db.com/product/1490,https://www.kamehouse-db.com/product/1490?utm_source=mercari&utm_medium=cpc&utm_campaign=infeed_test,https://www.kamehouse-db.com/data/kamehouse/product/20251212_ffb747.jpeg,80,あり
1489,ブロリー(FB08-087/SR),FB08 誇り高き戦闘民族 収録,FB08 誇り高き戦闘民族 > SR,https://www.kamehouse-db.com/product/1489,https://www.kamehouse-db.com/product/1489?utm_source=mercari&utm_medium=cpc&utm_campaign=infeed_test,https://www.kamehouse-db.com/data/kamehouse/product/20251212_0bf77c.jpeg,180,あり
1486,孫悟空(FB08-055/SR),FB08 誇り高き戦闘民族 収録,FB08 誇り高き戦闘民族 > SR,https://www.kamehouse-db.com/product/1486,https://www.kamehouse-db.com/product/1486?utm_source=mercari&utm_medium=cpc&utm_campaign=infeed_test,https://www.kamehouse-db.com/data/kamehouse/product/20251212_974476.jpeg,120,あり
1485,大猿孫悟飯(FB08-051/SR),FB08 誇り高き戦闘民族 収録,FB08 誇り高き戦闘民族 > SR,https://www.kamehouse-db.com/product/1485,https://www.kamehouse-db.com/product/1485?utm_source=mercari&utm_medium=cpc&utm_campaign=infeed_test,https://www.kamehouse-db.com/data/kamehouse/product/20251212_545ef3.jpeg,180,あり
1484,ケフラ(FB08-034/SR),FB08 誇り高き戦闘民族 収録,FB08 誇り高き戦闘民族 > SR,https://www.kamehouse-db.com/product/1484,https://www.kamehouse-db.com/product/1484?utm_source=mercari&utm_medium=cpc&utm_campaign=infeed_test,https://www.kamehouse-db.com/data/kamehouse/product/20251212_c7dad0.jpeg,650,あり
1483,ケール(FB08-032/SR),FB08 誇り高き戦闘民族 収録,FB08 誇り高き戦闘民族 > SR,https://www.kamehouse-db.com/product/1483,https://www.kamehouse-db.com/product/1483?utm_source=mercari&utm_medium=cpc&utm_campaign=infeed_test,https://www.kamehouse-db.com/data/kamehouse/product/20251212_acda1d.jpeg,170,あり
1482,キャベ(FB08-029/SR),FB08 誇り高き戦闘民族 収録,FB08 誇り高き戦闘民族 > SR,https://www.kamehouse-db.com/product/1482,https://www.kamehouse-db.com/product/1482?utm_source=mercari&utm_medium=cpc&utm_campaign=infeed_test,https://www.kamehouse-db.com/data/kamehouse/product/20251212_f1762c.jpeg,460,あり
1480,孫悟天/トランクス：幼年期(FB08-009/SR),FB08 誇り高き戦闘民族 収録,FB08 誇り高き戦闘民族 > SR,https://www.kamehouse-db.com/product/1480,https://www.kamehouse-db.com/product/1480?utm_source=mercari&utm_medium=cpc&utm_campaign=infeed_test,https://www.kamehouse-db.com/data/kamehouse/product/20251212_df6530.jpeg,180,あり
1476,ターレス(FB08-049/L☆),FB08 誇り高き戦闘民族 収録,FB08 誇り高き戦闘民族 > L☆,https://www.kamehouse-db.com/product/1476,https://www.kamehouse-db.com/product/1476?utm_source=mercari&utm_medium=cpc&utm_campaign=infeed_test,https://www.kamehouse-db.com/data/kamehouse/product/20251212_1fbd6b.jpeg,5690,あり
1473,ブロリー(FB08-122/SCR☆),FB08 誇り高き戦闘民族 収録,FB08 誇り高き戦闘民族 > SCR,https://www.kamehouse-db.com/product/1473,https://www.kamehouse-db.com/product/1473?utm_source=mercari&utm_medium=cpc&utm_campaign=infeed_test,https://www.kamehouse-db.com/data/kamehouse/product/20251212_48f92c.jpeg,7120,あり
1471,孫悟天(FB08-121/SCR☆☆),FB08 誇り高き戦闘民族 収録,FB08 誇り高き戦闘民族 > SCR,https://www.kamehouse-db.com/product/1471,https://www.kamehouse-db.com/product/1471?utm_source=mercari&utm_medium=cpc&utm_campaign=infeed_test,https://www.kamehouse-db.com/data/kamehouse/product/20251212_d82910.jpeg,142000,あり
1468,パオズ山の家(FB08-120/C),FB08 誇り高き戦闘民族 収録,FB08 誇り高き戦闘民族 > R以下,https://www.kamehouse-db.com/product/1468,https://www.kamehouse-db.com/product/1468?utm_source=mercari&utm_medium=cpc&utm_campaign=infeed_test,https://www.kamehouse-db.com/data/kamehouse/product/20251212_89943e.jpeg,50,あり
1467,英雄の遺産(FB08-119/R),FB08 誇り高き戦闘民族 収録,FB08 誇り高き戦闘民族 > R以下,https://www.kamehouse-db.com/product/1467,https://www.kamehouse-db.com/product/1467?utm_source=mercari&utm_medium=cpc&utm_campaign=infeed_test,https://www.kamehouse-db.com/data/kamehouse/product/20251212_6347b8.jpeg,80,あり
1466,ラディッツ(FB08-118/C),FB08 誇り高き戦闘民族 収録,FB08 誇り高き戦闘民族 > R以下,https://www.kamehouse-db.com/product/1466,https://www.kamehouse-db.com/product/1466?utm_source=mercari&utm_medium=cpc&utm_campaign=infeed_test,https://www.kamehouse-db.com/data/kamehouse/product/20251212_8ebadf.jpeg,50,あり
1465,ベジータ(FB08-117/R),FB08 誇り高き戦闘民族 収録,FB08 誇り高き戦闘民族 > R以下,https://www.kamehouse-db.com/product/1465,https://www.kamehouse-db.com/product/1465?utm_source=mercari&utm_medium=cpc&utm_campaign=infeed_test,https://www.kamehouse-db.com/data/kamehouse/product/20251212_bddc11.jpeg,80,あり
1464,ベクウ(FB08-116/UC),FB08 誇り高き戦闘民族 収録,FB08 誇り高き戦闘民族 > R以下,https://www.kamehouse-db.com/product/1464,https://www.kamehouse-db.com/product/1464?utm_source=mercari&utm_medium=cpc&utm_campaign=infeed_test,https://www.kamehouse-db.com/data/kamehouse/product/20251212_7bef04.jpeg,80,あり
1463,ビーデル(FB08-115/C),FB08 誇り高き戦闘民族 収録,FB08 誇り高き戦闘民族 > R以下,https://www.kamehouse-db.com/product/1463,https://www.kamehouse-db.com/product/1463?utm_source=mercari&utm_medium=cpc&utm_campaign=infeed_test,https://www.kamehouse-db.com/data/kamehouse/product/20251212_a57193.jpeg,50,あり
1462,パン：GT(FB08-114/C),FB08 誇り高き戦闘民族 収録,FB08 誇り高き戦闘民族 > R以下,https://www.kamehouse-db.com/product/1462,https://www.kamehouse-db.com/product/1462?utm_source=mercari&utm_medium=cpc&utm_campaign=infeed_test,https://www.kamehouse-db.com/data/kamehouse/product/20251212_d246f6.jpeg,50,あり
1461,パン：GT(FB08-113/R),FB08 誇り高き戦闘民族 収録,FB08 誇り高き戦闘民族 > R以下,https://www.kamehouse-db.com/product/1461,https://www.kamehouse-db.com/product/1461?utm_source=mercari&utm_medium=cpc&utm_campaign=infeed_test,https://www.kamehouse-db.com/data/kamehouse/product/20251212_9efe58.jpeg,80,あり
1459,チチ(FB08-110/C),FB08 誇り高き戦闘民族 収録,FB08 誇り高き戦闘民族 > R以下,https://www.kamehouse-db.com/product/1459,https://www.kamehouse-db.com/product/1459?utm_source=mercari&utm_medium=cpc&utm_campaign=infeed_test,https://www.kamehouse-db.com/data/kamehouse/product/20251212_20f64e.jpeg,50,あり
1458,孫悟飯：幼年期(FB08-109/UC),FB08 誇り高き戦闘民族 収録,FB08 誇り高き戦闘民族 > R以下,https://www.kamehouse-db.com/product/1458,https://www.kamehouse-db.com/product/1458?utm_source=mercari&utm_medium=cpc&utm_campaign=infeed_test,https://www.kamehouse-db.com/data/kamehouse/product/20251212_c4fa0c.jpeg,50,あり
1457,孫悟飯：未来(FB08-108/UC),FB08 誇り高き戦闘民族 収録,FB08 誇り高き戦闘民族 > R以下,https://www.kamehouse-db.com/product/1457,https://www.kamehouse-db.com/product/1457?utm_source=mercari&utm_medium=cpc&utm_campaign=infeed_test,https://www.kamehouse-db.com/data/kamehouse/product/20251212_392a71.jpeg,50,あり
1456,孫悟飯：青年期(FB08-107/UC),FB08 誇り高き戦闘民族 収録,FB08 誇り高き戦闘民族 > R以下,https://www.kamehouse-db.com/product/1456,https://www.kamehouse-db.com/product/1456?utm_source=mercari&utm_medium=cpc&utm_campaign=infeed_test,https://www.kamehouse-db.com/data/kamehouse/product/20251212_fce5cd.jpeg,50,あり
1455,孫悟飯(FB08-105/C),FB08 誇り高き戦闘民族 収録,FB08 誇り高き戦闘民族 > R以下,https://www.kamehouse-db.com/product/1455,https://www.kamehouse-db.com/product/1455?utm_source=mercari&utm_medium=cpc&utm_campaign=infeed_test,https://www.kamehouse-db.com/data/kamehouse/product/20251212_89e512.jpeg,50,あり
1454,孫悟天(FB08-104/UC),FB08 誇り高き戦闘民族 収録,FB08 誇り高き戦闘民族 > R以下,https://www.kamehouse-db.com/product/1454,https://www.kamehouse-db.com/product/1454?utm_source=mercari&utm_medium=cpc&utm_campaign=infeed_test,https://www.kamehouse-db.com/data/kamehouse/product/20251212_6e7879.jpeg,80,あり
1453,孫悟空：少年期(FB08-103/R),FB08 誇り高き戦闘民族 収録,FB08 誇り高き戦闘民族 > R以下,https://www.kamehouse-db.com/product/1453,https://www.kamehouse-db.com/product/1453?utm_source=mercari&utm_medium=cpc&utm_campaign=infeed_test,https://www.kamehouse-db.com/data/kamehouse/product/20251212_9e1c1b.jpeg,80,あり
1452,孫悟空Jr.(FB08-102/R),FB08 誇り高き戦闘民族 収録,FB08 誇り高き戦闘民族 > R以下,https://www.kamehouse-db.com/product/1452,https://www.kamehouse-db.com/product/1452?utm_source=mercari&utm_medium=cpc&utm_campaign=infeed_test,https://www.kamehouse-db.com/data/kamehouse/product/20251212_0f3a51.jpeg,80,あり
1451,孫悟空：GT(FB08-101/R),FB08 誇り高き戦闘民族 収録,FB08 誇り高き戦闘民族 > R以下,https://www.kamehouse-db.com/product/1451,https://www.kamehouse-db.com/product/1451?utm_source=mercari&utm_medium=cpc&utm_campaign=infeed_test,https://www.kamehouse-db.com/data/kamehouse/product/20251212_35796b.jpeg,120,あり
1450,ギネ：BR(FB08-099/C),FB08 誇り高き戦闘民族 収録,FB08 誇り高き戦闘民族 > R以下,https://www.kamehouse-db.com/product/1450,https://www.kamehouse-db.com/product/1450?utm_source=mercari&utm_medium=cpc&utm_campaign=infeed_test,https://www.kamehouse-db.com/data/kamehouse/product/20251212_63edbb.jpeg,50,あり
1449,カカロット(FB08-098/C),FB08 誇り高き戦闘民族 収録,FB08 誇り高き戦闘民族 > R以下,https://www.kamehouse-db.com/product/1449,https://www.kamehouse-db.com/product/1449?utm_source=mercari&utm_medium=cpc&utm_campaign=infeed_test,https://www.kamehouse-db.com/data/kamehouse/product/20251212_323915.jpeg,50,あり
1448,孫悟空Jr.(FB08-097/L),FB08 誇り高き戦闘民族 収録,FB08 誇り高き戦闘民族 > R以下,https://www.kamehouse-db.com/product/1448,https://www.kamehouse-db.com/product/1448?utm_source=mercari&utm_medium=cpc&utm_campaign=infeed_test,https://www.kamehouse-db.com/data/kamehouse/product/20251212_88a89e.jpeg,120,あり
1447,偉大な潜在パワー(FB08-096/UC),FB08 誇り高き戦闘民族 収録,FB08 誇り高き戦闘民族 > R以下,https://www.kamehouse-db.com/product/1447,https://www.kamehouse-db.com/product/1447?utm_source=mercari&utm_medium=cpc&utm_campaign=infeed_test,https://www.kamehouse-db.com/data/kamehouse/product/20251212_e9f844.jpeg,50,あり
1446,悪魔の復活(FB08-095/R),FB08 誇り高き戦闘民族 収録,FB08 誇り高き戦闘民族 > R以下,https://www.kamehouse-db.com/product/1446,https://www.kamehouse-db.com/product/1446?utm_source=mercari&utm_medium=cpc&utm_campaign=infeed_test,https://www.kamehouse-db.com/data/kamehouse/product/20251212_5f0ee1.jpeg,50,あり
1445,ラディッツ(FB08-094/UC),FB08 誇り高き戦闘民族 収録,FB08 誇り高き戦闘民族 > R以下,https://www.kamehouse-db.com/product/1445,https://www.kamehouse-db.com/product/1445?utm_source=mercari&utm_medium=cpc&utm_campaign=infeed_test,https://www.kamehouse-db.com/data/kamehouse/product/20251212_54bdde.jpeg,50,あり
1444,モア(FB08-093/C),FB08 誇り高き戦闘民族 収録,FB08 誇り高き戦闘民族 > R以下,https://www.kamehouse-db.com/product/1444,https://www.kamehouse-db.com/product/1444?utm_source=mercari&utm_medium=cpc&utm_campaign=infeed_test,https://www.kamehouse-db.com/data/kamehouse/product/20251212_2064d7.jpeg,50,あり
1443,ベジータ王(FB08-091/R),FB08 誇り高き戦闘民族 収録,FB08 誇り高き戦闘民族 > R以下,https://www.kamehouse-db.com/product/1443,https://www.kamehouse-db.com/product/1443?utm_source=mercari&utm_medium=cpc&utm_campaign=infeed_test,https://www.kamehouse-db.com/data/kamehouse/product/20251212_89749a.jpeg,270,あり
1442,ベジータ(FB08-090/R),FB08 誇り高き戦闘民族 収録,FB08 誇り高き戦闘民族 > R以下,https://www.kamehouse-db.com/product/1442,https://www.kamehouse-db.com/product/1442?utm_source=mercari&utm_medium=cpc&utm_campaign=infeed_test,https://www.kamehouse-db.com/data/kamehouse/product/20251212_586f80.jpeg,120,あり
1441,ベジータ(FB08-089/R),FB08 誇り高き戦闘民族 収録,FB08 誇り高き戦闘民族 > R以下,https://www.kamehouse-db.com/product/1441,https://www.kamehouse-db.com/product/1441?utm_source=mercari&utm_medium=cpc&utm_campaign=infeed_test,https://www.kamehouse-db.com/data/kamehouse/product/20251212_8917de.jpeg,50,あり
1439,ブロリー(FB08-086/R),FB08 誇り高き戦闘民族 収録,FB08 誇り高き戦闘民族 > R以下,https://www.kamehouse-db.com/product/1439,https://www.kamehouse-db.com/product/1439?utm_source=mercari&utm_medium=cpc&utm_campaign=infeed_test,https://www.kamehouse-db.com/data/kamehouse/product/20251212_e613e7.jpeg,80,あり
1437,パラガス(FB08-083/C),FB08 誇り高き戦闘民族 収録,FB08 誇り高き戦闘民族 > R以下,https://www.kamehouse-db.com/product/1437,https://www.kamehouse-db.com/product/1437?utm_source=mercari&utm_medium=cpc&utm_campaign=infeed_test,https://www.kamehouse-db.com/data/kamehouse/product/20251212_1e19c3.jpeg,50,あり
1436,パラガス(FB08-082/C),FB08 誇り高き戦闘民族 収録,FB08 誇り高き戦闘民族 > R以下,https://www.kamehouse-db.com/product/1436,https://www.kamehouse-db.com/product/1436?utm_source=mercari&utm_medium=cpc&utm_campaign=infeed_test,https://www.kamehouse-db.com/data/kamehouse/product/20251212_5b6d40.jpeg,50,あり
1435,バイオブロリー(FB08-081/UC),FB08 誇り高き戦闘民族 収録,FB08 誇り高き戦闘民族 > R以下,https://www.kamehouse-db.com/product/1435,https://www.kamehouse-db.com/product/1435?utm_source=mercari&utm_medium=cpc&utm_campaign=infeed_test,https://www.kamehouse-db.com/data/kamehouse/product/20251212_3cb221.jpeg,50,あり
1434,ナッパ：青年期(FB08-080/C),FB08 誇り高き戦闘民族 収録,FB08 誇り高き戦闘民族 > R以下,https://www.kamehouse-db.com/product/1434,https://www.kamehouse-db.com/product/1434?utm_source=mercari&utm_medium=cpc&utm_campaign=infeed_test,https://www.kamehouse-db.com/data/kamehouse/product/20251212_b33857.jpeg,50,あり
1433,ナッパ(FB08-079/C),FB08 誇り高き戦闘民族 収録,FB08 誇り高き戦闘民族 > R以下,https://www.kamehouse-db.com/product/1433,https://www.kamehouse-db.com/product/1433?utm_source=mercari&utm_medium=cpc&utm_campaign=infeed_test,https://www.kamehouse-db.com/data/kamehouse/product/20251212_c7f56c.jpeg,50,あり
1432,ナタデ村の祈祷師(FB08-078/C),FB08 誇り高き戦闘民族 収録,FB08 誇り高き戦闘民族 > R以下,https://www.kamehouse-db.com/product/1432,https://www.kamehouse-db.com/product/1432?utm_source=mercari&utm_medium=cpc&utm_campaign=infeed_test,https://www.kamehouse-db.com/data/kamehouse/product/20251212_e27bf5.jpeg,50,あり
1431,孫悟空(FB08-077/UC),FB08 誇り高き戦闘民族 収録,FB08 誇り高き戦闘民族 > R以下,https://www.kamehouse-db.com/product/1431,https://www.kamehouse-db.com/product/1431?utm_source=mercari&utm_medium=cpc&utm_campaign=infeed_test,https://www.kamehouse-db.com/data/kamehouse/product/20251212_ab4ca7.jpeg,50,あり
1429,ウイス(FB08-075/C),FB08 誇り高き戦闘民族 収録,FB08 誇り高き戦闘民族 > R以下,https://www.kamehouse-db.com/product/1429,https://www.kamehouse-db.com/product/1429?utm_source=mercari&utm_medium=cpc&utm_campaign=infeed_test,https://www.kamehouse-db.com/data/kamehouse/product/20251212_e14b1a.jpeg,80,あり
1428,アンゴル(FB08-074/C),FB08 誇り高き戦闘民族 収録,FB08 誇り高き戦闘民族 > R以下,https://www.kamehouse-db.com/product/1428,https://www.kamehouse-db.com/product/1428?utm_source=mercari&utm_medium=cpc&utm_campaign=infeed_test,https://www.kamehouse-db.com/data/kamehouse/product/20251212_76b418.jpeg,50,あり
1427,ブロリー(FB08-073/L),FB08 誇り高き戦闘民族 収録,FB08 誇り高き戦闘民族 > R以下,https://www.kamehouse-db.com/product/1427,https://www.kamehouse-db.com/product/1427?utm_source=mercari&utm_medium=cpc&utm_campaign=infeed_test,https://www.kamehouse-db.com/data/kamehouse/product/20251212_5d3c98.jpeg,80,あり
1426,神精樹の実(FB08-072/R),FB08 誇り高き戦闘民族 収録,FB08 誇り高き戦闘民族 > R以下,https://www.kamehouse-db.com/product/1426,https://www.kamehouse-db.com/product/1426?utm_source=mercari&utm_medium=cpc&utm_campaign=infeed_test,https://www.kamehouse-db.com/data/kamehouse/product/20251212_77c3a4.jpeg,270,あり
1425,神精樹(FB08-071/R),FB08 誇り高き戦闘民族 収録,FB08 誇り高き戦闘民族 > R以下,https://www.kamehouse-db.com/product/1425,https://www.kamehouse-db.com/product/1425?utm_source=mercari&utm_medium=cpc&utm_campaign=infeed_test,https://www.kamehouse-db.com/data/kamehouse/product/20251212_b1f66d.jpeg,80,あり
1424,キルドライバー(FB08-070/C),FB08 誇り高き戦闘民族 収録,FB08 誇り高き戦闘民族 > R以下,https://www.kamehouse-db.com/product/1424,https://www.kamehouse-db.com/product/1424?utm_source=mercari&utm_medium=cpc&utm_campaign=infeed_test,https://www.kamehouse-db.com/data/kamehouse/product/20251212_b72316.jpeg,80,あり
1423,脅威の完全体(FB08-069/C),FB08 誇り高き戦闘民族 収録,FB08 誇り高き戦闘民族 > R以下,https://www.kamehouse-db.com/product/1423,https://www.kamehouse-db.com/product/1423?utm_source=mercari&utm_medium=cpc&utm_campaign=infeed_test,https://www.kamehouse-db.com/data/kamehouse/product/20251212_989a8f.jpeg,50,あり
1422,レズン(FB08-068/UC),FB08 誇り高き戦闘民族 収録,FB08 誇り高き戦闘民族 > R以下,https://www.kamehouse-db.com/product/1422,https://www.kamehouse-db.com/product/1422?utm_source=mercari&utm_medium=cpc&utm_campaign=infeed_test,https://www.kamehouse-db.com/data/kamehouse/product/20251212_70a370.jpeg,120,あり
1420,ヤムチャ(FB08-066/C),FB08 誇り高き戦闘民族 収録,FB08 誇り高き戦闘民族 > R以下,https://www.kamehouse-db.com/product/1420,https://www.kamehouse-db.com/product/1420?utm_source=mercari&utm_medium=cpc&utm_campaign=infeed_test,https://www.kamehouse-db.com/data/kamehouse/product/20251212_36e4e9.jpeg,50,あり
1419,ピッコロ(FB08-065/UC),FB08 誇り高き戦闘民族 収録,FB08 誇り高き戦闘民族 > R以下,https://www.kamehouse-db.com/product/1419,https://www.kamehouse-db.com/product/1419?utm_source=mercari&utm_medium=cpc&utm_campaign=infeed_test,https://www.kamehouse-db.com/data/kamehouse/product/20251212_8f099b.jpeg,110,あり
1418,ピッコロ(FB08-064/C),FB08 誇り高き戦闘民族 収録,FB08 誇り高き戦闘民族 > R以下,https://www.kamehouse-db.com/product/1418,https://www.kamehouse-db.com/product/1418?utm_source=mercari&utm_medium=cpc&utm_campaign=infeed_test,https://www.kamehouse-db.com/data/kamehouse/product/20251212_17ea88.jpeg,50,あり
1417,ハイヤードラゴン(FB08-063/C),FB08 誇り高き戦闘民族 収録,FB08 誇り高き戦闘民族 > R以下,https://www.kamehouse-db.com/product/1417,https://www.kamehouse-db.com/product/1417?utm_source=mercari&utm_medium=cpc&utm_campaign=infeed_test,https://www.kamehouse-db.com/data/kamehouse/product/20251212_51d3fc.jpeg,50,あり
1416,天津飯(FB08-062/C),FB08 誇り高き戦闘民族 収録,FB08 誇り高き戦闘民族 > R以下,https://www.kamehouse-db.com/product/1416,https://www.kamehouse-db.com/product/1416?utm_source=mercari&utm_medium=cpc&utm_campaign=infeed_test,https://www.kamehouse-db.com/data/kamehouse/product/20251212_fa25c6.jpeg,50,あり
1415,餃子(FB08-061/C),FB08 誇り高き戦闘民族 収録,FB08 誇り高き戦闘民族 > R以下,https://www.kamehouse-db.com/product/1415,https://www.kamehouse-db.com/product/1415?utm_source=mercari&utm_medium=cpc&utm_campaign=infeed_test,https://www.kamehouse-db.com/data/kamehouse/product/20251212_cf84eb.jpeg,50,あり
1414,ダイーズ(FB08-060/UC),FB08 誇り高き戦闘民族 収録,FB08 誇り高き戦闘民族 > R以下,https://www.kamehouse-db.com/product/1414,https://www.kamehouse-db.com/product/1414?utm_source=mercari&utm_medium=cpc&utm_campaign=infeed_test,https://www.kamehouse-db.com/data/kamehouse/product/20251212_522f84.jpeg,80,あり
1413,ターレス(FB08-058/R),FB08 誇り高き戦闘民族 収録,FB08 誇り高き戦闘民族 > R以下,https://www.kamehouse-db.com/product/1413,https://www.kamehouse-db.com/product/1413?utm_source=mercari&utm_medium=cpc&utm_campaign=infeed_test,https://www.kamehouse-db.com/data/kamehouse/product/20251212_b1226a.jpeg,80,あり
1412,ターレス(FB08-057/R),FB08 誇り高き戦闘民族 収録,FB08 誇り高き戦闘民族 > R以下,https://www.kamehouse-db.com/product/1412,https://www.kamehouse-db.com/product/1412?utm_source=mercari&utm_medium=cpc&utm_campaign=infeed_test,https://www.kamehouse-db.com/data/kamehouse/product/20251212_4403b4.jpeg,80,あり
1411,孫悟飯：幼年期(FB08-056/R),FB08 誇り高き戦闘民族 収録,FB08 誇り高き戦闘民族 > R以下,https://www.kamehouse-db.com/product/1411,https://www.kamehouse-db.com/product/1411?utm_source=mercari&utm_medium=cpc&utm_campaign=infeed_test,https://www.kamehouse-db.com/data/kamehouse/product/20251212_ef1593.jpeg,280,あり
1410,セル(FB08-054/R),FB08 誇り高き戦闘民族 収録,FB08 誇り高き戦闘民族 > R以下,https://www.kamehouse-db.com/product/1410,https://www.kamehouse-db.com/product/1410?utm_source=mercari&utm_medium=cpc&utm_campaign=infeed_test,https://www.kamehouse-db.com/data/kamehouse/product/20251212_b548f8.jpeg,120,あり
1409,クリリン(FB08-053/C),FB08 誇り高き戦闘民族 収録,FB08 誇り高き戦闘民族 > R以下,https://www.kamehouse-db.com/product/1409,https://www.kamehouse-db.com/product/1409?utm_source=mercari&utm_medium=cpc&utm_campaign=infeed_test,https://www.kamehouse-db.com/data/kamehouse/product/20251212_6889ae.jpeg,50,あり
1408,カカオ(FB08-052/UC),FB08 誇り高き戦闘民族 収録,FB08 誇り高き戦闘民族 > R以下,https://www.kamehouse-db.com/product/1408,https://www.kamehouse-db.com/product/1408?utm_source=mercari&utm_medium=cpc&utm_campaign=infeed_test,https://www.kamehouse-db.com/data/kamehouse/product/20251212_8bc506.jpeg,50,あり
1407,アモンド(FB08-050/UC),FB08 誇り高き戦闘民族 収録,FB08 誇り高き戦闘民族 > R以下,https://www.kamehouse-db.com/product/1407,https://www.kamehouse-db.com/product/1407?utm_source=mercari&utm_medium=cpc&utm_campaign=infeed_test,https://www.kamehouse-db.com/data/kamehouse/product/20251212_da9cba.jpeg,50,あり
1406,ターレス(FB08-049/L),FB08 誇り高き戦闘民族 収録,FB08 誇り高き戦闘民族 > R以下,https://www.kamehouse-db.com/product/1406,https://www.kamehouse-db.com/product/1406?utm_source=mercari&utm_medium=cpc&utm_campaign=infeed_test,https://www.kamehouse-db.com/data/kamehouse/product/20251212_dae990.jpeg,80,あり
1405,強さへの渇望(FB08-048/R),FB08 誇り高き戦闘民族 収録,FB08 誇り高き戦闘民族 > R以下,https://www.kamehouse-db.com/product/1405,https://www.kamehouse-db.com/product/1405?utm_source=mercari&utm_medium=cpc&utm_campaign=infeed_test,https://www.kamehouse-db.com/data/kamehouse/product/20251212_cc45d0.jpeg,50,あり
1404,シャンパの野次(FB08-047/UC),FB08 誇り高き戦闘民族 収録,FB08 誇り高き戦闘民族 > R以下,https://www.kamehouse-db.com/product/1404,https://www.kamehouse-db.com/product/1404?utm_source=mercari&utm_medium=cpc&utm_campaign=infeed_test,https://www.kamehouse-db.com/data/kamehouse/product/20251212_0b7dc0.jpeg,50,あり
1403,レンソウ(FB08-046/C),FB08 誇り高き戦闘民族 収録,FB08 誇り高き戦闘民族 > R以下,https://www.kamehouse-db.com/product/1403,https://www.kamehouse-db.com/product/1403?utm_source=mercari&utm_medium=cpc&utm_campaign=infeed_test,https://www.kamehouse-db.com/data/kamehouse/product/20251212_0f8092.jpeg,120,あり
1402,マゲッタ(FB08-045/C),FB08 誇り高き戦闘民族 収録,FB08 誇り高き戦闘民族 > R以下,https://www.kamehouse-db.com/product/1402,https://www.kamehouse-db.com/product/1402?utm_source=mercari&utm_medium=cpc&utm_campaign=infeed_test,https://www.kamehouse-db.com/data/kamehouse/product/20251212_e8e8df.jpeg,50,あり
1401,ボタモ(FB08-044/C),FB08 誇り高き戦闘民族 収録,FB08 誇り高き戦闘民族 > R以下,https://www.kamehouse-db.com/product/1401,https://www.kamehouse-db.com/product/1401?utm_source=mercari&utm_medium=cpc&utm_campaign=infeed_test,https://www.kamehouse-db.com/data/kamehouse/product/20251212_e74d6e.jpeg,50,あり
1400,フワ(FB08-043/C),FB08 誇り高き戦闘民族 収録,FB08 誇り高き戦闘民族 > R以下,https://www.kamehouse-db.com/product/1400,https://www.kamehouse-db.com/product/1400?utm_source=mercari&utm_medium=cpc&utm_campaign=infeed_test,https://www.kamehouse-db.com/data/kamehouse/product/20251212_c1e4c7.jpeg,50,あり
1399,フロスト(FB08-042/UC),FB08 誇り高き戦闘民族 収録,FB08 誇り高き戦闘民族 > R以下,https://www.kamehouse-db.com/product/1399,https://www.kamehouse-db.com/product/1399?utm_source=mercari&utm_medium=cpc&utm_campaign=infeed_test,https://www.kamehouse-db.com/data/kamehouse/product/20251212_bc2164.jpeg,50,あり
1398,ピリナ(FB08-041/C),FB08 誇り高き戦闘民族 収録,FB08 誇り高き戦闘民族 > R以下,https://www.kamehouse-db.com/product/1398,https://www.kamehouse-db.com/product/1398?utm_source=mercari&utm_medium=cpc&utm_campaign=infeed_test,https://www.kamehouse-db.com/data/kamehouse/product/20251212_b64757.jpeg,50,あり
1397,ヒット(FB08-040/R),FB08 誇り高き戦闘民族 収録,FB08 誇り高き戦闘民族 > R以下,https://www.kamehouse-db.com/product/1397,https://www.kamehouse-db.com/product/1397?utm_source=mercari&utm_medium=cpc&utm_campaign=infeed_test,https://www.kamehouse-db.com/data/kamehouse/product/20251212_341f02.jpeg,120,あり
1396,ピッコロ(FB08-039/UC),FB08 誇り高き戦闘民族 収録,FB08 誇り高き戦闘民族 > R以下,https://www.kamehouse-db.com/product/1396,https://www.kamehouse-db.com/product/1396?utm_source=mercari&utm_medium=cpc&utm_campaign=infeed_test,https://www.kamehouse-db.com/data/kamehouse/product/20251212_a6549e.jpeg,80,あり
1395,Dr.ロタ(FB08-038/C),FB08 誇り高き戦闘民族 収録,FB08 誇り高き戦闘民族 > R以下,https://www.kamehouse-db.com/product/1395,https://www.kamehouse-db.com/product/1395?utm_source=mercari&utm_medium=cpc&utm_campaign=infeed_test,https://www.kamehouse-db.com/data/kamehouse/product/20251212_3617be.jpeg,50,あり
1394,シャンパ(FB08-037/R),FB08 誇り高き戦闘民族 収録,FB08 誇り高き戦闘民族 > R以下,https://www.kamehouse-db.com/product/1394,https://www.kamehouse-db.com/product/1394?utm_source=mercari&utm_medium=cpc&utm_campaign=infeed_test,https://www.kamehouse-db.com/data/kamehouse/product/20251212_3208a2.jpeg,120,あり
1393,サオネル(FB08-036/C),FB08 誇り高き戦闘民族 収録,FB08 誇り高き戦闘民族 > R以下,https://www.kamehouse-db.com/product/1393,https://www.kamehouse-db.com/product/1393?utm_source=mercari&utm_medium=cpc&utm_campaign=infeed_test,https://www.kamehouse-db.com/data/kamehouse/product/20251212_37f201.jpeg,50,あり
1392,ゴテンクス(FB08-035/R),FB08 誇り高き戦闘民族 収録,FB08 誇り高き戦闘民族 > R以下,https://www.kamehouse-db.com/product/1392,https://www.kamehouse-db.com/product/1392?utm_source=mercari&utm_medium=cpc&utm_campaign=infeed_test,https://www.kamehouse-db.com/data/kamehouse/product/20251212_200ed6.jpeg,80,あり
1391,ケフラ(FB08-033/R),FB08 誇り高き戦闘民族 収録,FB08 誇り高き戦闘民族 > R以下,https://www.kamehouse-db.com/product/1391,https://www.kamehouse-db.com/product/1391?utm_source=mercari&utm_medium=cpc&utm_campaign=infeed_test,https://www.kamehouse-db.com/data/kamehouse/product/20251212_dd0784.jpeg,80,あり
1390,ケール(FB08-031/UC),FB08 誇り高き戦闘民族 収録,FB08 誇り高き戦闘民族 > R以下,https://www.kamehouse-db.com/product/1390,https://www.kamehouse-db.com/product/1390?utm_source=mercari&utm_medium=cpc&utm_campaign=infeed_test,https://www.kamehouse-db.com/data/kamehouse/product/20251212_802adc.jpeg,80,あり
1389,ケール(FB08-030/C),FB08 誇り高き戦闘民族 収録,FB08 誇り高き戦闘民族 > R以下,https://www.kamehouse-db.com/product/1389,https://www.kamehouse-db.com/product/1389?utm_source=mercari&utm_medium=cpc&utm_campaign=infeed_test,https://www.kamehouse-db.com/data/kamehouse/product/20251212_9620e9.jpeg,50,あり
1388,キャベ(FB08-028/UC),FB08 誇り高き戦闘民族 収録,FB08 誇り高き戦闘民族 > R以下,https://www.kamehouse-db.com/product/1388,https://www.kamehouse-db.com/product/1388?utm_source=mercari&utm_medium=cpc&utm_campaign=infeed_test,https://www.kamehouse-db.com/data/kamehouse/product/20251212_3715f3.jpeg,50,あり
1387,カリフラ(FB08-027/R),FB08 誇り高き戦闘民族 収録,FB08 誇り高き戦闘民族 > R以下,https://www.kamehouse-db.com/product/1387,https://www.kamehouse-db.com/product/1387?utm_source=mercari&utm_medium=cpc&utm_campaign=infeed_test,https://www.kamehouse-db.com/data/kamehouse/product/20251212_a4db25.jpeg,80,あり
1386,ヴァドス(FB08-026/UC),FB08 誇り高き戦闘民族 収録,FB08 誇り高き戦闘民族 > R以下,https://www.kamehouse-db.com/product/1386,https://www.kamehouse-db.com/product/1386?utm_source=mercari&utm_medium=cpc&utm_campaign=infeed_test,https://www.kamehouse-db.com/data/kamehouse/product/20251212_e18743.jpeg,80,あり
1385,カリフラ(FB08-025/L),FB08 誇り高き戦闘民族 収録,FB08 誇り高き戦闘民族 > R以下,https://www.kamehouse-db.com/product/1385,https://www.kamehouse-db.com/product/1385?utm_source=mercari&utm_medium=cpc&utm_campaign=infeed_test,https://www.kamehouse-db.com/data/kamehouse/product/20251212_52e0c7.jpeg,80,あり
1384,運命の糸(FB08-024/R),FB08 誇り高き戦闘民族 収録,FB08 誇り高き戦闘民族 > R以下,https://www.kamehouse-db.com/product/1384,https://www.kamehouse-db.com/product/1384?utm_source=mercari&utm_medium=cpc&utm_campaign=infeed_test,https://www.kamehouse-db.com/data/kamehouse/product/20251212_9416f5.jpeg,80,あり
1383,ミスター・サタン(FB08-023/UC),FB08 誇り高き戦闘民族 収録,FB08 誇り高き戦闘民族 > R以下,https://www.kamehouse-db.com/product/1383,https://www.kamehouse-db.com/product/1383?utm_source=mercari&utm_medium=cpc&utm_campaign=infeed_test,https://www.kamehouse-db.com/data/kamehouse/product/20251212_4c6357.jpeg,50,あり
1382,ベジータ(FB08-022/UC),FB08 誇り高き戦闘民族 収録,FB08 誇り高き戦闘民族 > R以下,https://www.kamehouse-db.com/product/1382,https://www.kamehouse-db.com/product/1382?utm_source=mercari&utm_medium=cpc&utm_campaign=infeed_test,https://www.kamehouse-db.com/data/kamehouse/product/20251212_37e6d6.jpeg,50,あり
1381,ベジータ(FB08-021/R),FB08 誇り高き戦闘民族 収録,FB08 誇り高き戦闘民族 > R以下,https://www.kamehouse-db.com/product/1381,https://www.kamehouse-db.com/product/1381?utm_source=mercari&utm_medium=cpc&utm_campaign=infeed_test,https://www.kamehouse-db.com/data/kamehouse/product/20251212_e24520.jpeg,80,あり
1380,ピッコロ(FB08-020/C),FB08 誇り高き戦闘民族 収録,FB08 誇り高き戦闘民族 > R以下,https://www.kamehouse-db.com/product/1380,https://www.kamehouse-db.com/product/1380?utm_source=mercari&utm_medium=cpc&utm_campaign=infeed_test,https://www.kamehouse-db.com/data/kamehouse/product/20251212_4329c8.jpeg,50,あり
1379,ビーデル(FB08-019/R),FB08 誇り高き戦闘民族 収録,FB08 誇り高き戦闘民族 > R以下,https://www.kamehouse-db.com/product/1379,https://www.kamehouse-db.com/product/1379?utm_source=mercari&utm_medium=cpc&utm_campaign=infeed_test,https://www.kamehouse-db.com/data/kamehouse/product/20251212_539884.jpeg,120,あり
1378,ビーデル(FB08-018/C),FB08 誇り高き戦闘民族 収録,FB08 誇り高き戦闘民族 > R以下,https://www.kamehouse-db.com/product/1378,https://www.kamehouse-db.com/product/1378?utm_source=mercari&utm_medium=cpc&utm_campaign=infeed_test,https://www.kamehouse-db.com/data/kamehouse/product/20251212_419654.jpeg,50,あり
1377,ナタデ村の村長(FB08-017/C),FB08 誇り高き戦闘民族 収録,FB08 誇り高き戦闘民族 > R以下,https://www.kamehouse-db.com/product/1377,https://www.kamehouse-db.com/product/1377?utm_source=mercari&utm_medium=cpc&utm_campaign=infeed_test,https://www.kamehouse-db.com/data/kamehouse/product/20251212_de95b9.jpeg,50,あり
1376,トランクス：幼年期(FB08-016/UC),FB08 誇り高き戦闘民族 収録,FB08 誇り高き戦闘民族 > R以下,https://www.kamehouse-db.com/product/1376,https://www.kamehouse-db.com/product/1376?utm_source=mercari&utm_medium=cpc&utm_campaign=infeed_test,https://www.kamehouse-db.com/data/kamehouse/product/20251212_7e5653.jpeg,80,あり
1375,トランクス：幼年期(FB08-015/UC),FB08 誇り高き戦闘民族 収録,FB08 誇り高き戦闘民族 > R以下,https://www.kamehouse-db.com/product/1375,https://www.kamehouse-db.com/product/1375?utm_source=mercari&utm_medium=cpc&utm_campaign=infeed_test,https://www.kamehouse-db.com/data/kamehouse/product/20251212_53ee11.jpeg,50,あり
1374,トランクス：未来(FB08-014/UC),FB08 誇り高き戦闘民族 収録,FB08 誇り高き戦闘民族 > R以下,https://www.kamehouse-db.com/product/1374,https://www.kamehouse-db.com/product/1374?utm_source=mercari&utm_medium=cpc&utm_campaign=infeed_test,https://www.kamehouse-db.com/data/kamehouse/product/20251212_81b8a1.jpeg,50,あり
1373,孫悟飯：未来(FB08-013/R),FB08 誇り高き戦闘民族 収録,FB08 誇り高き戦闘民族 > R以下,https://www.kamehouse-db.com/product/1373,https://www.kamehouse-db.com/product/1373?utm_source=mercari&utm_medium=cpc&utm_campaign=infeed_test,https://www.kamehouse-db.com/data/kamehouse/product/20251212_b90975.jpeg,80,あり
1372,孫悟飯：青年期(FB08-011/R),FB08 誇り高き戦闘民族 収録,FB08 誇り高き戦闘民族 > R以下,https://www.kamehouse-db.com/product/1372,https://www.kamehouse-db.com/product/1372?utm_source=mercari&utm_medium=cpc&utm_campaign=infeed_test,https://www.kamehouse-db.com/data/kamehouse/product/20251212_8c3c93.jpeg,120,あり
1371,孫悟飯：少年期(FB08-010/C),FB08 誇り高き戦闘民族 収録,FB08 誇り高き戦闘民族 > R以下,https://www.kamehouse-db.com/product/1371,https://www.kamehouse-db.com/product/1371?utm_source=mercari&utm_medium=cpc&utm_campaign=infeed_test,https://www.kamehouse-db.com/data/kamehouse/product/20251212_36cb75.jpeg,120,あり
1369,孫悟空(FB08-006/R),FB08 誇り高き戦闘民族 収録,FB08 誇り高き戦闘民族 > R以下,https://www.kamehouse-db.com/product/1369,https://www.kamehouse-db.com/product/1369?utm_source=mercari&utm_medium=cpc&utm_campaign=infeed_test,https://www.kamehouse-db.com/data/kamehouse/product/20251212_797dc4.jpeg,80,あり
1368,人造人間18号(FB08-005/C),FB08 誇り高き戦闘民族 収録,FB08 誇り高き戦闘民族 > R以下,https://www.kamehouse-db.com/product/1368,https://www.kamehouse-db.com/product/1368?utm_source=mercari&utm_medium=cpc&utm_campaign=infeed_test,https://www.kamehouse-db.com/data/kamehouse/product/20251212_b3411d.jpeg,50,あり
1367,ココ(FB08-004/C),FB08 誇り高き戦闘民族 収録,FB08 誇り高き戦闘民族 > R以下,https://www.kamehouse-db.com/product/1367,https://www.kamehouse-db.com/product/1367?utm_source=mercari&utm_medium=cpc&utm_campaign=infeed_test,https://www.kamehouse-db.com/data/kamehouse/product/20251212_d90817.jpeg,120,あり
1366,クリリン(FB08-003/C),FB08 誇り高き戦闘民族 収録,FB08 誇り高き戦闘民族 > R以下,https://www.kamehouse-db.com/product/1366,https://www.kamehouse-db.com/product/1366?utm_source=mercari&utm_medium=cpc&utm_campaign=infeed_test,https://www.kamehouse-db.com/data/kamehouse/product/20251212_fecebd.jpeg,50,あり
1365,クリリン(FB08-002/UC),FB08 誇り高き戦闘民族 収録,FB08 誇り高き戦闘民族 > R以下,https://www.kamehouse-db.com/product/1365,https://www.kamehouse-db.com/product/1365?utm_source=mercari&utm_medium=cpc&utm_campaign=infeed_test,https://www.kamehouse-db.com/data/kamehouse/product/20251212_58a931.jpeg,50,あり
1364,孫悟飯：青年期(FB08-001/L),FB08 誇り高き戦闘民族 収録,FB08 誇り高き戦闘民族 > R以下,https://www.kamehouse-db.com/product/1364,https://www.kamehouse-db.com/product/1364?utm_source=mercari&utm_medium=cpc&utm_campaign=infeed_test,https://www.kamehouse-db.com/data/kamehouse/product/20251212_be1e44.jpeg,80,あり
1349,孫悟飯：青年期(FP-058/PR☆),【プロモーションカード】 バトルパック MANGA ver. -WINNER- 収録,プロモーションカード > バトルパック-MANGA ver.-,https://www.kamehouse-db.com/product/1349,https://www.kamehouse-db.com/product/1349?utm_source=mercari&utm_medium=cpc&utm_campaign=infeed_test,https://www.kamehouse-db.com/data/kamehouse/product/20251109_8139a9.jpeg,2980,あり
1346,ブルマ(FP-061/PR☆),【プロモーションカード】 バトルパック MANGA ver. -WINNER- 収録,プロモーションカード > バトルパック-MANGA ver.-,https://www.kamehouse-db.com/product/1346,https://www.kamehouse-db.com/product/1346?utm_source=mercari&utm_medium=cpc&utm_campaign=infeed_test,https://www.kamehouse-db.com/data/kamehouse/product/20251109_56f5d3.jpeg,31160,あり
1345,孫悟飯：少年期(FP-057/PR),【プロモーションカード】 バトルパック MANGA ver. 収録,プロモーションカード > バトルパック-MANGA ver.-,https://www.kamehouse-db.com/product/1345,https://www.kamehouse-db.com/product/1345?utm_source=mercari&utm_medium=cpc&utm_campaign=infeed_test,https://www.kamehouse-db.com/data/kamehouse/product/20251109_4db80b.jpeg,270,あり
1333,ブルー将軍(SB02-059/UC☆/MANGA),リミテッドパックMANGA ver.02 収録,プロモーションカード > リミテッドパック-MANGA ver.-,https://www.kamehouse-db.com/product/1333,https://www.kamehouse-db.com/product/1333?utm_source=mercari&utm_medium=cpc&utm_campaign=infeed_test,https://www.kamehouse-db.com/data/kamehouse/product/20251109_67efb1.jpeg,4740,あり
1301,10巻表紙(E-73),SB02 MANGA BOOSTER 02 収録,SB02 MANGA BOOSTER 02 > エナジーマーカー,https://www.kamehouse-db.com/product/1301,https://www.kamehouse-db.com/product/1301?utm_source=mercari&utm_medium=cpc&utm_campaign=infeed_test,https://www.kamehouse-db.com/data/kamehouse/product/20251108_3b4449.jpeg,39500,あり
1284,42巻表紙(E-90),SB02 MANGA BOOSTER 02 収録,SB02 MANGA BOOSTER 02 > エナジーマーカー,https://www.kamehouse-db.com/product/1284,https://www.kamehouse-db.com/product/1284?utm_source=mercari&utm_medium=cpc&utm_campaign=infeed_test,https://www.kamehouse-db.com/data/kamehouse/product/20251108_d10b86.jpeg,74500,あり
1282,トランクス：未来(SB02-012/SR),SB02 MANGA BOOSTER 02 収録,SB02 MANGA BOOSTER 02 > SR,https://www.kamehouse-db.com/product/1282,https://www.kamehouse-db.com/product/1282?utm_source=mercari&utm_medium=cpc&utm_campaign=infeed_test,https://www.kamehouse-db.com/data/kamehouse/product/20251108_7e6ceb.jpeg,270,あり
1281,ゴテンクス(SB02-022/SR),SB02 MANGA BOOSTER 02 収録,SB02 MANGA BOOSTER 02 > SR,https://www.kamehouse-db.com/product/1281,https://www.kamehouse-db.com/product/1281?utm_source=mercari&utm_medium=cpc&utm_campaign=infeed_test,https://www.kamehouse-db.com/data/kamehouse/product/20251108_9ea6de.jpeg,260,あり
1278,ピッコロ(SB02-043/SR),SB02 MANGA BOOSTER 02 収録,SB02 MANGA BOOSTER 02 > SR,https://www.kamehouse-db.com/product/1278,https://www.kamehouse-db.com/product/1278?utm_source=mercari&utm_medium=cpc&utm_campaign=infeed_test,https://www.kamehouse-db.com/data/kamehouse/product/20251108_acbeb0.jpeg,80,あり
1276,フリーザ(SB02-054/SR),SB02 MANGA BOOSTER 02 収録,SB02 MANGA BOOSTER 02 > SR,https://www.kamehouse-db.com/product/1276,https://www.kamehouse-db.com/product/1276?utm_source=mercari&utm_medium=cpc&utm_campaign=infeed_test,https://www.kamehouse-db.com/data/kamehouse/product/20251108_8866e2.jpeg,210,あり
1275,桃白白(SB02-056/SR),SB02 MANGA BOOSTER 02 収録,SB02 MANGA BOOSTER 02 > SR,https://www.kamehouse-db.com/product/1275,https://www.kamehouse-db.com/product/1275?utm_source=mercari&utm_medium=cpc&utm_campaign=infeed_test,https://www.kamehouse-db.com/data/kamehouse/product/20251108_7eaff7.jpeg,80,あり
1274,ピッコロ大魔王(SB02-058/SR),SB02 MANGA BOOSTER 02 収録,SB02 MANGA BOOSTER 02 > SR,https://www.kamehouse-db.com/product/1274,https://www.kamehouse-db.com/product/1274?utm_source=mercari&utm_medium=cpc&utm_campaign=infeed_test,https://www.kamehouse-db.com/data/kamehouse/product/20251108_2b9dfa.jpeg,180,あり
1273,孫悟空(SB02-004/R☆),SB02 MANGA BOOSTER 02 収録,SB02 MANGA BOOSTER 02 > パラレル,https://www.kamehouse-db.com/product/1273,https://www.kamehouse-db.com/product/1273?utm_source=mercari&utm_medium=cpc&utm_campaign=infeed_test,https://www.kamehouse-db.com/data/kamehouse/product/20251108_5098aa.jpeg,18620,あり
1262,フリーザ(SB02-053/SR☆),SB02 MANGA BOOSTER 02 収録,SB02 MANGA BOOSTER 02 > パラレル,https://www.kamehouse-db.com/product/1262,https://www.kamehouse-db.com/product/1262?utm_source=mercari&utm_medium=cpc&utm_campaign=infeed_test,https://www.kamehouse-db.com/data/kamehouse/product/20251108_4c3539.jpeg,4740,あり
1252,孫悟空(SB02-033/L☆),SB02 MANGA BOOSTER 02 収録,SB02 MANGA BOOSTER 02 > L☆,https://www.kamehouse-db.com/product/1252,https://www.kamehouse-db.com/product/1252?utm_source=mercari&utm_medium=cpc&utm_campaign=infeed_test,https://www.kamehouse-db.com/data/kamehouse/product/20251108_c8e2d6.jpeg,30840,あり
1243,ブロリー:BR(FS03-10/SR☆/アルバト),【プロモーションカード】 アルティメットバトル優勝景品,プロモーションカード > アルティメットバトル,https://www.kamehouse-db.com/product/1243,https://www.kamehouse-db.com/product/1243?utm_source=mercari&utm_medium=cpc&utm_campaign=infeed_test,https://www.kamehouse-db.com/data/kamehouse/product/20241229_67e3f7.JPG,22380,あり
1240,孫悟飯：SH(FP-051/PR),【プロモーションカード】 最強ジャンプ 2025年11月号付録,プロモーションカード > 雑誌付録,https://www.kamehouse-db.com/product/1240,https://www.kamehouse-db.com/product/1240?utm_source=mercari&utm_medium=cpc&utm_campaign=infeed_test,https://www.kamehouse-db.com/data/kamehouse/product/20250930_76a3e4.jpeg,460,あり
1236,グロリオ：DA(E-95☆),エナジーマーカーパック07 収録,エナジーマーカー > エナジーマーカーパック07,https://www.kamehouse-db.com/product/1236,https://www.kamehouse-db.com/product/1236?utm_source=mercari&utm_medium=cpc&utm_campaign=infeed_test,https://www.kamehouse-db.com/data/kamehouse/product/20250930_6ab7e8.jpeg,830,あり
1235,超一星龍(E-96☆),エナジーマーカーパック07 収録,エナジーマーカー > エナジーマーカーパック07,https://www.kamehouse-db.com/product/1235,https://www.kamehouse-db.com/product/1235?utm_source=mercari&utm_medium=cpc&utm_campaign=infeed_test,https://www.kamehouse-db.com/data/kamehouse/product/20250930_005309.jpeg,2270,あり
1234,ピッコロ：SH(E-97☆),エナジーマーカーパック07 収録,エナジーマーカー > エナジーマーカーパック07,https://www.kamehouse-db.com/product/1234,https://www.kamehouse-db.com/product/1234?utm_source=mercari&utm_medium=cpc&utm_campaign=infeed_test,https://www.kamehouse-db.com/data/kamehouse/product/20250930_2941f6.jpeg,1600,あり
1226,人造人間18号(FP-052/PR☆),【プロモーションカード】 バトルパック08 WINNER 収録,プロモーションカード > バトルパック-WINNER-,https://www.kamehouse-db.com/product/1226,https://www.kamehouse-db.com/product/1226?utm_source=mercari&utm_medium=cpc&utm_campaign=infeed_test,https://www.kamehouse-db.com/data/kamehouse/product/20250930_e9b8a1.jpeg,1230,あり
1223,ジース/バータ(FP-055/PR☆),【プロモーションカード】 バトルパック08 WINNER 収録,プロモーションカード > バトルパック-WINNER-,https://www.kamehouse-db.com/product/1223,https://www.kamehouse-db.com/product/1223?utm_source=mercari&utm_medium=cpc&utm_campaign=infeed_test,https://www.kamehouse-db.com/data/kamehouse/product/20250930_4fdab6.jpeg,560,あり
1222,ピッコロ(FP-056/PR☆),【プロモーションカード】 バトルパック08 WINNER 収録,プロモーションカード > バトルパック-WINNER-,https://www.kamehouse-db.com/product/1222,https://www.kamehouse-db.com/product/1222?utm_source=mercari&utm_medium=cpc&utm_campaign=infeed_test,https://www.kamehouse-db.com/data/kamehouse/product/20250930_709cd2.jpeg,580,あり
1221,人造人間18号(FP-052/PR),【プロモーションカード】 バトルパック08 収録,プロモーションカード > バトルパック,https://www.kamehouse-db.com/product/1221,https://www.kamehouse-db.com/product/1221?utm_source=mercari&utm_medium=cpc&utm_campaign=infeed_test,https://www.kamehouse-db.com/data/kamehouse/product/20250930_02770a.jpeg,180,あり
1220,ザマス/ゴクウブラック(FP-053/PR),【プロモーションカード】 バトルパック08 収録,プロモーションカード > バトルパック,https://www.kamehouse-db.com/product/1220,https://www.kamehouse-db.com/product/1220?utm_source=mercari&utm_medium=cpc&utm_campaign=infeed_test,https://www.kamehouse-db.com/data/kamehouse/product/20250930_ad8689.jpeg,370,あり
1217,ピッコロ(FP-056/PR),【プロモーションカード】 バトルパック08 収録,プロモーションカード > バトルパック,https://www.kamehouse-db.com/product/1217,https://www.kamehouse-db.com/product/1217?utm_source=mercari&utm_medium=cpc&utm_campaign=infeed_test,https://www.kamehouse-db.com/data/kamehouse/product/20250930_0f9477.jpeg,180,あり
1213,天空×字拳(FB06-044/UC☆/リミテッド),CS2025-2026 WAVE2 エリア予選 配布 リミテッドパック02収録,プロモーションカード > リミテッドパック,https://www.kamehouse-db.com/product/1213,https://www.kamehouse-db.com/product/1213?utm_source=mercari&utm_medium=cpc&utm_campaign=infeed_test,https://www.kamehouse-db.com/data/kamehouse/product/20250930_9d03f1.jpeg,270,あり
1210,気功砲(SB01-021/UC☆/リミテッド),CS2025-2026 WAVE2 エリア予選 配布 リミテッドパック02収録,プロモーションカード > リミテッドパック,https://www.kamehouse-db.com/product/1210,https://www.kamehouse-db.com/product/1210?utm_source=mercari&utm_medium=cpc&utm_campaign=infeed_test,https://www.kamehouse-db.com/data/kamehouse/product/20250930_207842.jpeg,3890,あり
1209,ナッパ(SB01-024/UC☆/リミテッド),CS2025-2026 WAVE2 エリア予選 配布 リミテッドパック02収録,プロモーションカード > リミテッドパック,https://www.kamehouse-db.com/product/1209,https://www.kamehouse-db.com/product/1209?utm_source=mercari&utm_medium=cpc&utm_campaign=infeed_test,https://www.kamehouse-db.com/data/kamehouse/product/20250930_d55c90.jpeg,750,あり
1207,ウーロン(SB01-047/UC☆/リミテッド),CS2025-2026 WAVE2 エリア予選 配布 リミテッドパック02収録,プロモーションカード > リミテッドパック,https://www.kamehouse-db.com/product/1207,https://www.kamehouse-db.com/product/1207?utm_source=mercari&utm_medium=cpc&utm_campaign=infeed_test,https://www.kamehouse-db.com/data/kamehouse/product/20250930_3d56a5.jpeg,2780,あり
1206,パラパラブラザーズ(FB03-123/UC/リミテッド),CS2025-2026 WAVE2 エリア予選 配布 リミテッドパック02収録,プロモーションカード > リミテッドパック,https://www.kamehouse-db.com/product/1206,https://www.kamehouse-db.com/product/1206?utm_source=mercari&utm_medium=cpc&utm_campaign=infeed_test,https://www.kamehouse-db.com/data/kamehouse/product/20250930_d3b345.jpeg,270,あり
1205,ザンギャ(FB05-076/R/リミテッド),CS2025-2026 WAVE2 エリア予選 配布 リミテッドパック02収録,プロモーションカード > リミテッドパック,https://www.kamehouse-db.com/product/1205,https://www.kamehouse-db.com/product/1205?utm_source=mercari&utm_medium=cpc&utm_campaign=infeed_test,https://www.kamehouse-db.com/data/kamehouse/product/20250930_e7d762.jpeg,270,あり
1204,人造人間18号(FB06-013/C/リミテッド),CS2025-2026 WAVE2 エリア予選 配布 リミテッドパック02収録,プロモーションカード > リミテッドパック,https://www.kamehouse-db.com/product/1204,https://www.kamehouse-db.com/product/1204?utm_source=mercari&utm_medium=cpc&utm_campaign=infeed_test,https://www.kamehouse-db.com/data/kamehouse/product/20250930_0e960b.jpeg,180,あり
1203,天空×字拳(FB06-044/UC/リミテッド),CS2025-2026 WAVE2 エリア予選 配布 リミテッドパック02収録,プロモーションカード > リミテッドパック,https://www.kamehouse-db.com/product/1203,https://www.kamehouse-db.com/product/1203?utm_source=mercari&utm_medium=cpc&utm_campaign=infeed_test,https://www.kamehouse-db.com/data/kamehouse/product/20250930_16a081.jpeg,120,あり
1202,パラガス：BR(FB06-057/C/リミテッド),CS2025-2026 WAVE2 エリア予選 配布 リミテッドパック02収録,プロモーションカード > リミテッドパック,https://www.kamehouse-db.com/product/1202,https://www.kamehouse-db.com/product/1202?utm_source=mercari&utm_medium=cpc&utm_campaign=infeed_test,https://www.kamehouse-db.com/data/kamehouse/product/20250930_403c83.jpeg,180,あり
1201,セルジュニア(SB01-013/UC/リミテッド),CS2025-2026 WAVE2 エリア予選 配布 リミテッドパック02収録,プロモーションカード > リミテッドパック,https://www.kamehouse-db.com/product/1201,https://www.kamehouse-db.com/product/1201?utm_source=mercari&utm_medium=cpc&utm_campaign=infeed_test,https://www.kamehouse-db.com/data/kamehouse/product/20250930_0e194f.jpeg,270,あり
1200,気功砲(SB01-021/UC/リミテッド),CS2025-2026 WAVE2 エリア予選 配布 リミテッドパック02収録,プロモーションカード > リミテッドパック,https://www.kamehouse-db.com/product/1200,https://www.kamehouse-db.com/product/1200?utm_source=mercari&utm_medium=cpc&utm_campaign=infeed_test,https://www.kamehouse-db.com/data/kamehouse/product/20250930_993dba.jpeg,80,あり
1199,ナッパ(SB01-024/UC/リミテッド),CS2025-2026 WAVE2 エリア予選 配布 リミテッドパック02収録,プロモーションカード > リミテッドパック,https://www.kamehouse-db.com/product/1199,https://www.kamehouse-db.com/product/1199?utm_source=mercari&utm_medium=cpc&utm_campaign=infeed_test,https://www.kamehouse-db.com/data/kamehouse/product/20250930_a2a96a.jpeg,80,あり
1198,魔人ブウ：悪(SB01-034/R/リミテッド),CS2025-2026 WAVE2 エリア予選 配布 リミテッドパック02収録,プロモーションカード > リミテッドパック,https://www.kamehouse-db.com/product/1198,https://www.kamehouse-db.com/product/1198?utm_source=mercari&utm_medium=cpc&utm_campaign=infeed_test,https://www.kamehouse-db.com/data/kamehouse/product/20250930_c80d8f.jpeg,80,あり
1197,ウーロン(SB01-047/UC/リミテッド),CS2025-2026 WAVE2 エリア予選 配布 リミテッドパック02収録,プロモーションカード > リミテッドパック,https://www.kamehouse-db.com/product/1197,https://www.kamehouse-db.com/product/1197?utm_source=mercari&utm_medium=cpc&utm_campaign=infeed_test,https://www.kamehouse-db.com/data/kamehouse/product/20250930_26adb2.jpeg,650,あり
1185,キング・クウ：DA(FB07-003/R☆/ビジュアルパラレル),FB07 神龍への願い 収録,FB07 神龍への願い > パラレル,https://www.kamehouse-db.com/product/1185,https://www.kamehouse-db.com/product/1185?utm_source=mercari&utm_medium=cpc&utm_campaign=infeed_test,https://www.kamehouse-db.com/data/kamehouse/product/20250912_727656.jpeg,1000,あり
1183,ガンマ1号：SH/ガンマ2号：SH(FB07-051/R☆/ビジュアルパラレル),FB07 神龍への願い 収録,FB07 神龍への願い > パラレル,https://www.kamehouse-db.com/product/1183,https://www.kamehouse-db.com/product/1183?utm_source=mercari&utm_medium=cpc&utm_campaign=infeed_test,https://www.kamehouse-db.com/data/kamehouse/product/20250912_751c05.jpeg,1980,あり
1175,孫悟飯：SH(FB07-057/UC☆),FB07 神龍への願い 収録,FB07 神龍への願い > パラレル,https://www.kamehouse-db.com/product/1175,https://www.kamehouse-db.com/product/1175?utm_source=mercari&utm_medium=cpc&utm_campaign=infeed_test,https://www.kamehouse-db.com/data/kamehouse/product/20250912_16648d.jpeg,2650,あり
1173,ブルマ(FB07-113/UC☆),FB07 神龍への願い 収録,FB07 神龍への願い > パラレル,https://www.kamehouse-db.com/product/1173,https://www.kamehouse-db.com/product/1173?utm_source=mercari&utm_medium=cpc&utm_campaign=infeed_test,https://www.kamehouse-db.com/data/kamehouse/product/20250912_0e1a95.jpeg,28610,あり
1172,孫悟空：DA(FB07-010/SR☆),FB07 神龍への願い 収録,FB07 神龍への願い > パラレル,https://www.kamehouse-db.com/product/1172,https://www.kamehouse-db.com/product/1172?utm_source=mercari&utm_medium=cpc&utm_campaign=infeed_test,https://www.kamehouse-db.com/data/kamehouse/product/20250912_1d620f.jpeg,1220,あり
1171,ピッコロ：DA(FB07-017/SR☆),FB07 神龍への願い 収録,FB07 神龍への願い > パラレル,https://www.kamehouse-db.com/product/1171,https://www.kamehouse-db.com/product/1171?utm_source=mercari&utm_medium=cpc&utm_campaign=infeed_test,https://www.kamehouse-db.com/data/kamehouse/product/20250912_421250.jpeg,460,あり
1170,ベジータ：DA(FB07-021/SR☆),FB07 神龍への願い 収録,FB07 神龍への願い > パラレル,https://www.kamehouse-db.com/product/1170,https://www.kamehouse-db.com/product/1170?utm_source=mercari&utm_medium=cpc&utm_campaign=infeed_test,https://www.kamehouse-db.com/data/kamehouse/product/20250912_65a6ac.jpeg,840,あり
1169,黒煙の龍(FB07-030/SR☆),FB07 神龍への願い 収録,FB07 神龍への願い > パラレル,https://www.kamehouse-db.com/product/1169,https://www.kamehouse-db.com/product/1169?utm_source=mercari&utm_medium=cpc&utm_campaign=infeed_test,https://www.kamehouse-db.com/data/kamehouse/product/20250912_afbdb4.jpeg,1130,あり
1168,四星龍(FB07-034/SR☆),FB07 神龍への願い 収録,FB07 神龍への願い > パラレル,https://www.kamehouse-db.com/product/1168,https://www.kamehouse-db.com/product/1168?utm_source=mercari&utm_medium=cpc&utm_campaign=infeed_test,https://www.kamehouse-db.com/data/kamehouse/product/20250912_796e20.jpeg,880,あり
1167,超一星龍(FB07-035/SR☆),FB07 神龍への願い 収録,FB07 神龍への願い > パラレル,https://www.kamehouse-db.com/product/1167,https://www.kamehouse-db.com/product/1167?utm_source=mercari&utm_medium=cpc&utm_campaign=infeed_test,https://www.kamehouse-db.com/data/kamehouse/product/20250912_98e9ae.jpeg,980,あり
1165,孫悟飯：SH(FB07-058/SR☆),FB07 神龍への願い 収録,FB07 神龍への願い > パラレル,https://www.kamehouse-db.com/product/1165,https://www.kamehouse-db.com/product/1165?utm_source=mercari&utm_medium=cpc&utm_campaign=infeed_test,https://www.kamehouse-db.com/data/kamehouse/product/20250912_aa95c2.jpeg,3120,あり
1164,ピッコロ：SH(FB07-066/SR☆),FB07 神龍への願い 収録,FB07 神龍への願い > パラレル,https://www.kamehouse-db.com/product/1164,https://www.kamehouse-db.com/product/1164?utm_source=mercari&utm_medium=cpc&utm_campaign=infeed_test,https://www.kamehouse-db.com/data/kamehouse/product/20250912_c43cc4.jpeg,460,あり
1163,ゴールデンフリーザ(FB07-079/SR☆),FB07 神龍への願い 収録,FB07 神龍への願い > パラレル,https://www.kamehouse-db.com/product/1163,https://www.kamehouse-db.com/product/1163?utm_source=mercari&utm_medium=cpc&utm_campaign=infeed_test,https://www.kamehouse-db.com/data/kamehouse/product/20250912_072c05.jpeg,710,あり
1162,ジャイアントゴマー：DA(FB07-083/SR☆),FB07 神龍への願い 収録,FB07 神龍への願い > パラレル,https://www.kamehouse-db.com/product/1162,https://www.kamehouse-db.com/product/1162?utm_source=mercari&utm_medium=cpc&utm_campaign=infeed_test,https://www.kamehouse-db.com/data/kamehouse/product/20250912_1e655c.jpeg,460,あり
1161,メタルクウラ(FB07-093/SR☆),FB07 神龍への願い 収録,FB07 神龍への願い > パラレル,https://www.kamehouse-db.com/product/1161,https://www.kamehouse-db.com/product/1161?utm_source=mercari&utm_medium=cpc&utm_campaign=infeed_test,https://www.kamehouse-db.com/data/kamehouse/product/20250912_c63b86.jpeg,680,あり
1160,孫悟空(FB07-104/SR☆),FB07 神龍への願い 収録,FB07 神龍への願い > パラレル,https://www.kamehouse-db.com/product/1160,https://www.kamehouse-db.com/product/1160?utm_source=mercari&utm_medium=cpc&utm_campaign=infeed_test,https://www.kamehouse-db.com/data/kamehouse/product/20250912_9144fe.jpeg,2200,あり
1151,ピッコロ：DA(FB07-017/SR),FB07 神龍への願い 収録,FB07 神龍への願い > SR,https://www.kamehouse-db.com/product/1151,https://www.kamehouse-db.com/product/1151?utm_source=mercari&utm_medium=cpc&utm_campaign=infeed_test,https://www.kamehouse-db.com/data/kamehouse/product/20250912_0cf510.jpeg,80,あり
1150,ベジータ：DA(FB07-021/SR),FB07 神龍への願い 収録,FB07 神龍への願い > SR,https://www.kamehouse-db.com/product/1150,https://www.kamehouse-db.com/product/1150?utm_source=mercari&utm_medium=cpc&utm_campaign=infeed_test,https://www.kamehouse-db.com/data/kamehouse/product/20250912_5bf67a.jpeg,80,あり
1149,黒煙の龍(FB07-030/SR),FB07 神龍への願い 収録,FB07 神龍への願い > SR,https://www.kamehouse-db.com/product/1149,https://www.kamehouse-db.com/product/1149?utm_source=mercari&utm_medium=cpc&utm_campaign=infeed_test,https://www.kamehouse-db.com/data/kamehouse/product/20250912_24cc68.jpeg,260,あり
1148,四星龍(FB07-034/SR),FB07 神龍への願い 収録,FB07 神龍への願い > SR,https://www.kamehouse-db.com/product/1148,https://www.kamehouse-db.com/product/1148?utm_source=mercari&utm_medium=cpc&utm_campaign=infeed_test,https://www.kamehouse-db.com/data/kamehouse/product/20250912_1cf63b.jpeg,120,あり
1147,超一星龍(FB07-035/SR),FB07 神龍への願い 収録,FB07 神龍への願い > SR,https://www.kamehouse-db.com/product/1147,https://www.kamehouse-db.com/product/1147?utm_source=mercari&utm_medium=cpc&utm_campaign=infeed_test,https://www.kamehouse-db.com/data/kamehouse/product/20250912_ceab7b.jpeg,270,あり
1146,ガンマ2号：SH(FB07-052/SR),FB07 神龍への願い 収録,FB07 神龍への願い > SR,https://www.kamehouse-db.com/product/1146,https://www.kamehouse-db.com/product/1146?utm_source=mercari&utm_medium=cpc&utm_campaign=infeed_test,https://www.kamehouse-db.com/data/kamehouse/product/20250912_8840cf.jpeg,370,あり
1145,孫悟飯：SH(FB07-058/SR),FB07 神龍への願い 収録,FB07 神龍への願い > SR,https://www.kamehouse-db.com/product/1145,https://www.kamehouse-db.com/product/1145?utm_source=mercari&utm_medium=cpc&utm_campaign=infeed_test,https://www.kamehouse-db.com/data/kamehouse/product/20250912_0654d0.jpeg,460,あり
1144,ピッコロ：SH(FB07-066/SR),FB07 神龍への願い 収録,FB07 神龍への願い > SR,https://www.kamehouse-db.com/product/1144,https://www.kamehouse-db.com/product/1144?utm_source=mercari&utm_medium=cpc&utm_campaign=infeed_test,https://www.kamehouse-db.com/data/kamehouse/product/20250912_f0c1bb.jpeg,80,あり
1143,ゴールデンフリーザ(FB07-079/SR),FB07 神龍への願い 収録,FB07 神龍への願い > SR,https://www.kamehouse-db.com/product/1143,https://www.kamehouse-db.com/product/1143?utm_source=mercari&utm_medium=cpc&utm_campaign=infeed_test,https://www.kamehouse-db.com/data/kamehouse/product/20250912_88622f.jpeg,180,あり
1142,ジャイアントゴマー：DA(FB07-083/SR),FB07 神龍への願い 収録,FB07 神龍への願い > SR,https://www.kamehouse-db.com/product/1142,https://www.kamehouse-db.com/product/1142?utm_source=mercari&utm_medium=cpc&utm_campaign=infeed_test,https://www.kamehouse-db.com/data/kamehouse/product/20250912_a69468.jpeg,80,あり
1141,メタルクウラ(FB07-093/SR),FB07 神龍への願い 収録,FB07 神龍への願い > SR,https://www.kamehouse-db.com/product/1141,https://www.kamehouse-db.com/product/1141?utm_source=mercari&utm_medium=cpc&utm_campaign=infeed_test,https://www.kamehouse-db.com/data/kamehouse/product/20250912_0b385c.jpeg,180,あり
1140,孫悟空(FB07-104/SR),FB07 神龍への願い 収録,FB07 神龍への願い > SR,https://www.kamehouse-db.com/product/1140,https://www.kamehouse-db.com/product/1140?utm_source=mercari&utm_medium=cpc&utm_campaign=infeed_test,https://www.kamehouse-db.com/data/kamehouse/product/20250912_d94280.jpeg,210,あり
1139,孫悟天/トランクス：幼年期(FB07-105/SR),FB07 神龍への願い 収録,FB07 神龍への願い > SR,https://www.kamehouse-db.com/product/1139,https://www.kamehouse-db.com/product/1139?utm_source=mercari&utm_medium=cpc&utm_campaign=infeed_test,https://www.kamehouse-db.com/data/kamehouse/product/20250912_443515.jpeg,120,あり
1138,ブルマ(FB07-114/SR),FB07 神龍への願い 収録,FB07 神龍への願い > SR,https://www.kamehouse-db.com/product/1138,https://www.kamehouse-db.com/product/1138?utm_source=mercari&utm_medium=cpc&utm_campaign=infeed_test,https://www.kamehouse-db.com/data/kamehouse/product/20250912_40be4c.jpeg,270,あり
1137,孫悟空：GT(FB07-122/SCR),FB07 神龍への願い 収録,FB07 神龍への願い > SCR,https://www.kamehouse-db.com/product/1137,https://www.kamehouse-db.com/product/1137?utm_source=mercari&utm_medium=cpc&utm_campaign=infeed_test,https://www.kamehouse-db.com/data/kamehouse/product/20250912_d38198.jpeg,2430,あり
1126,ジャネンバ(FB05-080/SR☆/アルバト),【プロモーションカード】 アルティメットバトル 上位入賞景品 ※開封済み,プロモーションカード > アルティメットバトル,https://www.kamehouse-db.com/product/1126,https://www.kamehouse-db.com/product/1126?utm_source=mercari&utm_medium=cpc&utm_campaign=infeed_test,https://www.kamehouse-db.com/data/kamehouse/product/20250506_16e36e.jpeg,3120,あり
1113,天津飯(FP-045/PR☆),【プロモーションカード】 バトルパック07 WINNER 収録,プロモーションカード > バトルパック-WINNER-,https://www.kamehouse-db.com/product/1113,https://www.kamehouse-db.com/product/1113?utm_source=mercari&utm_medium=cpc&utm_campaign=infeed_test,https://www.kamehouse-db.com/data/kamehouse/product/20250709_c5a3e1.jpeg,370,あり
1112,ナッパ(FP-046/PR☆),【プロモーションカード】 バトルパック07 WINNER 収録,プロモーションカード > バトルパック-WINNER-,https://www.kamehouse-db.com/product/1112,https://www.kamehouse-db.com/product/1112?utm_source=mercari&utm_medium=cpc&utm_campaign=infeed_test,https://www.kamehouse-db.com/data/kamehouse/product/20250709_55d0f6.jpeg,370,あり
1111,ベジータ(ミニ)：DA(FP-047/PR☆),【プロモーションカード】 バトルパック07 WINNER 収録,プロモーションカード > バトルパック-WINNER-,https://www.kamehouse-db.com/product/1111,https://www.kamehouse-db.com/product/1111?utm_source=mercari&utm_medium=cpc&utm_campaign=infeed_test,https://www.kamehouse-db.com/data/kamehouse/product/20250709_b65fec.jpeg,370,あり
1110,マジュニア(FP-048/PR☆),【プロモーションカード】 バトルパック07 WINNER 収録,プロモーションカード > バトルパック-WINNER-,https://www.kamehouse-db.com/product/1110,https://www.kamehouse-db.com/product/1110?utm_source=mercari&utm_medium=cpc&utm_campaign=infeed_test,https://www.kamehouse-db.com/data/kamehouse/product/20250709_4ce12d.jpeg,180,あり
1108,天津飯(FP-045/PR),【プロモーションカード】 バトルパック07 収録,プロモーションカード > バトルパック,https://www.kamehouse-db.com/product/1108,https://www.kamehouse-db.com/product/1108?utm_source=mercari&utm_medium=cpc&utm_campaign=infeed_test,https://www.kamehouse-db.com/data/kamehouse/product/20250709_709515.jpeg,120,あり
1107,ナッパ(FP-046/PR),【プロモーションカード】 バトルパック07 収録,プロモーションカード > バトルパック,https://www.kamehouse-db.com/product/1107,https://www.kamehouse-db.com/product/1107?utm_source=mercari&utm_medium=cpc&utm_campaign=infeed_test,https://www.kamehouse-db.com/data/kamehouse/product/20250709_ffcd1e.jpeg,120,あり
1106,ベジータ(ミニ)：DA(FP-047/PR),【プロモーションカード】 バトルパック07 収録,プロモーションカード > バトルパック,https://www.kamehouse-db.com/product/1106,https://www.kamehouse-db.com/product/1106?utm_source=mercari&utm_medium=cpc&utm_campaign=infeed_test,https://www.kamehouse-db.com/data/kamehouse/product/20250709_332d24.jpeg,120,あり
1105,マジュニア(FP-048/PR),【プロモーションカード】 バトルパック07 収録,プロモーションカード > バトルパック,https://www.kamehouse-db.com/product/1105,https://www.kamehouse-db.com/product/1105?utm_source=mercari&utm_medium=cpc&utm_campaign=infeed_test,https://www.kamehouse-db.com/data/kamehouse/product/20250709_905f54.jpeg,80,あり
1102,バーダック(E-63☆),エナジーマーカーパック06 収録,エナジーマーカー > エナジーマーカーパック06,https://www.kamehouse-db.com/product/1102,https://www.kamehouse-db.com/product/1102?utm_source=mercari&utm_medium=cpc&utm_campaign=infeed_test,https://www.kamehouse-db.com/data/kamehouse/product/20250709_9681af.jpeg,3310,あり
1090,ジブレット(E-40☆),エナジーマーカーパック -シャロット＆ジブレット- 収録,エナジーマーカー > エナジーマーカーパック -シャロット&ジブレット-,https://www.kamehouse-db.com/product/1090,https://www.kamehouse-db.com/product/1090?utm_source=mercari&utm_medium=cpc&utm_campaign=infeed_test,https://www.kamehouse-db.com/data/kamehouse/product/20250709_3c78f2.jpeg,2080,あり
1089,シャロット(E-39☆),エナジーマーカーパック -シャロット＆ジブレット- 収録,エナジーマーカー > エナジーマーカーパック -シャロット&ジブレット-,https://www.kamehouse-db.com/product/1089,https://www.kamehouse-db.com/product/1089?utm_source=mercari&utm_medium=cpc&utm_campaign=infeed_test,https://www.kamehouse-db.com/data/kamehouse/product/20250709_d03f9e.jpeg,2080,あり
1070,オフィシャルカードスリーブ03-ブロリー-,オフィシャルカードスリーブ03-ブロリー- 新品未開封,サプライ > スリーブ,https://www.kamehouse-db.com/product/1070,https://www.kamehouse-db.com/product/1070?utm_source=mercari&utm_medium=cpc&utm_campaign=infeed_test,https://www.kamehouse-db.com/data/kamehouse/product/20250627_720401.png,880,あり
1069,オフィシャルカードスリーブ03-天下一武道会-,オフィシャルカードスリーブ03-天下一武道会- 新品未開封,サプライ > スリーブ,https://www.kamehouse-db.com/product/1069,https://www.kamehouse-db.com/product/1069?utm_source=mercari&utm_medium=cpc&utm_campaign=infeed_test,https://www.kamehouse-db.com/data/kamehouse/product/20250627_8eb1d4.png,880,あり
1068,オフィシャルカードスリーブ03-ベジータ(ミニ)-,オフィシャルカードスリーブ03-ベジータ(ミニ)- 新品未開封,サプライ > スリーブ,https://www.kamehouse-db.com/product/1068,https://www.kamehouse-db.com/product/1068?utm_source=mercari&utm_medium=cpc&utm_campaign=infeed_test,https://www.kamehouse-db.com/data/kamehouse/product/20250627_bcad5e.png,880,あり
994,人造人間18号(SB01-004/SR),SB01 MANGA BOOSTER 01 収録,SB01 MANGA BOOSTER 01 > SR,https://www.kamehouse-db.com/product/994,https://www.kamehouse-db.com/product/994?utm_source=mercari&utm_medium=cpc&utm_campaign=infeed_test,https://www.kamehouse-db.com/data/kamehouse/product/20250626_fc9188.jpeg,450,あり
993,セル(SB01-012/SR),SB01 MANGA BOOSTER 01 収録,SB01 MANGA BOOSTER 01 > SR,https://www.kamehouse-db.com/product/993,https://www.kamehouse-db.com/product/993?utm_source=mercari&utm_medium=cpc&utm_campaign=infeed_test,https://www.kamehouse-db.com/data/kamehouse/product/20250626_d6f8be.jpeg,80,あり
992,大猿孫悟空(SB01-017/SR),SB01 MANGA BOOSTER 01 収録,SB01 MANGA BOOSTER 01 > SR,https://www.kamehouse-db.com/product/992,https://www.kamehouse-db.com/product/992?utm_source=mercari&utm_medium=cpc&utm_campaign=infeed_test,https://www.kamehouse-db.com/data/kamehouse/product/20250626_7013a2.jpeg,180,あり
991,孫悟空：少年期(SB01-018/SR),SB01 MANGA BOOSTER 01 収録,SB01 MANGA BOOSTER 01 > SR,https://www.kamehouse-db.com/product/991,https://www.kamehouse-db.com/product/991?utm_source=mercari&utm_medium=cpc&utm_campaign=infeed_test,https://www.kamehouse-db.com/data/kamehouse/product/20250626_1ae7b6.jpeg,810,あり
990,ベジータ(SB01-025/SR),SB01 MANGA BOOSTER 01 収録,SB01 MANGA BOOSTER 01 > SR,https://www.kamehouse-db.com/product/990,https://www.kamehouse-db.com/product/990?utm_source=mercari&utm_medium=cpc&utm_campaign=infeed_test,https://www.kamehouse-db.com/data/kamehouse/product/20250626_ef5f41.jpeg,460,あり
989,ラディッツ(SB01-026/SR),SB01 MANGA BOOSTER 01 収録,SB01 MANGA BOOSTER 01 > SR,https://www.kamehouse-db.com/product/989,https://www.kamehouse-db.com/product/989?utm_source=mercari&utm_medium=cpc&utm_campaign=infeed_test,https://www.kamehouse-db.com/data/kamehouse/product/20250626_9c7338.jpeg,120,あり
988,バビディ(SB01-031/SR),SB01 MANGA BOOSTER 01 収録,SB01 MANGA BOOSTER 01 > SR,https://www.kamehouse-db.com/product/988,https://www.kamehouse-db.com/product/988?utm_source=mercari&utm_medium=cpc&utm_campaign=infeed_test,https://www.kamehouse-db.com/data/kamehouse/product/20250626_1246af.jpeg,270,あり
987,魔人ブウ：純粋(SB01-039/SR),SB01 MANGA BOOSTER 01 収録,SB01 MANGA BOOSTER 01 > SR,https://www.kamehouse-db.com/product/987,https://www.kamehouse-db.com/product/987?utm_source=mercari&utm_medium=cpc&utm_campaign=infeed_test,https://www.kamehouse-db.com/data/kamehouse/product/20250626_3d449f.jpeg,270,あり
985,ブルマ/孫悟空：少年期(SB01-057/SR),SB01 MANGA BOOSTER 01 収録,SB01 MANGA BOOSTER 01 > SR,https://www.kamehouse-db.com/product/985,https://www.kamehouse-db.com/product/985?utm_source=mercari&utm_medium=cpc&utm_campaign=infeed_test,https://www.kamehouse-db.com/data/kamehouse/product/20250626_cb6c37.jpeg,1210,あり
984,ヤムチャ(SB01-059/SR),SB01 MANGA BOOSTER 01 収録,SB01 MANGA BOOSTER 01 > SR,https://www.kamehouse-db.com/product/984,https://www.kamehouse-db.com/product/984?utm_source=mercari&utm_medium=cpc&utm_campaign=infeed_test,https://www.kamehouse-db.com/data/kamehouse/product/20250626_77f966.jpeg,120,あり
972,ウイス(FB01-004/UC☆/1stアニバーサリーセット),【プロモーションカード】 1st アニバーサリーセット 収録,プロモーションカード > その他プロモ,https://www.kamehouse-db.com/product/972,https://www.kamehouse-db.com/product/972?utm_source=mercari&utm_medium=cpc&utm_campaign=infeed_test,https://www.kamehouse-db.com/data/kamehouse/product/20250620_bf98dc.jpeg,270,あり
971,キャベ(FB01-007/UC☆/1stアニバーサリーセット),【プロモーションカード】 1st アニバーサリーセット 収録,プロモーションカード > その他プロモ,https://www.kamehouse-db.com/product/971,https://www.kamehouse-db.com/product/971?utm_source=mercari&utm_medium=cpc&utm_campaign=infeed_test,https://www.kamehouse-db.com/data/kamehouse/product/20250620_b20089.jpeg,260,あり
970,人造人間17号/人造人間18号(FB01-078/SR☆/1stアニバーサリーセット),【プロモーションカード】 1st アニバーサリーセット 収録,プロモーションカード > その他プロモ,https://www.kamehouse-db.com/product/970,https://www.kamehouse-db.com/product/970?utm_source=mercari&utm_medium=cpc&utm_campaign=infeed_test,https://www.kamehouse-db.com/data/kamehouse/product/20250620_e1590c.jpeg,720,あり
967,パン：GT(FB03-125/SR☆/1stアニバーサリーセット),【プロモーションカード】 1st アニバーサリーセット 収録,プロモーションカード > その他プロモ,https://www.kamehouse-db.com/product/967,https://www.kamehouse-db.com/product/967?utm_source=mercari&utm_medium=cpc&utm_campaign=infeed_test,https://www.kamehouse-db.com/data/kamehouse/product/20250620_9631e1.jpeg,1110,あり
966,ブラ：GT(FB03-127/UC☆/1stアニバーサリーセット),【プロモーションカード】 1st アニバーサリーセット 収録,プロモーションカード > その他プロモ,https://www.kamehouse-db.com/product/966,https://www.kamehouse-db.com/product/966?utm_source=mercari&utm_medium=cpc&utm_campaign=infeed_test,https://www.kamehouse-db.com/data/kamehouse/product/20250620_348481.jpeg,1410,あり
965,ゴテンクス(FB04-033/SR☆/1stアニバーサリーセット),【プロモーションカード】 1st アニバーサリーセット 収録,プロモーションカード > その他プロモ,https://www.kamehouse-db.com/product/965,https://www.kamehouse-db.com/product/965?utm_source=mercari&utm_medium=cpc&utm_campaign=infeed_test,https://www.kamehouse-db.com/data/kamehouse/product/20250620_0ca27e.jpeg,1020,あり
963,大猿ベビー(FB04-104/SR☆/1stアニバーサリーセット),【プロモーションカード】 1st アニバーサリーセット 収録,プロモーションカード > その他プロモ,https://www.kamehouse-db.com/product/963,https://www.kamehouse-db.com/product/963?utm_source=mercari&utm_medium=cpc&utm_campaign=infeed_test,https://www.kamehouse-db.com/data/kamehouse/product/20250620_4c721d.jpeg,550,あり
962,ザーボン(FB05-074/UC☆/1stアニバーサリーセット),【プロモーションカード】 1st アニバーサリーセット 収録,プロモーションカード > その他プロモ,https://www.kamehouse-db.com/product/962,https://www.kamehouse-db.com/product/962?utm_source=mercari&utm_medium=cpc&utm_campaign=infeed_test,https://www.kamehouse-db.com/data/kamehouse/product/20250620_adaf86.jpeg,360,あり
959,破壊の剛腕(FS03-16/C☆/1stアニバーサリーセット),【プロモーションカード】 1st アニバーサリーセット 収録,プロモーションカード > その他プロモ,https://www.kamehouse-db.com/product/959,https://www.kamehouse-db.com/product/959?utm_source=mercari&utm_medium=cpc&utm_campaign=infeed_test,https://www.kamehouse-db.com/data/kamehouse/product/20250620_72334e.jpeg,930,あり
958,フリーザ(FS04-11/C☆/1stアニバーサリーセット),【プロモーションカード】 1st アニバーサリーセット 収録,プロモーションカード > その他プロモ,https://www.kamehouse-db.com/product/958,https://www.kamehouse-db.com/product/958?utm_source=mercari&utm_medium=cpc&utm_campaign=infeed_test,https://www.kamehouse-db.com/data/kamehouse/product/20250620_fc5b57.jpeg,360,あり
952,ザマス(FS10-05/C☆),FS10 ジブレット ボーナスパック収録,スタートデッキEX > FS10 ジブレット,https://www.kamehouse-db.com/product/952,https://www.kamehouse-db.com/product/952?utm_source=mercari&utm_medium=cpc&utm_campaign=infeed_test,https://www.kamehouse-db.com/data/kamehouse/product/20250614_6d7cd5.jpeg,1380,あり
944,フリーザ(FS10-13/C☆),FS10 ジブレット ボーナスパック収録,スタートデッキEX > FS10 ジブレット,https://www.kamehouse-db.com/product/944,https://www.kamehouse-db.com/product/944?utm_source=mercari&utm_medium=cpc&utm_campaign=infeed_test,https://www.kamehouse-db.com/data/kamehouse/product/20250614_d72512.jpeg,3280,あり
941,ラディッツ(FS10-16/C☆),FS10 ジブレット ボーナスパック収録,スタートデッキEX > FS10 ジブレット,https://www.kamehouse-db.com/product/941,https://www.kamehouse-db.com/product/941?utm_source=mercari&utm_medium=cpc&utm_campaign=infeed_test,https://www.kamehouse-db.com/data/kamehouse/product/20250614_9d7917.jpeg,1980,あり
939,歪められた正義(FS10-18/C☆),FS10 ジブレット ボーナスパック収録,スタートデッキEX > FS10 ジブレット,https://www.kamehouse-db.com/product/939,https://www.kamehouse-db.com/product/939?utm_source=mercari&utm_medium=cpc&utm_campaign=infeed_test,https://www.kamehouse-db.com/data/kamehouse/product/20250614_3ac94f.jpeg,980,あり
938,ジブレット(FS10-01/L),FS10 ジブレット 収録,スタートデッキEX > FS10 ジブレット,https://www.kamehouse-db.com/product/938,https://www.kamehouse-db.com/product/938?utm_source=mercari&utm_medium=cpc&utm_campaign=infeed_test,https://www.kamehouse-db.com/data/kamehouse/product/20250614_fc5f56.jpeg,80,あり
936,ゴールデンフリーザ(FS10-03/SR),FS10 ジブレット 収録,スタートデッキEX > FS10 ジブレット,https://www.kamehouse-db.com/product/936,https://www.kamehouse-db.com/product/936?utm_source=mercari&utm_medium=cpc&utm_campaign=infeed_test,https://www.kamehouse-db.com/data/kamehouse/product/20250614_c8e61d.jpeg,370,あり
935,ゴクウブラック(FS10-04/SR),FS10 ジブレット 収録,スタートデッキEX > FS10 ジブレット,https://www.kamehouse-db.com/product/935,https://www.kamehouse-db.com/product/935?utm_source=mercari&utm_medium=cpc&utm_campaign=infeed_test,https://www.kamehouse-db.com/data/kamehouse/product/20250614_6716ff.jpeg,480,あり
931,シャレット(FS10-08/SR),FS10 ジブレット 収録,スタートデッキEX > FS10 ジブレット,https://www.kamehouse-db.com/product/931,https://www.kamehouse-db.com/product/931?utm_source=mercari&utm_medium=cpc&utm_campaign=infeed_test,https://www.kamehouse-db.com/data/kamehouse/product/20250614_13475e.jpeg,170,あり
925,ブロリー：BR(FS10-14/SR),FS10 ジブレット 収録,スタートデッキEX > FS10 ジブレット,https://www.kamehouse-db.com/product/925,https://www.kamehouse-db.com/product/925?utm_source=mercari&utm_medium=cpc&utm_campaign=infeed_test,https://www.kamehouse-db.com/data/kamehouse/product/20250614_60b803.jpeg,170,あり
918,ザッハ(FS09-03/C☆),FS09 シャロット ボーナスパック収録,スタートデッキEX > FS09 シャロット,https://www.kamehouse-db.com/product/918,https://www.kamehouse-db.com/product/918?utm_source=mercari&utm_medium=cpc&utm_campaign=infeed_test,https://www.kamehouse-db.com/data/kamehouse/product/20250614_c7d982.jpeg,460,あり
917,ジャコ(FS09-04/C☆),FS09 シャロット ボーナスパック収録,スタートデッキEX > FS09 シャロット,https://www.kamehouse-db.com/product/917,https://www.kamehouse-db.com/product/917?utm_source=mercari&utm_medium=cpc&utm_campaign=infeed_test,https://www.kamehouse-db.com/data/kamehouse/product/20250614_9a43a0.jpeg,180,あり
916,シャロット(FS09-05/C☆),FS09 シャロット ボーナスパック収録,スタートデッキEX > FS09 シャロット,https://www.kamehouse-db.com/product/916,https://www.kamehouse-db.com/product/916?utm_source=mercari&utm_medium=cpc&utm_campaign=infeed_test,https://www.kamehouse-db.com/data/kamehouse/product/20250614_3b777e.jpeg,1180,あり
912,孫悟空：少年期(FS09-09/C☆),FS09 シャロット ボーナスパック収録,スタートデッキEX > FS09 シャロット,https://www.kamehouse-db.com/product/912,https://www.kamehouse-db.com/product/912?utm_source=mercari&utm_medium=cpc&utm_campaign=infeed_test,https://www.kamehouse-db.com/data/kamehouse/product/20250614_2218b3.jpeg,8980,あり
904,滾る本能の力(FS09-17/C☆),FS09 シャロット ボーナスパック収録,スタートデッキEX > FS09 シャロット,https://www.kamehouse-db.com/product/904,https://www.kamehouse-db.com/product/904?utm_source=mercari&utm_medium=cpc&utm_campaign=infeed_test,https://www.kamehouse-db.com/data/kamehouse/product/20250614_76bd55.jpeg,1980,あり
902,シャロット(FS09-01/L),FS09 シャロット 収録,スタートデッキEX > FS09 シャロット,https://www.kamehouse-db.com/product/902,https://www.kamehouse-db.com/product/902?utm_source=mercari&utm_medium=cpc&utm_campaign=infeed_test,https://www.kamehouse-db.com/data/kamehouse/product/20250614_b948ba.jpeg,80,あり
896,孫悟空(FS09-07/SR),FS09 シャロット 収録,スタートデッキEX > FS09 シャロット,https://www.kamehouse-db.com/product/896,https://www.kamehouse-db.com/product/896?utm_source=mercari&utm_medium=cpc&utm_campaign=infeed_test,https://www.kamehouse-db.com/data/kamehouse/product/20250614_140449.jpeg,560,あり
886,ベジット(FS09-16/SR),FS09 シャロット 収録,スタートデッキEX > FS09 シャロット,https://www.kamehouse-db.com/product/886,https://www.kamehouse-db.com/product/886?utm_source=mercari&utm_medium=cpc&utm_campaign=infeed_test,https://www.kamehouse-db.com/data/kamehouse/product/20250614_079945.jpeg,350,あり
883,KATANAスリーブ,Ultimate Guard KATANAスリーブ スタンダードサイズ 100枚入り (アルティメットガード 刀スリーブ),サプライ > スリーブ,https://www.kamehouse-db.com/product/883,https://www.kamehouse-db.com/product/883?utm_source=mercari&utm_medium=cpc&utm_campaign=infeed_test,https://www.kamehouse-db.com/data/kamehouse/product/20250527_f023c0.jpg,1800,あり
878,人造人間17号(FP-042/PR),【プロモーションカード】 Vジャンプ2025年7月号 収録,プロモーションカード > 雑誌付録,https://www.kamehouse-db.com/product/878,https://www.kamehouse-db.com/product/878?utm_source=mercari&utm_medium=cpc&utm_campaign=infeed_test,https://www.kamehouse-db.com/data/kamehouse/product/20250526_69480b.jpeg,120,あり
877,タマガミ・ナンバー・ワン：DA(FP-036/PR),【プロモーションカード】 最強ジャンプ2025年4月特大号 収録,プロモーションカード > 雑誌付録,https://www.kamehouse-db.com/product/877,https://www.kamehouse-db.com/product/877?utm_source=mercari&utm_medium=cpc&utm_campaign=infeed_test,https://www.kamehouse-db.com/data/kamehouse/product/20250526_bfb511.jpeg,180,あり
876,魔人クウ：DA/魔人ドゥー：DA(FP-035/PR),【プロモーションカード】 Vジャンプ2025年4月特大号 収録,プロモーションカード > 雑誌付録,https://www.kamehouse-db.com/product/876,https://www.kamehouse-db.com/product/876?utm_source=mercari&utm_medium=cpc&utm_campaign=infeed_test,https://www.kamehouse-db.com/data/kamehouse/product/20250526_e9bf10.jpeg,180,あり
871,ピッコロ(FB04-042/C☆/パラレル/リミテッド),CS2025-2026 エリア予選配布 リミテッドパック収録,プロモーションカード > リミテッドパック,https://www.kamehouse-db.com/product/871,https://www.kamehouse-db.com/product/871?utm_source=mercari&utm_medium=cpc&utm_campaign=infeed_test,https://www.kamehouse-db.com/data/kamehouse/product/20250518_4c47bc.jpeg,940,あり
865,メタルリルド(FB04-123/R☆/パラレル/リミテッド),CS2025-2026 エリア予選配布 リミテッドパック収録,プロモーションカード > リミテッドパック,https://www.kamehouse-db.com/product/865,https://www.kamehouse-db.com/product/865?utm_source=mercari&utm_medium=cpc&utm_campaign=infeed_test,https://www.kamehouse-db.com/data/kamehouse/product/20250518_01c523.jpeg,940,あり
864,ゴッドかめはめ波(FS01-16/C☆/パラレル/リミテッド),CS2025-2026 エリア予選配布 リミテッドパック収録,プロモーションカード > リミテッドパック,https://www.kamehouse-db.com/product/864,https://www.kamehouse-db.com/product/864?utm_source=mercari&utm_medium=cpc&utm_campaign=infeed_test,https://www.kamehouse-db.com/data/kamehouse/product/20250518_eb8f7d.jpeg,2180,あり
863,ラムーシ(FB02-029/UC/リミテッド),CS2025-2026 エリア予選配布 リミテッドパック収録,プロモーションカード > リミテッドパック,https://www.kamehouse-db.com/product/863,https://www.kamehouse-db.com/product/863?utm_source=mercari&utm_medium=cpc&utm_campaign=infeed_test,https://www.kamehouse-db.com/data/kamehouse/product/20250518_1ab030.jpeg,120,あり
862,ベジータ(FB03-047/R/リミテッド),CS2025-2026 エリア予選配布 リミテッドパック収録,プロモーションカード > リミテッドパック,https://www.kamehouse-db.com/product/862,https://www.kamehouse-db.com/product/862?utm_source=mercari&utm_medium=cpc&utm_campaign=infeed_test,https://www.kamehouse-db.com/data/kamehouse/product/20250518_5335c5.jpeg,180,あり
861,ピッコロ(FB04-042/C/リミテッド),CS2025-2026 エリア予選配布 リミテッドパック収録,プロモーションカード > リミテッドパック,https://www.kamehouse-db.com/product/861,https://www.kamehouse-db.com/product/861?utm_source=mercari&utm_medium=cpc&utm_campaign=infeed_test,https://www.kamehouse-db.com/data/kamehouse/product/20250518_08a1d2.jpeg,270,あり
860,孫悟飯：幼年期(FB04-060/UC/リミテッド),CS2025-2026 エリア予選配布 リミテッドパック収録,プロモーションカード > リミテッドパック,https://www.kamehouse-db.com/product/860,https://www.kamehouse-db.com/product/860?utm_source=mercari&utm_medium=cpc&utm_campaign=infeed_test,https://www.kamehouse-db.com/data/kamehouse/product/20250518_e0f00f.jpeg,80,あり
858,バビディ(FB04-085/R/リミテッド),CS2025-2026 エリア予選配布 リミテッドパック収録,プロモーションカード > リミテッドパック,https://www.kamehouse-db.com/product/858,https://www.kamehouse-db.com/product/858?utm_source=mercari&utm_medium=cpc&utm_campaign=infeed_test,https://www.kamehouse-db.com/data/kamehouse/product/20250518_75dfe0.jpeg,120,あり
857,魔人ブウ：純粋(FB04-095/R/リミテッド),CS2025-2026 エリア予選配布 リミテッドパック収録,プロモーションカード > リミテッドパック,https://www.kamehouse-db.com/product/857,https://www.kamehouse-db.com/product/857?utm_source=mercari&utm_medium=cpc&utm_campaign=infeed_test,https://www.kamehouse-db.com/data/kamehouse/product/20250518_ad8791.jpeg,370,あり
851,ソウルパニッシャー(FB05-116/UC☆),【プロモーションカード】 バトルパック06 収録,プロモーションカード > バトルパック,https://www.kamehouse-db.com/product/851,https://www.kamehouse-db.com/product/851?utm_source=mercari&utm_medium=cpc&utm_campaign=infeed_test,https://www.kamehouse-db.com/data/kamehouse/product/20250506_590859.jpeg,480,あり
850,極限の煌めき(FB05-115/R☆),オフィシャルカードケース＆カードスリーブ03-ゴジータ- 収録,プロモーションカード > その他プロモ,https://www.kamehouse-db.com/product/850,https://www.kamehouse-db.com/product/850?utm_source=mercari&utm_medium=cpc&utm_campaign=infeed_test,https://www.kamehouse-db.com/data/kamehouse/product/20250506_6b6c97.jpeg,2470,あり
848,フルパワーだーっ(FB05-071/R☆),【プロモーションカード】 バトルパック06 収録,プロモーションカード > バトルパック,https://www.kamehouse-db.com/product/848,https://www.kamehouse-db.com/product/848?utm_source=mercari&utm_medium=cpc&utm_campaign=infeed_test,https://www.kamehouse-db.com/data/kamehouse/product/20250506_645757.jpeg,180,あり
845,ベジータ(ミニ)：DA(FP-041/PR),【プロモーションカード】 ショップバトル・アルティメットバトル参加記念配布,プロモーションカード > 交流会・ショップバトル,https://www.kamehouse-db.com/product/845,https://www.kamehouse-db.com/product/845?utm_source=mercari&utm_medium=cpc&utm_campaign=infeed_test,https://www.kamehouse-db.com/data/kamehouse/product/20250506_2bf7d7.jpeg,120,あり
844,ピッコロ大魔王(FP-040/PR),【プロモーションカード】 プロモーションパック vol.6 収録,プロモーションカード > プロモーションパック,https://www.kamehouse-db.com/product/844,https://www.kamehouse-db.com/product/844?utm_source=mercari&utm_medium=cpc&utm_campaign=infeed_test,https://www.kamehouse-db.com/data/kamehouse/product/20250506_fd6e5b.jpeg,80,あり
843,アリンス：DA(FP-039/PR),【プロモーションカード】 プロモーションパック vol.6 収録,プロモーションカード > プロモーションパック,https://www.kamehouse-db.com/product/843,https://www.kamehouse-db.com/product/843?utm_source=mercari&utm_medium=cpc&utm_campaign=infeed_test,https://www.kamehouse-db.com/data/kamehouse/product/20250506_ee6d17.jpeg,80,あり
837,魔人ブウ：悪(FB05-086/R☆/パラレル),【プロモーションカード】 ショップバトル(リーダーリミテッド)上位記念品,プロモーションカード > 交流会・ショップバトル,https://www.kamehouse-db.com/product/837,https://www.kamehouse-db.com/product/837?utm_source=mercari&utm_medium=cpc&utm_campaign=infeed_test,https://www.kamehouse-db.com/data/kamehouse/product/20250506_ef3a6c.jpeg,560,あり
836,孫悟空(FB05-053/R☆/パラレル),【プロモーションカード】 ショップバトル(リーダーリミテッド)上位記念品,プロモーションカード > 交流会・ショップバトル,https://www.kamehouse-db.com/product/836,https://www.kamehouse-db.com/product/836?utm_source=mercari&utm_medium=cpc&utm_campaign=infeed_test,https://www.kamehouse-db.com/data/kamehouse/product/20250506_761c2c.jpeg,2360,あり
834,魔人ブウ：悪(FB05-086/R☆),【プロモーションカード】 バトルパック06 収録,プロモーションカード > バトルパック,https://www.kamehouse-db.com/product/834,https://www.kamehouse-db.com/product/834?utm_source=mercari&utm_medium=cpc&utm_campaign=infeed_test,https://www.kamehouse-db.com/data/kamehouse/product/20250506_0ee641.jpeg,80,あり
832,ベジータ(FB05-039/UC☆),【プロモーションカード】 バトルパック06 収録,プロモーションカード > バトルパック,https://www.kamehouse-db.com/product/832,https://www.kamehouse-db.com/product/832?utm_source=mercari&utm_medium=cpc&utm_campaign=infeed_test,https://www.kamehouse-db.com/data/kamehouse/product/20250506_1c2f89.jpeg,280,あり
831,孫悟空(FB05-007/R☆),【プロモーションカード】 バトルパック06 収録,プロモーションカード > バトルパック,https://www.kamehouse-db.com/product/831,https://www.kamehouse-db.com/product/831?utm_source=mercari&utm_medium=cpc&utm_campaign=infeed_test,https://www.kamehouse-db.com/data/kamehouse/product/20250506_f6b544.jpeg,80,あり
830,孫悟天(ミニ):DA(FS06-07/C☆),FS06 孫悟空(ミニ) 収録,スタートデッキ > FS06 孫悟空(ミニ),https://www.kamehouse-db.com/product/830,https://www.kamehouse-db.com/product/830?utm_source=mercari&utm_medium=cpc&utm_campaign=infeed_test,https://www.kamehouse-db.com/data/kamehouse/product/20250506_f60c9c.jpeg,460,あり
829,運命への抵抗(FS05-15/C☆),FS05 バーダック ボーナスパック収録,スタートデッキ > FS05 バーダック,https://www.kamehouse-db.com/product/829,https://www.kamehouse-db.com/product/829?utm_source=mercari&utm_medium=cpc&utm_campaign=infeed_test,https://www.kamehouse-db.com/data/kamehouse/product/20250506_dbcf91.jpeg,120,あり
828,コルド大王(FS04-04/SR☆),FS04 フリーザ ボーナスパック収録,スタートデッキ > FS04 フリーザ,https://www.kamehouse-db.com/product/828,https://www.kamehouse-db.com/product/828?utm_source=mercari&utm_medium=cpc&utm_campaign=infeed_test,https://www.kamehouse-db.com/data/kamehouse/product/20250506_db7df0.jpeg,120,あり
827,フリーザ(FS04-12/C☆),FS04 フリーザ ボーナスパック収録,スタートデッキ > FS04 フリーザ,https://www.kamehouse-db.com/product/827,https://www.kamehouse-db.com/product/827?utm_source=mercari&utm_medium=cpc&utm_campaign=infeed_test,https://www.kamehouse-db.com/data/kamehouse/product/20250506_611e7f.jpeg,120,あり
826,デスボール(FS04-16/C☆),FS04 フリーザ ボーナスパック収録,スタートデッキ > FS04 フリーザ,https://www.kamehouse-db.com/product/826,https://www.kamehouse-db.com/product/826?utm_source=mercari&utm_medium=cpc&utm_campaign=infeed_test,https://www.kamehouse-db.com/data/kamehouse/product/20250506_c0c598.jpeg,120,あり
824,パラガス(FS03-07/C☆),FS03 ブロリー ボーナスパック収録,スタートデッキ > FS03 ブロリー,https://www.kamehouse-db.com/product/824,https://www.kamehouse-db.com/product/824?utm_source=mercari&utm_medium=cpc&utm_campaign=infeed_test,https://www.kamehouse-db.com/data/kamehouse/product/20250506_7a89c8.jpeg,180,あり
816,キング・ゴマー：DA(E-36☆),エナジーマーカーパック05 収録,エナジーマーカー > エナジーマーカーパック05,https://www.kamehouse-db.com/product/816,https://www.kamehouse-db.com/product/816?utm_source=mercari&utm_medium=cpc&utm_campaign=infeed_test,https://www.kamehouse-db.com/data/kamehouse/product/20250506_41df80.jpeg,1130,あり
815,ピッコロ大魔王(E-37☆),エナジーマーカーパック05 収録,エナジーマーカー > エナジーマーカーパック05,https://www.kamehouse-db.com/product/815,https://www.kamehouse-db.com/product/815?utm_source=mercari&utm_medium=cpc&utm_campaign=infeed_test,https://www.kamehouse-db.com/data/kamehouse/product/20250506_da9ae4.jpeg,1890,あり
814,ベジータ(ミニ)：DA(E-38☆),エナジーマーカーパック05 収録,エナジーマーカー > エナジーマーカーパック05,https://www.kamehouse-db.com/product/814,https://www.kamehouse-db.com/product/814?utm_source=mercari&utm_medium=cpc&utm_campaign=infeed_test,https://www.kamehouse-db.com/data/kamehouse/product/20250506_062caa.jpeg,2360,あり
807,カダン：DA(FS08-02/C☆),FS08 ベジータ(ミニ)-超サイヤ人3- ボーナスパック収録,スタートデッキ > FS08 -ベジータ(ミニ)超サイヤ人3-,https://www.kamehouse-db.com/product/807,https://www.kamehouse-db.com/product/807?utm_source=mercari&utm_medium=cpc&utm_campaign=infeed_test,https://www.kamehouse-db.com/data/kamehouse/product/20250504_139ce8.jpeg,180,あり
806,グロリオ：DA(FS08-04/C☆),FS08 ベジータ(ミニ)-超サイヤ人3- ボーナスパック収録,スタートデッキ > FS08 -ベジータ(ミニ)超サイヤ人3-,https://www.kamehouse-db.com/product/806,https://www.kamehouse-db.com/product/806?utm_source=mercari&utm_medium=cpc&utm_campaign=infeed_test,https://www.kamehouse-db.com/data/kamehouse/product/20250504_a9e980.jpeg,270,あり
805,デンデ(ミニ)：DA(FS08-07/C☆),FS08 ベジータ(ミニ)-超サイヤ人3- ボーナスパック収録,スタートデッキ > FS08 -ベジータ(ミニ)超サイヤ人3-,https://www.kamehouse-db.com/product/805,https://www.kamehouse-db.com/product/805?utm_source=mercari&utm_medium=cpc&utm_campaign=infeed_test,https://www.kamehouse-db.com/data/kamehouse/product/20250504_1ae35c.jpeg,270,あり
804,パンジ：DA(FS08-09/C☆),FS08 ベジータ(ミニ)-超サイヤ人3- ボーナスパック収録,スタートデッキ > FS08 -ベジータ(ミニ)超サイヤ人3-,https://www.kamehouse-db.com/product/804,https://www.kamehouse-db.com/product/804?utm_source=mercari&utm_medium=cpc&utm_campaign=infeed_test,https://www.kamehouse-db.com/data/kamehouse/product/20250504_7f6a04.jpeg,270,あり
800,ベジータ(ミニ)：DA(FS08-01/L),FS08 ベジータ(ミニ)-超サイヤ人3- 収録,スタートデッキ > FS08 -ベジータ(ミニ)超サイヤ人3-,https://www.kamehouse-db.com/product/800,https://www.kamehouse-db.com/product/800?utm_source=mercari&utm_medium=cpc&utm_campaign=infeed_test,https://www.kamehouse-db.com/data/kamehouse/product/20250504_13a306.jpeg,50,あり
795,タマガミ・ナンバー・ツー：DA(FS08-06/SR),FS08 ベジータ(ミニ)-超サイヤ人3- 収録,スタートデッキ > FS08 -ベジータ(ミニ)超サイヤ人3-,https://www.kamehouse-db.com/product/795,https://www.kamehouse-db.com/product/795?utm_source=mercari&utm_medium=cpc&utm_campaign=infeed_test,https://www.kamehouse-db.com/data/kamehouse/product/20250504_506968.jpeg,80,あり
786,特訓の成果(FS08-15/C),FS08 ベジータ(ミニ)-超サイヤ人3- 収録,スタートデッキ > FS08 -ベジータ(ミニ)超サイヤ人3-,https://www.kamehouse-db.com/product/786,https://www.kamehouse-db.com/product/786?utm_source=mercari&utm_medium=cpc&utm_campaign=infeed_test,https://www.kamehouse-db.com/data/kamehouse/product/20250504_ef5379.jpeg,270,あり
778,ピッコロ大魔王(FB06-095/L☆),FB06 迫り来る脅威 収録,FB06 迫り来る脅威 > L☆,https://www.kamehouse-db.com/product/778,https://www.kamehouse-db.com/product/778?utm_source=mercari&utm_medium=cpc&utm_campaign=infeed_test,https://www.kamehouse-db.com/data/kamehouse/product/20250422_e08f28.jpeg,2650,あり
776,孫悟空：少年期(FB06-119/SCR☆),FB06 迫り来る脅威 収録,FB06 迫り来る脅威 > SCR,https://www.kamehouse-db.com/product/776,https://www.kamehouse-db.com/product/776?utm_source=mercari&utm_medium=cpc&utm_campaign=infeed_test,https://www.kamehouse-db.com/data/kamehouse/product/20250422_279b81.jpeg,24510,あり
775,孫悟空：少年期(FB06-119/SCR),FB06 迫り来る脅威 収録,FB06 迫り来る脅威 > SCR,https://www.kamehouse-db.com/product/775,https://www.kamehouse-db.com/product/775?utm_source=mercari&utm_medium=cpc&utm_campaign=infeed_test,https://www.kamehouse-db.com/data/kamehouse/product/20250422_bcc206.jpeg,1700,あり
774,ブロリー：BR(FB06-120/SCR☆),FB06 迫り来る脅威 収録,FB06 迫り来る脅威 > SCR,https://www.kamehouse-db.com/product/774,https://www.kamehouse-db.com/product/774?utm_source=mercari&utm_medium=cpc&utm_campaign=infeed_test,https://www.kamehouse-db.com/data/kamehouse/product/20250422_8cbff3.jpeg,7110,あり
772,ウイス(FB04-002/UC☆/再録),FB06 迫り来る脅威 収録,FB06 迫り来る脅威 > パラレル,https://www.kamehouse-db.com/product/772,https://www.kamehouse-db.com/product/772?utm_source=mercari&utm_medium=cpc&utm_campaign=infeed_test,https://www.kamehouse-db.com/data/kamehouse/product/20250422_e134df.jpeg,1980,あり
769,合体人造人間13号(FB06-002/SR☆),FB06 迫り来る脅威 収録,FB06 迫り来る脅威 > パラレル,https://www.kamehouse-db.com/product/769,https://www.kamehouse-db.com/product/769?utm_source=mercari&utm_medium=cpc&utm_campaign=infeed_test,https://www.kamehouse-db.com/data/kamehouse/product/20250422_e40829.jpeg,460,あり
768,合体人造人間13号(FB06-002/SR),FB06 迫り来る脅威 収録,FB06 迫り来る脅威 > SR,https://www.kamehouse-db.com/product/768,https://www.kamehouse-db.com/product/768?utm_source=mercari&utm_medium=cpc&utm_campaign=infeed_test,https://www.kamehouse-db.com/data/kamehouse/product/20250422_b6a80f.jpeg,80,あり
767,人造人間16号(FB06-009/SR☆),FB06 迫り来る脅威 収録,FB06 迫り来る脅威 > パラレル,https://www.kamehouse-db.com/product/767,https://www.kamehouse-db.com/product/767?utm_source=mercari&utm_medium=cpc&utm_campaign=infeed_test,https://www.kamehouse-db.com/data/kamehouse/product/20250422_c3125a.jpeg,910,あり
766,人造人間16号(FB06-009/SR),FB06 迫り来る脅威 収録,FB06 迫り来る脅威 > SR,https://www.kamehouse-db.com/product/766,https://www.kamehouse-db.com/product/766?utm_source=mercari&utm_medium=cpc&utm_campaign=infeed_test,https://www.kamehouse-db.com/data/kamehouse/product/20250422_d15dfe.jpeg,370,あり
765,ジャッキー・チュン(FB06-029/SR☆),FB06 迫り来る脅威 収録,FB06 迫り来る脅威 > パラレル,https://www.kamehouse-db.com/product/765,https://www.kamehouse-db.com/product/765?utm_source=mercari&utm_medium=cpc&utm_campaign=infeed_test,https://www.kamehouse-db.com/data/kamehouse/product/20250422_d62fa4.jpeg,560,あり
764,ジャッキー・チュン(FB06-029/SR),FB06 迫り来る脅威 収録,FB06 迫り来る脅威 > SR,https://www.kamehouse-db.com/product/764,https://www.kamehouse-db.com/product/764?utm_source=mercari&utm_medium=cpc&utm_campaign=infeed_test,https://www.kamehouse-db.com/data/kamehouse/product/20250422_f7dca3.jpeg,80,あり
763,天津飯(FB06-032/SR☆),FB06 迫り来る脅威 収録,FB06 迫り来る脅威 > パラレル,https://www.kamehouse-db.com/product/763,https://www.kamehouse-db.com/product/763?utm_source=mercari&utm_medium=cpc&utm_campaign=infeed_test,https://www.kamehouse-db.com/data/kamehouse/product/20250422_d0dd14.jpeg,620,あり
762,天津飯(FB06-032/SR),FB06 迫り来る脅威 収録,FB06 迫り来る脅威 > SR,https://www.kamehouse-db.com/product/762,https://www.kamehouse-db.com/product/762?utm_source=mercari&utm_medium=cpc&utm_campaign=infeed_test,https://www.kamehouse-db.com/data/kamehouse/product/20250422_16fbdf.jpeg,120,あり
761,チライ：BR(FB06-055/SR☆),FB06 迫り来る脅威 収録,FB06 迫り来る脅威 > パラレル,https://www.kamehouse-db.com/product/761,https://www.kamehouse-db.com/product/761?utm_source=mercari&utm_medium=cpc&utm_campaign=infeed_test,https://www.kamehouse-db.com/data/kamehouse/product/20250422_e0fe05.jpeg,940,あり
760,チライ：BR(FB06-055/SR),FB06 迫り来る脅威 収録,FB06 迫り来る脅威 > SR,https://www.kamehouse-db.com/product/760,https://www.kamehouse-db.com/product/760?utm_source=mercari&utm_medium=cpc&utm_campaign=infeed_test,https://www.kamehouse-db.com/data/kamehouse/product/20250422_fac520.jpeg,170,あり
759,ブロリー：BR(FB06-063/SR☆),FB06 迫り来る脅威 収録,FB06 迫り来る脅威 > パラレル,https://www.kamehouse-db.com/product/759,https://www.kamehouse-db.com/product/759?utm_source=mercari&utm_medium=cpc&utm_campaign=infeed_test,https://www.kamehouse-db.com/data/kamehouse/product/20250422_9f1b31.jpeg,840,あり
758,ブロリー：BR(FB06-063/SR),FB06 迫り来る脅威 収録,FB06 迫り来る脅威 > SR,https://www.kamehouse-db.com/product/758,https://www.kamehouse-db.com/product/758?utm_source=mercari&utm_medium=cpc&utm_campaign=infeed_test,https://www.kamehouse-db.com/data/kamehouse/product/20250422_37b7bc.jpeg,460,あり
757,アリンス：DA(FB06-072/SR☆),FB06 迫り来る脅威 収録,FB06 迫り来る脅威 > パラレル,https://www.kamehouse-db.com/product/757,https://www.kamehouse-db.com/product/757?utm_source=mercari&utm_medium=cpc&utm_campaign=infeed_test,https://www.kamehouse-db.com/data/kamehouse/product/20250422_cd6671.jpeg,560,あり
756,アリンス：DA(FB06-072/SR),FB06 迫り来る脅威 収録,FB06 迫り来る脅威 > SR,https://www.kamehouse-db.com/product/756,https://www.kamehouse-db.com/product/756?utm_source=mercari&utm_medium=cpc&utm_campaign=infeed_test,https://www.kamehouse-db.com/data/kamehouse/product/20250422_c2a26c.jpeg,270,あり
755,キング・ゴマー：DA(FB06-076/SR☆),FB06 迫り来る脅威 収録,FB06 迫り来る脅威 > パラレル,https://www.kamehouse-db.com/product/755,https://www.kamehouse-db.com/product/755?utm_source=mercari&utm_medium=cpc&utm_campaign=infeed_test,https://www.kamehouse-db.com/data/kamehouse/product/20250422_954d9c.jpeg,460,あり
754,キング・ゴマー：DA(FB06-076/SR),FB06 迫り来る脅威 収録,FB06 迫り来る脅威 > SR,https://www.kamehouse-db.com/product/754,https://www.kamehouse-db.com/product/754?utm_source=mercari&utm_medium=cpc&utm_campaign=infeed_test,https://www.kamehouse-db.com/data/kamehouse/product/20250422_24922a.jpeg,80,あり
753,ベジータ(ミニ)：DA(FB06-084/SR☆),FB06 迫り来る脅威 収録,FB06 迫り来る脅威 > パラレル,https://www.kamehouse-db.com/product/753,https://www.kamehouse-db.com/product/753?utm_source=mercari&utm_medium=cpc&utm_campaign=infeed_test,https://www.kamehouse-db.com/data/kamehouse/product/20250422_d912ad.jpeg,560,あり
752,ベジータ(ミニ)：DA(FB06-084/SR),FB06 迫り来る脅威 収録,FB06 迫り来る脅威 > SR,https://www.kamehouse-db.com/product/752,https://www.kamehouse-db.com/product/752?utm_source=mercari&utm_medium=cpc&utm_campaign=infeed_test,https://www.kamehouse-db.com/data/kamehouse/product/20250422_44f578.jpeg,80,あり
751,ゴジータ(FB06-097/SR☆),FB06 迫り来る脅威 収録,FB06 迫り来る脅威 > パラレル,https://www.kamehouse-db.com/product/751,https://www.kamehouse-db.com/product/751?utm_source=mercari&utm_medium=cpc&utm_campaign=infeed_test,https://www.kamehouse-db.com/data/kamehouse/product/20250422_1bd4d8.jpeg,1490,あり
750,ゴジータ(FB06-097/SR),FB06 迫り来る脅威 収録,FB06 迫り来る脅威 > SR,https://www.kamehouse-db.com/product/750,https://www.kamehouse-db.com/product/750?utm_source=mercari&utm_medium=cpc&utm_campaign=infeed_test,https://www.kamehouse-db.com/data/kamehouse/product/20250422_363a15.jpeg,460,あり
748,チチ：少女期(FB06-103/SR),FB06 迫り来る脅威 収録,FB06 迫り来る脅威 > SR,https://www.kamehouse-db.com/product/748,https://www.kamehouse-db.com/product/748?utm_source=mercari&utm_medium=cpc&utm_campaign=infeed_test,https://www.kamehouse-db.com/data/kamehouse/product/20250422_d02ad3.jpeg,440,あり
747,ピッコロ大魔王(FB06-109/SR☆),FB06 迫り来る脅威 収録,FB06 迫り来る脅威 > パラレル,https://www.kamehouse-db.com/product/747,https://www.kamehouse-db.com/product/747?utm_source=mercari&utm_medium=cpc&utm_campaign=infeed_test,https://www.kamehouse-db.com/data/kamehouse/product/20250422_6203ed.jpeg,560,あり
746,ピッコロ大魔王(FB06-109/SR),FB06 迫り来る脅威 収録,FB06 迫り来る脅威 > SR,https://www.kamehouse-db.com/product/746,https://www.kamehouse-db.com/product/746?utm_source=mercari&utm_medium=cpc&utm_campaign=infeed_test,https://www.kamehouse-db.com/data/kamehouse/product/20250422_deb510.jpeg,80,あり
730,ベジータ:幼年期(FS05-14/C☆),FS05 バーダック ボーナスパック収録,スタートデッキ > FS05 バーダック,https://www.kamehouse-db.com/product/730,https://www.kamehouse-db.com/product/730?utm_source=mercari&utm_medium=cpc&utm_campaign=infeed_test,https://www.kamehouse-db.com/data/kamehouse/product/20250325_b1b813.jpeg,120,あり
729,キュイ(FS04-02/C☆),FS04 フリーザ ボーナスパック収録,スタートデッキ > FS04 フリーザ,https://www.kamehouse-db.com/product/729,https://www.kamehouse-db.com/product/729?utm_source=mercari&utm_medium=cpc&utm_campaign=infeed_test,https://www.kamehouse-db.com/data/kamehouse/product/20250325_931d51.jpeg,80,あり
704,空前絶後の超決戦(FB03-024/UC☆),【プロモーションカード】 ショップバトル 景品,プロモーションカード > 交流会・ショップバトル,https://www.kamehouse-db.com/product/704,https://www.kamehouse-db.com/product/704?utm_source=mercari&utm_medium=cpc&utm_campaign=infeed_test,https://www.kamehouse-db.com/data/kamehouse/product/20250306_94600c.jpeg,280,あり
703,窮地を救うバリア(FB02-033/R☆/パラレル),アニバーサリーパック02 収録,プロモーションカード > アニバーサリーパック,https://www.kamehouse-db.com/product/703,https://www.kamehouse-db.com/product/703?utm_source=mercari&utm_medium=cpc&utm_campaign=infeed_test,https://www.kamehouse-db.com/data/kamehouse/product/20250303_9c166c.jpeg,120,あり
702,セルゲーム会場(FB02-102/R☆/パラレル),アニバーサリーパック02 収録,プロモーションカード > アニバーサリーパック,https://www.kamehouse-db.com/product/702,https://www.kamehouse-db.com/product/702?utm_source=mercari&utm_medium=cpc&utm_campaign=infeed_test,https://www.kamehouse-db.com/data/kamehouse/product/20250303_a92e88.jpeg,460,あり
701,巻き戻される時間(FB02-137/R☆/パラレル),アニバーサリーパック02 収録,プロモーションカード > アニバーサリーパック,https://www.kamehouse-db.com/product/701,https://www.kamehouse-db.com/product/701?utm_source=mercari&utm_medium=cpc&utm_campaign=infeed_test,https://www.kamehouse-db.com/data/kamehouse/product/20250303_023ddd.jpeg,180,あり
699,ミスター・サタン(FB03-049/R☆/パラレル),アニバーサリーパック02 収録,プロモーションカード > アニバーサリーパック,https://www.kamehouse-db.com/product/699,https://www.kamehouse-db.com/product/699?utm_source=mercari&utm_medium=cpc&utm_campaign=infeed_test,https://www.kamehouse-db.com/data/kamehouse/product/20250303_796ed9.jpeg,120,あり
696,窮地を救うバリア(FB02-033/R☆),アニバーサリーパック02 収録,プロモーションカード > アニバーサリーパック,https://www.kamehouse-db.com/product/696,https://www.kamehouse-db.com/product/696?utm_source=mercari&utm_medium=cpc&utm_campaign=infeed_test,https://www.kamehouse-db.com/data/kamehouse/product/20250303_973bae.jpeg,80,あり
695,セルゲーム会場(FB02-102/R☆),アニバーサリーパック02 収録,プロモーションカード > アニバーサリーパック,https://www.kamehouse-db.com/product/695,https://www.kamehouse-db.com/product/695?utm_source=mercari&utm_medium=cpc&utm_campaign=infeed_test,https://www.kamehouse-db.com/data/kamehouse/product/20250303_34b1d5.jpeg,80,あり
694,巻き戻される時間(FB02-137/R☆),アニバーサリーパック02 収録,プロモーションカード > アニバーサリーパック,https://www.kamehouse-db.com/product/694,https://www.kamehouse-db.com/product/694?utm_source=mercari&utm_medium=cpc&utm_campaign=infeed_test,https://www.kamehouse-db.com/data/kamehouse/product/20250303_433bf9.jpeg,80,あり
693,孫悟空(FB03-011/UC☆),アニバーサリーパック02 収録,プロモーションカード > アニバーサリーパック,https://www.kamehouse-db.com/product/693,https://www.kamehouse-db.com/product/693?utm_source=mercari&utm_medium=cpc&utm_campaign=infeed_test,https://www.kamehouse-db.com/data/kamehouse/product/20250303_5563d4.jpeg,80,あり
692,ミスター・サタン(FB03-049/R☆),アニバーサリーパック02 収録,プロモーションカード > アニバーサリーパック,https://www.kamehouse-db.com/product/692,https://www.kamehouse-db.com/product/692?utm_source=mercari&utm_medium=cpc&utm_campaign=infeed_test,https://www.kamehouse-db.com/data/kamehouse/product/20250303_bb4445.jpeg,80,あり
691,修業の日々(FB03-075/UC☆),アニバーサリーパック02 収録,プロモーションカード > アニバーサリーパック,https://www.kamehouse-db.com/product/691,https://www.kamehouse-db.com/product/691?utm_source=mercari&utm_medium=cpc&utm_campaign=infeed_test,https://www.kamehouse-db.com/data/kamehouse/product/20250303_159f3e.jpeg,80,あり
690,トランクス:GT(FB03-119/R☆),アニバーサリーパック02 収録,プロモーションカード > アニバーサリーパック,https://www.kamehouse-db.com/product/690,https://www.kamehouse-db.com/product/690?utm_source=mercari&utm_medium=cpc&utm_campaign=infeed_test,https://www.kamehouse-db.com/data/kamehouse/product/20250303_165779.jpeg,80,あり
689,孫悟飯:少年期(FB01-089/R),【プロモーションカード】 Vジャンプ 応募者全員サービス 収録,プロモーションカード > 雑誌付録,https://www.kamehouse-db.com/product/689,https://www.kamehouse-db.com/product/689?utm_source=mercari&utm_medium=cpc&utm_campaign=infeed_test,https://www.kamehouse-db.com/data/kamehouse/product/20250303_296564.jpeg,1980,あり
688,バーダック(FB03-121/SR),【プロモーションカード】 Vジャンプ 応募者全員サービス 収録,プロモーションカード > 雑誌付録,https://www.kamehouse-db.com/product/688,https://www.kamehouse-db.com/product/688?utm_source=mercari&utm_medium=cpc&utm_campaign=infeed_test,https://www.kamehouse-db.com/data/kamehouse/product/20250303_ff0dc6.jpeg,940,あり
687,孫悟空(FS01-08/SR),【プロモーションカード】 Vジャンプ 応募者全員サービス 収録,プロモーションカード > 雑誌付録,https://www.kamehouse-db.com/product/687,https://www.kamehouse-db.com/product/687?utm_source=mercari&utm_medium=cpc&utm_campaign=infeed_test,https://www.kamehouse-db.com/data/kamehouse/product/20250303_63bdd4.jpeg,650,あり
672,クウラ(E01-12),エナジーマーカーパック01 収録,エナジーマーカー > エナジーマーカーパック01,https://www.kamehouse-db.com/product/672,https://www.kamehouse-db.com/product/672?utm_source=mercari&utm_medium=cpc&utm_campaign=infeed_test,https://www.kamehouse-db.com/data/kamehouse/product/20250302_cb3dfe.jpeg,180,あり
651,孫悟空(E03-02),エナジーマーカーパック03 収録,エナジーマーカー > エナジーマーカーパック03,https://www.kamehouse-db.com/product/651,https://www.kamehouse-db.com/product/651?utm_source=mercari&utm_medium=cpc&utm_campaign=infeed_test,https://www.kamehouse-db.com/data/kamehouse/product/20250302_4f4f4d.jpeg,750,あり
646,孫悟空(ミニ):DA(E-17/☆),エナジーマーカーパック04 収録,エナジーマーカー > エナジーマーカーパック04,https://www.kamehouse-db.com/product/646,https://www.kamehouse-db.com/product/646?utm_source=mercari&utm_medium=cpc&utm_campaign=infeed_test,https://www.kamehouse-db.com/data/kamehouse/product/20250302_56b761.jpeg,2840,あり
644,孫悟空(E-19/☆),エナジーマーカーパック04 収録,エナジーマーカー > エナジーマーカーパック04,https://www.kamehouse-db.com/product/644,https://www.kamehouse-db.com/product/644?utm_source=mercari&utm_medium=cpc&utm_campaign=infeed_test,https://www.kamehouse-db.com/data/kamehouse/product/20250302_e7f718.jpeg,7110,あり
635,シン(ミニ):DA (FB04-008/R☆),FB04 限界を超えし者 収録,FB04 限界を超えし者 > パラレル,https://www.kamehouse-db.com/product/635,https://www.kamehouse-db.com/product/635?utm_source=mercari&utm_medium=cpc&utm_campaign=infeed_test,https://www.kamehouse-db.com/data/kamehouse/product/20250225_0f3f81.jpeg,120,あり
602,ミスター・サタン(ミニ):DA(FS07-10/C☆),FS07 ベジータ(ミニ) 収録,スタートデッキ > FS07 ベジータ(ミニ),https://www.kamehouse-db.com/product/602,https://www.kamehouse-db.com/product/602?utm_source=mercari&utm_medium=cpc&utm_campaign=infeed_test,https://www.kamehouse-db.com/data/kamehouse/product/20250223_8487b7.jpeg,120,あり
601,魔人ブウ(ミニ):DA(FS07-09/C☆),FS07 ベジータ(ミニ) 収録,スタートデッキ > FS07 ベジータ(ミニ),https://www.kamehouse-db.com/product/601,https://www.kamehouse-db.com/product/601?utm_source=mercari&utm_medium=cpc&utm_campaign=infeed_test,https://www.kamehouse-db.com/data/kamehouse/product/20250223_7a815e.jpeg,120,あり
600,魔人ブウ(FB03-093/SR☆/アルバト),【プロモーションカード】 アルティメットバトル 上位入賞景品,プロモーションカード > アルティメットバトル,https://www.kamehouse-db.com/product/600,https://www.kamehouse-db.com/product/600?utm_source=mercari&utm_medium=cpc&utm_campaign=infeed_test,https://www.kamehouse-db.com/data/kamehouse/product/20241226_df2d02.JPG,1990,あり
585,ブラ:GT(FB04-119/R☆),【プロモーションカード】 バトルパック05 収録,プロモーションカード > バトルパック,https://www.kamehouse-db.com/product/585,https://www.kamehouse-db.com/product/585?utm_source=mercari&utm_medium=cpc&utm_campaign=infeed_test,https://www.kamehouse-db.com/data/kamehouse/product/20250214_ed0874.jpeg,180,あり
584,パン:GT(FB04-117/UC☆),【プロモーションカード】 バトルパック05 収録,プロモーションカード > バトルパック,https://www.kamehouse-db.com/product/584,https://www.kamehouse-db.com/product/584?utm_source=mercari&utm_medium=cpc&utm_campaign=infeed_test,https://www.kamehouse-db.com/data/kamehouse/product/20250214_dfd1c9.jpeg,80,あり
583,魔人ブウ:悪(FB04-091/UC☆),【プロモーションカード】 バトルパック05 収録,プロモーションカード > バトルパック,https://www.kamehouse-db.com/product/583,https://www.kamehouse-db.com/product/583?utm_source=mercari&utm_medium=cpc&utm_campaign=infeed_test,https://www.kamehouse-db.com/data/kamehouse/product/20250214_d8eacf.jpeg,80,あり
582,ベジータ(FB04-069/R☆),【プロモーションカード】 バトルパック05 収録,プロモーションカード > バトルパック,https://www.kamehouse-db.com/product/582,https://www.kamehouse-db.com/product/582?utm_source=mercari&utm_medium=cpc&utm_campaign=infeed_test,https://www.kamehouse-db.com/data/kamehouse/product/20250214_8381b2.jpeg,120,あり
581,人造人間18号(FB04-057/C☆),【プロモーションカード】 バトルパック05 収録,プロモーションカード > バトルパック,https://www.kamehouse-db.com/product/581,https://www.kamehouse-db.com/product/581?utm_source=mercari&utm_medium=cpc&utm_campaign=infeed_test,https://www.kamehouse-db.com/data/kamehouse/product/20250214_47028f.jpeg,460,あり
580,ベジット(FB04-046/R☆),【プロモーションカード】 バトルパック05 収録,プロモーションカード > バトルパック,https://www.kamehouse-db.com/product/580,https://www.kamehouse-db.com/product/580?utm_source=mercari&utm_medium=cpc&utm_campaign=infeed_test,https://www.kamehouse-db.com/data/kamehouse/product/20250214_c80f37.jpeg,270,あり
579,ジレン(FB04-006/R☆),【プロモーションカード】 バトルパック05 収録,プロモーションカード > バトルパック,https://www.kamehouse-db.com/product/579,https://www.kamehouse-db.com/product/579?utm_source=mercari&utm_medium=cpc&utm_campaign=infeed_test,https://www.kamehouse-db.com/data/kamehouse/product/20250214_b2f87e.jpeg,120,あり
578,ゴールデンフリーザ(FB04-004/R☆),【プロモーションカード】 バトルパック05 収録,プロモーションカード > バトルパック,https://www.kamehouse-db.com/product/578,https://www.kamehouse-db.com/product/578?utm_source=mercari&utm_medium=cpc&utm_campaign=infeed_test,https://www.kamehouse-db.com/data/kamehouse/product/20250214_fb08eb.jpeg,80,あり
576,孫悟飯:青年期(FB03-114/R☆),【プロモーションカード】 バトルパック04 収録,プロモーションカード > バトルパック,https://www.kamehouse-db.com/product/576,https://www.kamehouse-db.com/product/576?utm_source=mercari&utm_medium=cpc&utm_campaign=infeed_test,https://www.kamehouse-db.com/data/kamehouse/product/20250214_ae5218.jpeg,80,あり
575,バビディの宇宙船(FB03-101/R☆),【プロモーションカード】 バトルパック04 収録,プロモーションカード > バトルパック,https://www.kamehouse-db.com/product/575,https://www.kamehouse-db.com/product/575?utm_source=mercari&utm_medium=cpc&utm_campaign=infeed_test,https://www.kamehouse-db.com/data/kamehouse/product/20250214_7632fb.jpeg,80,あり
573,北の界王(FB03-057/R☆),【プロモーションカード】 バトルパック04 収録,プロモーションカード > バトルパック,https://www.kamehouse-db.com/product/573,https://www.kamehouse-db.com/product/573?utm_source=mercari&utm_medium=cpc&utm_campaign=infeed_test,https://www.kamehouse-db.com/data/kamehouse/product/20250214_5b6d51.jpeg,80,あり
572,オレンジスターハイスクール(FB03-050/R☆),【プロモーションカード】 バトルパック04 収録,プロモーションカード > バトルパック,https://www.kamehouse-db.com/product/572,https://www.kamehouse-db.com/product/572?utm_source=mercari&utm_medium=cpc&utm_campaign=infeed_test,https://www.kamehouse-db.com/data/kamehouse/product/20250214_963ea0.jpeg,120,あり
571,空前絶後の超決戦(FB03-024/UC☆),【プロモーションカード】 バトルパック04 収録,プロモーションカード > バトルパック,https://www.kamehouse-db.com/product/571,https://www.kamehouse-db.com/product/571?utm_source=mercari&utm_medium=cpc&utm_campaign=infeed_test,https://www.kamehouse-db.com/data/kamehouse/product/20250214_ef7c48.jpeg,120,あり
570,マルカリータ(FB03-022/C☆),【プロモーションカード】 バトルパック04 収録,プロモーションカード > バトルパック,https://www.kamehouse-db.com/product/570,https://www.kamehouse-db.com/product/570?utm_source=mercari&utm_medium=cpc&utm_campaign=infeed_test,https://www.kamehouse-db.com/data/kamehouse/product/20250214_93e01c.jpeg,80,あり
569,パン:GT(FB03-124/C☆),【プロモーションカード】 バトルパック03 収録,プロモーションカード > バトルパック,https://www.kamehouse-db.com/product/569,https://www.kamehouse-db.com/product/569?utm_source=mercari&utm_medium=cpc&utm_campaign=infeed_test,https://www.kamehouse-db.com/data/kamehouse/product/20250214_126c0e.jpeg,270,あり
568,バーダック:BR(FB03-122/UC☆),【プロモーションカード】 バトルパック03 収録,プロモーションカード > バトルパック,https://www.kamehouse-db.com/product/568,https://www.kamehouse-db.com/product/568?utm_source=mercari&utm_medium=cpc&utm_campaign=infeed_test,https://www.kamehouse-db.com/data/kamehouse/product/20250214_8e3e01.jpeg,120,あり
567,ダーブラ(FB03-081/UC☆),【プロモーションカード】 バトルパック03 収録,プロモーションカード > バトルパック,https://www.kamehouse-db.com/product/567,https://www.kamehouse-db.com/product/567?utm_source=mercari&utm_medium=cpc&utm_campaign=infeed_test,https://www.kamehouse-db.com/data/kamehouse/product/20250214_fdcdc4.jpeg,120,あり
566,セル(FB03-061/R☆),【プロモーションカード】 バトルパック03 収録,プロモーションカード > バトルパック,https://www.kamehouse-db.com/product/566,https://www.kamehouse-db.com/product/566?utm_source=mercari&utm_medium=cpc&utm_campaign=infeed_test,https://www.kamehouse-db.com/data/kamehouse/product/20250214_87a446.jpeg,120,あり
565,悟飯くんの好み?(FB03-052/UC☆),【プロモーションカード】 バトルパック03 収録,プロモーションカード > バトルパック,https://www.kamehouse-db.com/product/565,https://www.kamehouse-db.com/product/565?utm_source=mercari&utm_medium=cpc&utm_campaign=infeed_test,https://www.kamehouse-db.com/data/kamehouse/product/20250214_f210ef.jpeg,180,あり
564,グレートサイヤマン(FB03-032/C☆),【プロモーションカード】 バトルパック03 収録,プロモーションカード > バトルパック,https://www.kamehouse-db.com/product/564,https://www.kamehouse-db.com/product/564?utm_source=mercari&utm_medium=cpc&utm_campaign=infeed_test,https://www.kamehouse-db.com/data/kamehouse/product/20250214_5e0a52.jpeg,120,あり
563,ディスポ(FB03-014/R☆),【プロモーションカード】 バトルパック03 収録,プロモーションカード > バトルパック,https://www.kamehouse-db.com/product/563,https://www.kamehouse-db.com/product/563?utm_source=mercari&utm_medium=cpc&utm_campaign=infeed_test,https://www.kamehouse-db.com/data/kamehouse/product/20250214_e5d87c.jpeg,120,あり
562,蒼き力の覚醒(FB02-136/UC☆),【プロモーションカード】 バトルパック02 収録,プロモーションカード > バトルパック,https://www.kamehouse-db.com/product/562,https://www.kamehouse-db.com/product/562?utm_source=mercari&utm_medium=cpc&utm_campaign=infeed_test,https://www.kamehouse-db.com/data/kamehouse/product/20250214_fce4c8.jpeg,120,あり
561,ギニュー(FB02-110/R☆),【プロモーションカード】 バトルパック02 収録,プロモーションカード > バトルパック,https://www.kamehouse-db.com/product/561,https://www.kamehouse-db.com/product/561?utm_source=mercari&utm_medium=cpc&utm_campaign=infeed_test,https://www.kamehouse-db.com/data/kamehouse/product/20250214_88e8a0.jpeg,80,あり
560,孫悟飯:少年期(FB02-088/UC☆),【プロモーションカード】 バトルパック02 収録,プロモーションカード > バトルパック,https://www.kamehouse-db.com/product/560,https://www.kamehouse-db.com/product/560?utm_source=mercari&utm_medium=cpc&utm_campaign=infeed_test,https://www.kamehouse-db.com/data/kamehouse/product/20250214_7a71a7.jpeg,280,あり
559,人造人間17号/18号(FB02-077/R☆),【プロモーションカード】 バトルパック02 収録,プロモーションカード > バトルパック,https://www.kamehouse-db.com/product/559,https://www.kamehouse-db.com/product/559?utm_source=mercari&utm_medium=cpc&utm_campaign=infeed_test,https://www.kamehouse-db.com/data/kamehouse/product/20250214_9bb8da.jpeg,120,あり
558,孫悟空(FB02-051/UC☆),【プロモーションカード】 バトルパック02 収録,プロモーションカード > バトルパック,https://www.kamehouse-db.com/product/558,https://www.kamehouse-db.com/product/558?utm_source=mercari&utm_medium=cpc&utm_campaign=infeed_test,https://www.kamehouse-db.com/data/kamehouse/product/20250214_85453d.jpeg,80,あり
557,強者の激突(FB02-034/C☆),【プロモーションカード】 バトルパック02 収録,プロモーションカード > バトルパック,https://www.kamehouse-db.com/product/557,https://www.kamehouse-db.com/product/557?utm_source=mercari&utm_medium=cpc&utm_campaign=infeed_test,https://www.kamehouse-db.com/data/kamehouse/product/20250214_0d17fb.jpeg,80,あり
556,人造人間17号(FS01-06/C☆),【プロモーションカード】 バトルパック01 収録,プロモーションカード > バトルパック,https://www.kamehouse-db.com/product/556,https://www.kamehouse-db.com/product/556?utm_source=mercari&utm_medium=cpc&utm_campaign=infeed_test,https://www.kamehouse-db.com/data/kamehouse/product/20250214_ab323d.jpeg,80,あり
555,フリーザ(FB01-128/UC☆),【プロモーションカード】 バトルパック01 収録,プロモーションカード > バトルパック,https://www.kamehouse-db.com/product/555,https://www.kamehouse-db.com/product/555?utm_source=mercari&utm_medium=cpc&utm_campaign=infeed_test,https://www.kamehouse-db.com/data/kamehouse/product/20250214_d9027f.jpeg,80,あり
554,孫悟飯:少年期(FB01-088/C☆),【プロモーションカード】 バトルパック01 収録,プロモーションカード > バトルパック,https://www.kamehouse-db.com/product/554,https://www.kamehouse-db.com/product/554?utm_source=mercari&utm_medium=cpc&utm_campaign=infeed_test,https://www.kamehouse-db.com/data/kamehouse/product/20250214_18294e.jpeg,180,あり
553,孫悟空(FB01-087/R☆),【プロモーションカード】 バトルパック01 収録,プロモーションカード > バトルパック,https://www.kamehouse-db.com/product/553,https://www.kamehouse-db.com/product/553?utm_source=mercari&utm_medium=cpc&utm_campaign=infeed_test,https://www.kamehouse-db.com/data/kamehouse/product/20250214_257183.jpeg,180,あり
551,トランクス:未来(FB01-049/R☆),【プロモーションカード】 バトルパック01 収録,プロモーションカード > バトルパック,https://www.kamehouse-db.com/product/551,https://www.kamehouse-db.com/product/551?utm_source=mercari&utm_medium=cpc&utm_campaign=infeed_test,https://www.kamehouse-db.com/data/kamehouse/product/20250214_c840a8.jpeg,180,あり
550,孫悟空(FP-001/PR),【プロモーションカード】 プロモーションパック vol.1 収録,プロモーションカード > プロモーションパック,https://www.kamehouse-db.com/product/550,https://www.kamehouse-db.com/product/550?utm_source=mercari&utm_medium=cpc&utm_campaign=infeed_test,https://www.kamehouse-db.com/data/kamehouse/product/20250214_5fafb4.jpeg,440,あり
549,ベジータ(FP-002/PR),【プロモーションカード】 プロモーションパック vol.1 収録,プロモーションカード > プロモーションパック,https://www.kamehouse-db.com/product/549,https://www.kamehouse-db.com/product/549?utm_source=mercari&utm_medium=cpc&utm_campaign=infeed_test,https://www.kamehouse-db.com/data/kamehouse/product/20250214_d63536.jpeg,80,あり
548,ブロリー(FP-003/PR),【プロモーションカード】 プロモーションパック vol.1 収録,プロモーションカード > プロモーションパック,https://www.kamehouse-db.com/product/548,https://www.kamehouse-db.com/product/548?utm_source=mercari&utm_medium=cpc&utm_campaign=infeed_test,https://www.kamehouse-db.com/data/kamehouse/product/20250214_0e6022.jpeg,120,あり
547,フリーザ(FP-004/PR),【プロモーションカード】 プロモーションパック vol.1 収録,プロモーションカード > プロモーションパック,https://www.kamehouse-db.com/product/547,https://www.kamehouse-db.com/product/547?utm_source=mercari&utm_medium=cpc&utm_campaign=infeed_test,https://www.kamehouse-db.com/data/kamehouse/product/20250214_54905c.jpeg,80,あり
546,超サイヤ人への覚醒(FP-005/PR),【プロモーションカード】 プロモーションパック vol.1 収録,プロモーションカード > プロモーションパック,https://www.kamehouse-db.com/product/546,https://www.kamehouse-db.com/product/546?utm_source=mercari&utm_medium=cpc&utm_campaign=infeed_test,https://www.kamehouse-db.com/data/kamehouse/product/20250214_3c0a16.jpeg,270,あり
545,ピッコロ(FP-009/PR),【プロモーションカード】 プロモーションパック vol.2 収録,プロモーションカード > プロモーションパック,https://www.kamehouse-db.com/product/545,https://www.kamehouse-db.com/product/545?utm_source=mercari&utm_medium=cpc&utm_campaign=infeed_test,https://www.kamehouse-db.com/data/kamehouse/product/20250214_2c70cc.jpeg,80,あり
544,ベジット(FP-010/PR),【プロモーションカード】 プロモーションパック vol.2 収録,プロモーションカード > プロモーションパック,https://www.kamehouse-db.com/product/544,https://www.kamehouse-db.com/product/544?utm_source=mercari&utm_medium=cpc&utm_campaign=infeed_test,https://www.kamehouse-db.com/data/kamehouse/product/20250214_7cf369.jpeg,80,あり
543,セル(FP-011/PR),【プロモーションカード】 プロモーションパック vol.2 収録,プロモーションカード > プロモーションパック,https://www.kamehouse-db.com/product/543,https://www.kamehouse-db.com/product/543?utm_source=mercari&utm_medium=cpc&utm_campaign=infeed_test,https://www.kamehouse-db.com/data/kamehouse/product/20250214_c7cee4.jpeg,80,あり
542,ブルマ(FP-012/PR),【プロモーションカード】 プロモーションパック vol.2 収録,プロモーションカード > プロモーションパック,https://www.kamehouse-db.com/product/542,https://www.kamehouse-db.com/product/542?utm_source=mercari&utm_medium=cpc&utm_campaign=infeed_test,https://www.kamehouse-db.com/data/kamehouse/product/20250214_2dc166.jpeg,80,あり
541,ジレン(FP-016/PR),【プロモーションカード】 プロモーションパック vol.3 収録,プロモーションカード > プロモーションパック,https://www.kamehouse-db.com/product/541,https://www.kamehouse-db.com/product/541?utm_source=mercari&utm_medium=cpc&utm_campaign=infeed_test,https://www.kamehouse-db.com/data/kamehouse/product/20250214_611156.jpeg,80,あり
540,孫悟飯:青年期(FP-017/PR),【プロモーションカード】 プロモーションパック vol.3 収録,プロモーションカード > プロモーションパック,https://www.kamehouse-db.com/product/540,https://www.kamehouse-db.com/product/540?utm_source=mercari&utm_medium=cpc&utm_campaign=infeed_test,https://www.kamehouse-db.com/data/kamehouse/product/20250214_db3e88.jpeg,80,あり
539,ピッコロ(FP-018/PR),【プロモーションカード】 プロモーションパック vol.3 収録,プロモーションカード > プロモーションパック,https://www.kamehouse-db.com/product/539,https://www.kamehouse-db.com/product/539?utm_source=mercari&utm_medium=cpc&utm_campaign=infeed_test,https://www.kamehouse-db.com/data/kamehouse/product/20250214_8a0a9e.jpeg,80,あり
538,魔人ブウ(FP-019/PR),【プロモーションカード】 プロモーションパック vol.3 収録,プロモーションカード > プロモーションパック,https://www.kamehouse-db.com/product/538,https://www.kamehouse-db.com/product/538?utm_source=mercari&utm_medium=cpc&utm_campaign=infeed_test,https://www.kamehouse-db.com/data/kamehouse/product/20250214_00f23b.jpeg,80,あり
537,トランクス:GT(FP-020/PR),【プロモーションカード】 プロモーションパック vol.3 収録,プロモーションカード > プロモーションパック,https://www.kamehouse-db.com/product/537,https://www.kamehouse-db.com/product/537?utm_source=mercari&utm_medium=cpc&utm_campaign=infeed_test,https://www.kamehouse-db.com/data/kamehouse/product/20250214_f6091e.jpeg,120,あり
536,孫悟空(ミニ):DA(FP-031/PR),【プロモーションカード】 プロモーションパック vol.5 収録,プロモーションカード > プロモーションパック,https://www.kamehouse-db.com/product/536,https://www.kamehouse-db.com/product/536?utm_source=mercari&utm_medium=cpc&utm_campaign=infeed_test,https://www.kamehouse-db.com/data/kamehouse/product/20250214_b9106f.jpeg,120,あり
535,ジャネンバ(FP-032/PR),【プロモーションカード】 プロモーションパック vol.5 収録,プロモーションカード > プロモーションパック,https://www.kamehouse-db.com/product/535,https://www.kamehouse-db.com/product/535?utm_source=mercari&utm_medium=cpc&utm_campaign=infeed_test,https://www.kamehouse-db.com/data/kamehouse/product/20250214_514d98.jpeg,120,あり
534,ベジータ(FP-033/PR),【プロモーションカード】 プロモーションパック vol.5 収録,プロモーションカード > プロモーションパック,https://www.kamehouse-db.com/product/534,https://www.kamehouse-db.com/product/534?utm_source=mercari&utm_medium=cpc&utm_campaign=infeed_test,https://www.kamehouse-db.com/data/kamehouse/product/20250214_e071e3.jpeg,280,あり
533,ベジータ(ミニ):DA(FP-029/PR),【プロモーションカード】 最強ジャンプ 付録,プロモーションカード > 雑誌付録,https://www.kamehouse-db.com/product/533,https://www.kamehouse-db.com/product/533?utm_source=mercari&utm_medium=cpc&utm_campaign=infeed_test,https://www.kamehouse-db.com/data/kamehouse/product/20250214_8bacf6.jpeg,460,あり
532,孫悟空(ミニ):DA(FP-024/PR☆),【プロモーションカード】 Vジャンプ 付録,プロモーションカード > 雑誌付録,https://www.kamehouse-db.com/product/532,https://www.kamehouse-db.com/product/532?utm_source=mercari&utm_medium=cpc&utm_campaign=infeed_test,https://www.kamehouse-db.com/data/kamehouse/product/20250214_e504c1.jpeg,460,あり
530,孫悟空:GT(FP-022/PR),【プロモーションカード】 Vジャンプ 付録,プロモーションカード > 雑誌付録,https://www.kamehouse-db.com/product/530,https://www.kamehouse-db.com/product/530?utm_source=mercari&utm_medium=cpc&utm_campaign=infeed_test,https://www.kamehouse-db.com/data/kamehouse/product/20250214_e320c9.jpeg,80,あり
528,ブロリー:BR(FP-014/PR),【プロモーションカード】 Vジャンプ 付録,プロモーションカード > 雑誌付録,https://www.kamehouse-db.com/product/528,https://www.kamehouse-db.com/product/528?utm_source=mercari&utm_medium=cpc&utm_campaign=infeed_test,https://www.kamehouse-db.com/data/kamehouse/product/20250214_a29c15.jpeg,120,あり
527,ベジータ(FP-007/PR),【プロモーションカード】 最強ジャンプ 付録,プロモーションカード > 雑誌付録,https://www.kamehouse-db.com/product/527,https://www.kamehouse-db.com/product/527?utm_source=mercari&utm_medium=cpc&utm_campaign=infeed_test,https://www.kamehouse-db.com/data/kamehouse/product/20250214_7c5887.jpeg,80,あり
526,孫悟空(FP-006/PR),【プロモーションカード】 Vジャンプ 付録,プロモーションカード > 雑誌付録,https://www.kamehouse-db.com/product/526,https://www.kamehouse-db.com/product/526?utm_source=mercari&utm_medium=cpc&utm_campaign=infeed_test,https://www.kamehouse-db.com/data/kamehouse/product/20250214_0fa5c7.jpeg,180,あり
522,孫悟飯(FP-013/PR),【プロモーションカード】 交流会 参加賞,プロモーションカード > 交流会・ショップバトル,https://www.kamehouse-db.com/product/522,https://www.kamehouse-db.com/product/522?utm_source=mercari&utm_medium=cpc&utm_campaign=infeed_test,https://www.kamehouse-db.com/data/kamehouse/product/20250214_d76448.jpeg,80,あり
521,孫悟空(FP-008/PR),【プロモーションカード】 交流会 参加賞,プロモーションカード > 交流会・ショップバトル,https://www.kamehouse-db.com/product/521,https://www.kamehouse-db.com/product/521?utm_source=mercari&utm_medium=cpc&utm_campaign=infeed_test,https://www.kamehouse-db.com/data/kamehouse/product/20250214_10fa65.jpeg,120,あり
516,ベジット(FB04-046/R☆/パラレル),【プロモーションカード】 ショップバトル(スタンダード)上位記念品,プロモーションカード > 交流会・ショップバトル,https://www.kamehouse-db.com/product/516,https://www.kamehouse-db.com/product/516?utm_source=mercari&utm_medium=cpc&utm_campaign=infeed_test,https://www.kamehouse-db.com/data/kamehouse/product/20250214_13ff85.jpeg,1220,あり
515,ベジータ(FB04-069/R☆/パラレル),【プロモーションカード】 ショップバトル(リーダーリミテッド)上位記念品,プロモーションカード > 交流会・ショップバトル,https://www.kamehouse-db.com/product/515,https://www.kamehouse-db.com/product/515?utm_source=mercari&utm_medium=cpc&utm_campaign=infeed_test,https://www.kamehouse-db.com/data/kamehouse/product/20250214_544883.jpeg,1130,あり
514,魔人ブウ:悪(FB04-091/UC☆/パラレル),【プロモーションカード】 ショップバトル(リーダーリミテッド)上位記念品,プロモーションカード > 交流会・ショップバトル,https://www.kamehouse-db.com/product/514,https://www.kamehouse-db.com/product/514?utm_source=mercari&utm_medium=cpc&utm_campaign=infeed_test,https://www.kamehouse-db.com/data/kamehouse/product/20250214_e5d10e.jpeg,560,あり
513,パン:GT(FB04-117/UC☆/パラレル),【プロモーションカード】 ショップバトル(スタンダード)上位記念品,プロモーションカード > 交流会・ショップバトル,https://www.kamehouse-db.com/product/513,https://www.kamehouse-db.com/product/513?utm_source=mercari&utm_medium=cpc&utm_campaign=infeed_test,https://www.kamehouse-db.com/data/kamehouse/product/20250214_383390.jpeg,460,あり
512,運命への抵抗(FS05-15/C☆),【プロモーションカード】 アニバーサリーパック03 収録,プロモーションカード > アニバーサリーパック,https://www.kamehouse-db.com/product/512,https://www.kamehouse-db.com/product/512?utm_source=mercari&utm_medium=cpc&utm_campaign=infeed_test,https://www.kamehouse-db.com/data/kamehouse/product/20250214_5c4f01.jpeg,460,あり
509,破壊の剛腕(FS03-16/C☆),【プロモーションカード】 アニバーサリーパック03 収録,プロモーションカード > アニバーサリーパック,https://www.kamehouse-db.com/product/509,https://www.kamehouse-db.com/product/509?utm_source=mercari&utm_medium=cpc&utm_campaign=infeed_test,https://www.kamehouse-db.com/data/kamehouse/product/20250214_24339f.jpeg,380,あり
508,モア(FS03-13/C☆),【プロモーションカード】 アニバーサリーパック03 収録,プロモーションカード > アニバーサリーパック,https://www.kamehouse-db.com/product/508,https://www.kamehouse-db.com/product/508?utm_source=mercari&utm_medium=cpc&utm_campaign=infeed_test,https://www.kamehouse-db.com/data/kamehouse/product/20250214_4b7341.jpeg,560,あり
506,イレーザ(FB03-028/C☆),【プロモーションカード】 アニバーサリーパック03 収録,プロモーションカード > アニバーサリーパック,https://www.kamehouse-db.com/product/506,https://www.kamehouse-db.com/product/506?utm_source=mercari&utm_medium=cpc&utm_campaign=infeed_test,https://www.kamehouse-db.com/data/kamehouse/product/20250214_560b55.jpeg,940,あり
504,ケフラ(FB02-012/UC☆),【プロモーションカード】 アニバーサリーパック03 収録,プロモーションカード > アニバーサリーパック,https://www.kamehouse-db.com/product/504,https://www.kamehouse-db.com/product/504?utm_source=mercari&utm_medium=cpc&utm_campaign=infeed_test,https://www.kamehouse-db.com/data/kamehouse/product/20250214_e0738a.jpeg,460,あり
501,ベジット(FB02-061/SR☆),FB02 烈火の闘気 収録,FB02 烈火の闘気 > パラレル,https://www.kamehouse-db.com/product/501,https://www.kamehouse-db.com/product/501?utm_source=mercari&utm_medium=cpc&utm_campaign=infeed_test,https://www.kamehouse-db.com/data/kamehouse/product/20250211_c9828a.jpeg,560,あり
500,ヒット(FB01-021/SR),FB01 覚醒の鼓動 収録,FB01 覚醒の鼓動 > SR,https://www.kamehouse-db.com/product/500,https://www.kamehouse-db.com/product/500?utm_source=mercari&utm_medium=cpc&utm_campaign=infeed_test,https://www.kamehouse-db.com/data/kamehouse/product/20250211_7bd2d2.jpeg,80,あり
499,ビルス(FB01-023/SR),FB01 覚醒の鼓動 収録,FB01 覚醒の鼓動 > SR,https://www.kamehouse-db.com/product/499,https://www.kamehouse-db.com/product/499?utm_source=mercari&utm_medium=cpc&utm_campaign=infeed_test,https://www.kamehouse-db.com/data/kamehouse/product/20250211_c8c664.jpeg,80,あり
498,ゴクウブラック(FB01-039/SR),FB01 覚醒の鼓動 収録,FB01 覚醒の鼓動 > SR,https://www.kamehouse-db.com/product/498,https://www.kamehouse-db.com/product/498?utm_source=mercari&utm_medium=cpc&utm_campaign=infeed_test,https://www.kamehouse-db.com/data/kamehouse/product/20250211_f3d444.jpeg,80,あり
497,トランクス:未来(FB01-050/SR),FB01 覚醒の鼓動 収録,FB01 覚醒の鼓動 > SR,https://www.kamehouse-db.com/product/497,https://www.kamehouse-db.com/product/497?utm_source=mercari&utm_medium=cpc&utm_campaign=infeed_test,https://www.kamehouse-db.com/data/kamehouse/product/20250211_657a0b.jpeg,80,あり
496,マイ:未来(FB01-062/SR),FB01 覚醒の鼓動 収録,FB01 覚醒の鼓動 > SR,https://www.kamehouse-db.com/product/496,https://www.kamehouse-db.com/product/496?utm_source=mercari&utm_medium=cpc&utm_campaign=infeed_test,https://www.kamehouse-db.com/data/kamehouse/product/20250211_256c4a.jpeg,120,あり
495,人造人間17号/18号(FB01-078/SR),FB01 覚醒の鼓動 収録,FB01 覚醒の鼓動 > SR,https://www.kamehouse-db.com/product/495,https://www.kamehouse-db.com/product/495?utm_source=mercari&utm_medium=cpc&utm_campaign=infeed_test,https://www.kamehouse-db.com/data/kamehouse/product/20250211_2e212e.jpeg,120,あり
494,人造人間18号(FB01-079/SR),FB01 覚醒の鼓動 収録,FB01 覚醒の鼓動 > SR,https://www.kamehouse-db.com/product/494,https://www.kamehouse-db.com/product/494?utm_source=mercari&utm_medium=cpc&utm_campaign=infeed_test,https://www.kamehouse-db.com/data/kamehouse/product/20250211_fe9587.jpeg,120,あり
493,ベジータ(FB01-096/SR),FB01 覚醒の鼓動 収録,FB01 覚醒の鼓動 > SR,https://www.kamehouse-db.com/product/493,https://www.kamehouse-db.com/product/493?utm_source=mercari&utm_medium=cpc&utm_campaign=infeed_test,https://www.kamehouse-db.com/data/kamehouse/product/20250211_9c60f9.jpeg,180,あり
492,ギニュー(FB01-109/SR),FB01 覚醒の鼓動 収録,FB01 覚醒の鼓動 > SR,https://www.kamehouse-db.com/product/492,https://www.kamehouse-db.com/product/492?utm_source=mercari&utm_medium=cpc&utm_campaign=infeed_test,https://www.kamehouse-db.com/data/kamehouse/product/20250211_a5b506.jpeg,80,あり
491,クウラ(FB01-113/SR),FB01 覚醒の鼓動 収録,FB01 覚醒の鼓動 > SR,https://www.kamehouse-db.com/product/491,https://www.kamehouse-db.com/product/491?utm_source=mercari&utm_medium=cpc&utm_campaign=infeed_test,https://www.kamehouse-db.com/data/kamehouse/product/20250211_1b4040.jpeg,80,あり
490,フリーザ(FB01-129/SR),FB01 覚醒の鼓動 収録,FB01 覚醒の鼓動 > SR,https://www.kamehouse-db.com/product/490,https://www.kamehouse-db.com/product/490?utm_source=mercari&utm_medium=cpc&utm_campaign=infeed_test,https://www.kamehouse-db.com/data/kamehouse/product/20250211_9eab6d.jpeg,80,あり
489,孫悟空(FB01-015/SR),FB01 覚醒の鼓動 収録,FB01 覚醒の鼓動 > SR,https://www.kamehouse-db.com/product/489,https://www.kamehouse-db.com/product/489?utm_source=mercari&utm_medium=cpc&utm_campaign=infeed_test,https://www.kamehouse-db.com/data/kamehouse/product/20250211_2bb0f0.jpeg,80,あり
488,クウラ(FB01-113/SR☆),FB01 覚醒の鼓動 収録,FB01 覚醒の鼓動 > パラレル,https://www.kamehouse-db.com/product/488,https://www.kamehouse-db.com/product/488?utm_source=mercari&utm_medium=cpc&utm_campaign=infeed_test,https://www.kamehouse-db.com/data/kamehouse/product/20250211_8851be.jpeg,370,あり
484,ヒット(FB01-021/SR☆),FB01 覚醒の鼓動 収録,FB01 覚醒の鼓動 > パラレル,https://www.kamehouse-db.com/product/484,https://www.kamehouse-db.com/product/484?utm_source=mercari&utm_medium=cpc&utm_campaign=infeed_test,https://www.kamehouse-db.com/data/kamehouse/product/20250211_a8c79d.jpeg,370,あり
481,終わりだ(FB03-023/R☆),アニバーサリーパック01 収録,プロモーションカード > アニバーサリーパック,https://www.kamehouse-db.com/product/481,https://www.kamehouse-db.com/product/481?utm_source=mercari&utm_medium=cpc&utm_campaign=infeed_test,https://www.kamehouse-db.com/data/kamehouse/product/20250208_ea863e.JPG,80,あり
480,終わりだ(FB03-023/R☆/パラレル),アニバーサリーパック01 収録,プロモーションカード > アニバーサリーパック,https://www.kamehouse-db.com/product/480,https://www.kamehouse-db.com/product/480?utm_source=mercari&utm_medium=cpc&utm_campaign=infeed_test,https://www.kamehouse-db.com/data/kamehouse/product/20250208_4a7a22.JPG,270,あり
479,ザマス(FB02-042/R☆),アニバーサリーパック01 収録,プロモーションカード > アニバーサリーパック,https://www.kamehouse-db.com/product/479,https://www.kamehouse-db.com/product/479?utm_source=mercari&utm_medium=cpc&utm_campaign=infeed_test,https://www.kamehouse-db.com/data/kamehouse/product/20250208_eec709.JPG,80,あり
478,ザマス(FB02-042/R☆/パラレル),アニバーサリーパック01 収録,プロモーションカード > アニバーサリーパック,https://www.kamehouse-db.com/product/478,https://www.kamehouse-db.com/product/478?utm_source=mercari&utm_medium=cpc&utm_campaign=infeed_test,https://www.kamehouse-db.com/data/kamehouse/product/20250208_d529e8.JPG,80,あり
477,ゴクウブラック(FB02-039/UC☆),アニバーサリーパック01 収録,プロモーションカード > アニバーサリーパック,https://www.kamehouse-db.com/product/477,https://www.kamehouse-db.com/product/477?utm_source=mercari&utm_medium=cpc&utm_campaign=infeed_test,https://www.kamehouse-db.com/data/kamehouse/product/20250208_bf4313.JPG,80,あり
475,セルジュニア(FB02-085/R☆),アニバーサリーパック01 収録,プロモーションカード > アニバーサリーパック,https://www.kamehouse-db.com/product/475,https://www.kamehouse-db.com/product/475?utm_source=mercari&utm_medium=cpc&utm_campaign=infeed_test,https://www.kamehouse-db.com/data/kamehouse/product/20250208_7fb727.JPG,80,あり
474,セルジュニア(FB02-085/R☆/パラレル),アニバーサリーパック01 収録,プロモーションカード > アニバーサリーパック,https://www.kamehouse-db.com/product/474,https://www.kamehouse-db.com/product/474?utm_source=mercari&utm_medium=cpc&utm_campaign=infeed_test,https://www.kamehouse-db.com/data/kamehouse/product/20250208_c9fa41.JPG,370,あり
473,孫悟空(FB02-086/R☆),アニバーサリーパック01 収録,プロモーションカード > アニバーサリーパック,https://www.kamehouse-db.com/product/473,https://www.kamehouse-db.com/product/473?utm_source=mercari&utm_medium=cpc&utm_campaign=infeed_test,https://www.kamehouse-db.com/data/kamehouse/product/20250208_24e98a.JPG,80,あり
472,孫悟空(FB02-086/R☆/パラレル),アニバーサリーパック01 収録,プロモーションカード > アニバーサリーパック,https://www.kamehouse-db.com/product/472,https://www.kamehouse-db.com/product/472?utm_source=mercari&utm_medium=cpc&utm_campaign=infeed_test,https://www.kamehouse-db.com/data/kamehouse/product/20250208_2fcf2e.JPG,840,あり
471,バビディ(FB03-083/R☆),アニバーサリーパック01 収録,プロモーションカード > アニバーサリーパック,https://www.kamehouse-db.com/product/471,https://www.kamehouse-db.com/product/471?utm_source=mercari&utm_medium=cpc&utm_campaign=infeed_test,https://www.kamehouse-db.com/data/kamehouse/product/20250208_9d341a.JPG,80,あり
470,バビディ(FB03-083/R☆/パラレル),アニバーサリーパック01 収録,プロモーションカード > アニバーサリーパック,https://www.kamehouse-db.com/product/470,https://www.kamehouse-db.com/product/470?utm_source=mercari&utm_medium=cpc&utm_campaign=infeed_test,https://www.kamehouse-db.com/data/kamehouse/product/20250208_df6063.JPG,120,あり
469,ベジータ(FB02-132/UC☆),アニバーサリーパック01 収録,プロモーションカード > アニバーサリーパック,https://www.kamehouse-db.com/product/469,https://www.kamehouse-db.com/product/469?utm_source=mercari&utm_medium=cpc&utm_campaign=infeed_test,https://www.kamehouse-db.com/data/kamehouse/product/20250208_cdbdd6.JPG,80,あり
467,たったひとりの最終決戦(FS05-16/C☆),アニバーサリーパック01 収録,プロモーションカード > アニバーサリーパック,https://www.kamehouse-db.com/product/467,https://www.kamehouse-db.com/product/467?utm_source=mercari&utm_medium=cpc&utm_campaign=infeed_test,https://www.kamehouse-db.com/data/kamehouse/product/20250208_e18fee.JPG,80,あり
466,たったひとりの最終決戦(FS05-16/C☆/パラレル),アニバーサリーパック01 収録,プロモーションカード > アニバーサリーパック,https://www.kamehouse-db.com/product/466,https://www.kamehouse-db.com/product/466?utm_source=mercari&utm_medium=cpc&utm_campaign=infeed_test,https://www.kamehouse-db.com/data/kamehouse/product/20250208_299c40.JPG,180,あり
460,アルミインナー【TOYGER】,TOYGER製 アルミインナー スタンダードサイズのカード用です。 64mm×89mm,サプライ > スリーブ,https://www.kamehouse-db.com/product/460,https://www.kamehouse-db.com/product/460?utm_source=mercari&utm_medium=cpc&utm_campaign=infeed_test,https://www.kamehouse-db.com/data/kamehouse/product/20250208_80b458.JPG,380,あり
457,孫悟空(ミニ):DA(FP-037/PR),【プロモーションカード】 Vジャンプスペシャル 1st COMPLETE CARD COLLECTION 収録,プロモーションカード > 雑誌付録,https://www.kamehouse-db.com/product/457,https://www.kamehouse-db.com/product/457?utm_source=mercari&utm_medium=cpc&utm_campaign=infeed_test,https://www.kamehouse-db.com/data/kamehouse/product/20250207_e21515.JPG,180,あり
441,人造人間18号(ミニ):DA (FS06-05/C☆),FS06 孫悟空(ミニ) ボーナスカード収録,スタートデッキ > FS06 孫悟空(ミニ),https://www.kamehouse-db.com/product/441,https://www.kamehouse-db.com/product/441?utm_source=mercari&utm_medium=cpc&utm_campaign=infeed_test,https://www.kamehouse-db.com/data/kamehouse/product/20250204_a71830.JPG,180,あり
440,クリリン(ミニ):DA (FS06-02/C☆),FS06 孫悟空(ミニ) ボーナスカード収録,スタートデッキ > FS06 孫悟空(ミニ),https://www.kamehouse-db.com/product/440,https://www.kamehouse-db.com/product/440?utm_source=mercari&utm_medium=cpc&utm_campaign=infeed_test,https://www.kamehouse-db.com/data/kamehouse/product/20250204_a9fa8b.JPG,110,あり
439,トランクス(ミニ):DA(FS07-04/C☆),FS07 ベジータ(ミニ) ボーナスカード収録,スタートデッキ > FS07 ベジータ(ミニ),https://www.kamehouse-db.com/product/439,https://www.kamehouse-db.com/product/439?utm_source=mercari&utm_medium=cpc&utm_campaign=infeed_test,https://www.kamehouse-db.com/data/kamehouse/product/20250204_08d7d5.JPG,270,あり
430,バーダック(E-06),オフィシャルカードケース&カードスリーブセット01 収録,エナジーマーカー > 配布・特典・景品,https://www.kamehouse-db.com/product/430,https://www.kamehouse-db.com/product/430?utm_source=mercari&utm_medium=cpc&utm_campaign=infeed_test,https://www.kamehouse-db.com/data/kamehouse/product/20250128_d4e7af.JPG,1600,あり
426,孫悟空(ミニ):DA(FP-024/PR),プロモーションパックvol.4 収録,プロモーションカード > プロモーションパック,https://www.kamehouse-db.com/product/426,https://www.kamehouse-db.com/product/426?utm_source=mercari&utm_medium=cpc&utm_campaign=infeed_test,https://www.kamehouse-db.com/data/kamehouse/product/20250128_9a50c5.JPG,120,あり
425,魔人ブウ:純粋(FP-025/PR),プロモーションパックvol.4 収録,プロモーションカード > プロモーションパック,https://www.kamehouse-db.com/product/425,https://www.kamehouse-db.com/product/425?utm_source=mercari&utm_medium=cpc&utm_campaign=infeed_test,https://www.kamehouse-db.com/data/kamehouse/product/20250128_bcb15a.JPG,80,あり
424,スーパーベビー2(FP-026/PR),プロモーションパックvol.4 収録,プロモーションカード > プロモーションパック,https://www.kamehouse-db.com/product/424,https://www.kamehouse-db.com/product/424?utm_source=mercari&utm_medium=cpc&utm_campaign=infeed_test,https://www.kamehouse-db.com/data/kamehouse/product/20250128_127606.JPG,80,あり
422,ラディッツ(FB03-073/UC☆),バトルパック03 収録,プロモーションカード > バトルパック,https://www.kamehouse-db.com/product/422,https://www.kamehouse-db.com/product/422?utm_source=mercari&utm_medium=cpc&utm_campaign=infeed_test,https://www.kamehouse-db.com/data/kamehouse/product/20250128_29d349.JPG,120,あり
420,亀仙人(FB01-005/UC☆),バトルパック01 収録,プロモーションカード > バトルパック,https://www.kamehouse-db.com/product/420,https://www.kamehouse-db.com/product/420?utm_source=mercari&utm_medium=cpc&utm_campaign=infeed_test,https://www.kamehouse-db.com/data/kamehouse/product/20250128_8e83f2.JPG,280,あり
419,セル(FB03-061/R☆),【プロモーションカード】 ショップバトル 景品,プロモーションカード > 交流会・ショップバトル,https://www.kamehouse-db.com/product/419,https://www.kamehouse-db.com/product/419?utm_source=mercari&utm_medium=cpc&utm_campaign=infeed_test,https://www.kamehouse-db.com/data/kamehouse/product/20250128_5e6a22.JPG,280,あり
416,グロリオ:DA(FB05-006/SR),FB05 未知なる冒険 収録,FB05 未知なる冒険 > SR,https://www.kamehouse-db.com/product/416,https://www.kamehouse-db.com/product/416?utm_source=mercari&utm_medium=cpc&utm_campaign=infeed_test,https://www.kamehouse-db.com/data/kamehouse/product/20250127_8607dc.jpeg,80,あり
415,タマガミ・ナンバー・スリー:DA(FB05-009/SR),FB05 未知なる冒険 収録,FB05 未知なる冒険 > SR,https://www.kamehouse-db.com/product/415,https://www.kamehouse-db.com/product/415?utm_source=mercari&utm_medium=cpc&utm_campaign=infeed_test,https://www.kamehouse-db.com/data/kamehouse/product/20250127_739473.jpeg,80,あり
414,パンジ:DA(FB05-015/SR),FB05 未知なる冒険 収録,FB05 未知なる冒険 > SR,https://www.kamehouse-db.com/product/414,https://www.kamehouse-db.com/product/414?utm_source=mercari&utm_medium=cpc&utm_campaign=infeed_test,https://www.kamehouse-db.com/data/kamehouse/product/20250127_5ddb72.jpeg,80,あり
413,孫悟空(FB05-030/SR),FB05 未知なる冒険 収録,FB05 未知なる冒険 > SR,https://www.kamehouse-db.com/product/413,https://www.kamehouse-db.com/product/413?utm_source=mercari&utm_medium=cpc&utm_campaign=infeed_test,https://www.kamehouse-db.com/data/kamehouse/product/20250127_a6ad8c.jpeg,210,あり
412,ベジータ(FB05-038/SR),FB05 未知なる冒険 収録,FB05 未知なる冒険 > SR,https://www.kamehouse-db.com/product/412,https://www.kamehouse-db.com/product/412?utm_source=mercari&utm_medium=cpc&utm_campaign=infeed_test,https://www.kamehouse-db.com/data/kamehouse/product/20250127_486302.jpeg,270,あり
411,ベジット(FB05-040/SR),FB05 未知なる冒険 収録,FB05 未知なる冒険 > SR,https://www.kamehouse-db.com/product/411,https://www.kamehouse-db.com/product/411?utm_source=mercari&utm_medium=cpc&utm_campaign=infeed_test,https://www.kamehouse-db.com/data/kamehouse/product/20250127_72b47c.jpeg,170,あり
410,クリリン(FB05-051/SR),FB05 未知なる冒険 収録,FB05 未知なる冒険 > SR,https://www.kamehouse-db.com/product/410,https://www.kamehouse-db.com/product/410?utm_source=mercari&utm_medium=cpc&utm_campaign=infeed_test,https://www.kamehouse-db.com/data/kamehouse/product/20250127_503c96.jpeg,120,あり
409,孫悟飯:幼年期(FB05-054/SR),FB05 未知なる冒険 収録,FB05 未知なる冒険 > SR,https://www.kamehouse-db.com/product/409,https://www.kamehouse-db.com/product/409?utm_source=mercari&utm_medium=cpc&utm_campaign=infeed_test,https://www.kamehouse-db.com/data/kamehouse/product/20250127_55e396.jpeg,170,あり
408,ジャネンバ(FB05-080/SR),FB05 未知なる冒険 収録,FB05 未知なる冒険 > SR,https://www.kamehouse-db.com/product/408,https://www.kamehouse-db.com/product/408?utm_source=mercari&utm_medium=cpc&utm_campaign=infeed_test,https://www.kamehouse-db.com/data/kamehouse/product/20250127_db0a52.jpeg,280,あり
407,バイオブロリー(FB05-084/SR),FB05 未知なる冒険 収録,FB05 未知なる冒険 > SR,https://www.kamehouse-db.com/product/407,https://www.kamehouse-db.com/product/407?utm_source=mercari&utm_medium=cpc&utm_campaign=infeed_test,https://www.kamehouse-db.com/data/kamehouse/product/20250127_c4c4a6.jpeg,80,あり
406,孫悟空(FB05-100/SR),FB05 未知なる冒険 収録,FB05 未知なる冒険 > SR,https://www.kamehouse-db.com/product/406,https://www.kamehouse-db.com/product/406?utm_source=mercari&utm_medium=cpc&utm_campaign=infeed_test,https://www.kamehouse-db.com/data/kamehouse/product/20250127_14f072.jpeg,120,あり
405,パイクーハン(FB05-107/SR),FB05 未知なる冒険 収録,FB05 未知なる冒険 > SR,https://www.kamehouse-db.com/product/405,https://www.kamehouse-db.com/product/405?utm_source=mercari&utm_medium=cpc&utm_campaign=infeed_test,https://www.kamehouse-db.com/data/kamehouse/product/20250127_f495c7.jpeg,120,あり
404,グロリオ:DA(FB05-006/SR☆),FB05 未知なる冒険 収録,FB05 未知なる冒険 > パラレル,https://www.kamehouse-db.com/product/404,https://www.kamehouse-db.com/product/404?utm_source=mercari&utm_medium=cpc&utm_campaign=infeed_test,https://www.kamehouse-db.com/data/kamehouse/product/20250127_bf33cb.jpeg,370,あり
403,タマガミ・ナンバー・スリー:DA(FB05-009/SR☆),FB05 未知なる冒険 収録,FB05 未知なる冒険 > パラレル,https://www.kamehouse-db.com/product/403,https://www.kamehouse-db.com/product/403?utm_source=mercari&utm_medium=cpc&utm_campaign=infeed_test,https://www.kamehouse-db.com/data/kamehouse/product/20250127_bdb1c9.jpeg,370,あり
402,パンジ:DA(FB05-015/SR☆),FB05 未知なる冒険 収録,FB05 未知なる冒険 > パラレル,https://www.kamehouse-db.com/product/402,https://www.kamehouse-db.com/product/402?utm_source=mercari&utm_medium=cpc&utm_campaign=infeed_test,https://www.kamehouse-db.com/data/kamehouse/product/20250127_69c9fe.jpeg,460,あり
401,孫悟空(ミニ):DA(FB05-001/L☆),FB05 未知なる冒険 収録,FB05 未知なる冒険 > L☆,https://www.kamehouse-db.com/product/401,https://www.kamehouse-db.com/product/401?utm_source=mercari&utm_medium=cpc&utm_campaign=infeed_test,https://www.kamehouse-db.com/data/kamehouse/product/20250127_cdc760.jpeg,2170,あり
399,身勝手の極意の片鱗(FB02-035/C☆/DOKKAN),FB05 未知なる冒険 収録,FB05 未知なる冒険 > パラレル,https://www.kamehouse-db.com/product/399,https://www.kamehouse-db.com/product/399?utm_source=mercari&utm_medium=cpc&utm_campaign=infeed_test,https://www.kamehouse-db.com/data/kamehouse/product/20250127_37e510.jpeg,1300,あり
397,孫悟空(FB05-030/SR☆),FB05 未知なる冒険 収録,FB05 未知なる冒険 > パラレル,https://www.kamehouse-db.com/product/397,https://www.kamehouse-db.com/product/397?utm_source=mercari&utm_medium=cpc&utm_campaign=infeed_test,https://www.kamehouse-db.com/data/kamehouse/product/20250127_f58e6a.jpeg,2360,あり
391,ザマス:合体(FB02-044/SR☆/DOKKAN),FB05 未知なる冒険 収録,FB05 未知なる冒険 > パラレル,https://www.kamehouse-db.com/product/391,https://www.kamehouse-db.com/product/391?utm_source=mercari&utm_medium=cpc&utm_campaign=infeed_test,https://www.kamehouse-db.com/data/kamehouse/product/20250127_1d8ad3.jpeg,360,あり
390,クリリン(FB05-051/SR☆),FB05 未知なる冒険 収録,FB05 未知なる冒険 > パラレル,https://www.kamehouse-db.com/product/390,https://www.kamehouse-db.com/product/390?utm_source=mercari&utm_medium=cpc&utm_campaign=infeed_test,https://www.kamehouse-db.com/data/kamehouse/product/20250127_9113d1.jpeg,460,あり
389,孫悟飯:幼年期(FB05-054/SR☆),FB05 未知なる冒険 収録,FB05 未知なる冒険 > パラレル,https://www.kamehouse-db.com/product/389,https://www.kamehouse-db.com/product/389?utm_source=mercari&utm_medium=cpc&utm_campaign=infeed_test,https://www.kamehouse-db.com/data/kamehouse/product/20250127_579d9e.jpeg,350,あり
388,孫悟空(FB05-119/SCR),FB05 未知なる冒険 収録,FB05 未知なる冒険 > SCR,https://www.kamehouse-db.com/product/388,https://www.kamehouse-db.com/product/388?utm_source=mercari&utm_medium=cpc&utm_campaign=infeed_test,https://www.kamehouse-db.com/data/kamehouse/product/20250127_c61d8a.jpeg,1700,あり
384,人造人間17号(FB01-077/UC☆/DOKKAN),FB05 未知なる冒険 収録,FB05 未知なる冒険 > パラレル,https://www.kamehouse-db.com/product/384,https://www.kamehouse-db.com/product/384?utm_source=mercari&utm_medium=cpc&utm_campaign=infeed_test,https://www.kamehouse-db.com/data/kamehouse/product/20250127_a3f1b6.jpeg,930,あり
381,バイオブロリー(FB05-084/SR☆),FB05 未知なる冒険 収録,FB05 未知なる冒険 > パラレル,https://www.kamehouse-db.com/product/381,https://www.kamehouse-db.com/product/381?utm_source=mercari&utm_medium=cpc&utm_campaign=infeed_test,https://www.kamehouse-db.com/data/kamehouse/product/20250127_f1fee6.jpeg,460,あり
380,メタルクウラ(FB02-135/UC☆/DOKKAN),FB05 未知なる冒険 収録,FB05 未知なる冒険 > パラレル,https://www.kamehouse-db.com/product/380,https://www.kamehouse-db.com/product/380?utm_source=mercari&utm_medium=cpc&utm_campaign=infeed_test,https://www.kamehouse-db.com/data/kamehouse/product/20250127_32492f.jpeg,550,あり
376,フリーザ(FB05-120/SCR☆),FB05 未知なる冒険 収録,FB05 未知なる冒険 > SCR,https://www.kamehouse-db.com/product/376,https://www.kamehouse-db.com/product/376?utm_source=mercari&utm_medium=cpc&utm_campaign=infeed_test,https://www.kamehouse-db.com/data/kamehouse/product/20250127_36503a.jpeg,2380,あり
373,孫悟空(FB05-100/SR☆),FB05 未知なる冒険 収録,FB05 未知なる冒険 > パラレル,https://www.kamehouse-db.com/product/373,https://www.kamehouse-db.com/product/373?utm_source=mercari&utm_medium=cpc&utm_campaign=infeed_test,https://www.kamehouse-db.com/data/kamehouse/product/20250127_6e7058.jpeg,1320,あり
371,孫悟空:GT(FB04-109/R☆/DOKKAN),FB05 未知なる冒険 収録,FB05 未知なる冒険 > パラレル,https://www.kamehouse-db.com/product/371,https://www.kamehouse-db.com/product/371?utm_source=mercari&utm_medium=cpc&utm_campaign=infeed_test,https://www.kamehouse-db.com/data/kamehouse/product/20250127_176b2b.jpeg,1210,あり
370,パイクーハン(FB05-107/SR☆),FB05 未知なる冒険 収録,FB05 未知なる冒険 > パラレル,https://www.kamehouse-db.com/product/370,https://www.kamehouse-db.com/product/370?utm_source=mercari&utm_medium=cpc&utm_campaign=infeed_test,https://www.kamehouse-db.com/data/kamehouse/product/20250127_0b6c21.jpeg,380,あり
369,たったひとりの最終決戦(FS05-16/C☆/DOKKAN),FB05 未知なる冒険 収録,FB05 未知なる冒険 > パラレル,https://www.kamehouse-db.com/product/369,https://www.kamehouse-db.com/product/369?utm_source=mercari&utm_medium=cpc&utm_campaign=infeed_test,https://www.kamehouse-db.com/data/kamehouse/product/20250127_7fcf2c.jpeg,550,あり
335,孫悟空(ミニ):DA(FS06-01/L☆),【プロモーションカード】 リーダリミテッドショップバトル景品,プロモーションカード > 交流会・ショップバトル,https://www.kamehouse-db.com/product/335,https://www.kamehouse-db.com/product/335?utm_source=mercari&utm_medium=cpc&utm_campaign=infeed_test,https://www.kamehouse-db.com/data/kamehouse/product/20241231_72e20c.jpg,1600,あり
334,人造人間17号(FS01-06/C☆),【プロモーションカード】 ショップバトル 景品,プロモーションカード > 交流会・ショップバトル,https://www.kamehouse-db.com/product/334,https://www.kamehouse-db.com/product/334?utm_source=mercari&utm_medium=cpc&utm_campaign=infeed_test,https://www.kamehouse-db.com/data/kamehouse/product/20241231_9c27ec.JPG,180,あり
329,トランクス:未来(FB01-049/R☆/再録),FB03 怒りの咆哮 収録,FB03 怒りの咆哮 > パラレル,https://www.kamehouse-db.com/product/329,https://www.kamehouse-db.com/product/329?utm_source=mercari&utm_medium=cpc&utm_campaign=infeed_test,https://www.kamehouse-db.com/data/kamehouse/product/20241229_e8f5cc.JPG,1980,あり
322,セル(FB02-070/L☆),FB02 烈火の闘気 収録,FB02 烈火の闘気 > L☆,https://www.kamehouse-db.com/product/322,https://www.kamehouse-db.com/product/322?utm_source=mercari&utm_medium=cpc&utm_campaign=infeed_test,https://www.kamehouse-db.com/data/kamehouse/product/20241229_645523.JPG,1280,あり
321,ギガンティックミーティア(FS03-15/C☆/再録),FB02 烈火の闘気 収録,FB02 烈火の闘気 > パラレル,https://www.kamehouse-db.com/product/321,https://www.kamehouse-db.com/product/321?utm_source=mercari&utm_medium=cpc&utm_campaign=infeed_test,https://www.kamehouse-db.com/data/kamehouse/product/20241229_44ba6d.JPG,4740,あり
320,ベジータ(FB02-133/SR☆),FB02 烈火の闘気 収録,FB02 烈火の闘気 > パラレル,https://www.kamehouse-db.com/product/320,https://www.kamehouse-db.com/product/320?utm_source=mercari&utm_medium=cpc&utm_campaign=infeed_test,https://www.kamehouse-db.com/data/kamehouse/product/20241229_7cc991.JPG,460,あり
318,孫悟空(FB01-139/SCR☆),FB01 覚醒の鼓動 収録,FB01 覚醒の鼓動 > SCR,https://www.kamehouse-db.com/product/318,https://www.kamehouse-db.com/product/318?utm_source=mercari&utm_medium=cpc&utm_campaign=infeed_test,https://www.kamehouse-db.com/data/kamehouse/product/20241229_a0dab1.JPG,4590,あり
317,孫悟空(FB01-139/SCR),FB01 覚醒の鼓動 収録,FB01 覚醒の鼓動 > SCR,https://www.kamehouse-db.com/product/317,https://www.kamehouse-db.com/product/317?utm_source=mercari&utm_medium=cpc&utm_campaign=infeed_test,https://www.kamehouse-db.com/data/kamehouse/product/20241229_fa9d21.JPG,550,あり
307,ビーデル(FB03-042/SR☆),FB03 怒りの咆哮 収録,FB03 怒りの咆哮 > パラレル,https://www.kamehouse-db.com/product/307,https://www.kamehouse-db.com/product/307?utm_source=mercari&utm_medium=cpc&utm_campaign=infeed_test,https://www.kamehouse-db.com/data/kamehouse/product/20241223_2fdf8c.JPG,450,あり
306,孫悟空(FB03-027/L☆),FB03 怒りの咆哮 収録,FB03 怒りの咆哮 > L☆,https://www.kamehouse-db.com/product/306,https://www.kamehouse-db.com/product/306?utm_source=mercari&utm_medium=cpc&utm_campaign=infeed_test,https://www.kamehouse-db.com/data/kamehouse/product/20241223_8295e7.JPG,3500,あり
304,パン:GT(FB03-125/SR),FB03 怒りの咆哮 収録,FB03 怒りの咆哮 > SR,https://www.kamehouse-db.com/product/304,https://www.kamehouse-db.com/product/304?utm_source=mercari&utm_medium=cpc&utm_campaign=infeed_test,https://www.kamehouse-db.com/data/kamehouse/product/20241223_2d17ee.JPG,80,あり
303,バーダック(FB03-121/SR),FB03 怒りの咆哮 収録,FB03 怒りの咆哮 > SR,https://www.kamehouse-db.com/product/303,https://www.kamehouse-db.com/product/303?utm_source=mercari&utm_medium=cpc&utm_campaign=infeed_test,https://www.kamehouse-db.com/data/kamehouse/product/20241223_91a438.JPG,180,あり
302,孫悟空:GT(FB03-111/SR),FB03 怒りの咆哮 収録,FB03 怒りの咆哮 > SR,https://www.kamehouse-db.com/product/302,https://www.kamehouse-db.com/product/302?utm_source=mercari&utm_medium=cpc&utm_campaign=infeed_test,https://www.kamehouse-db.com/data/kamehouse/product/20241223_ad8f8c.JPG,120,あり
301,魔人ブウ(FB03-093/SR),FB03 怒りの咆哮 収録,FB03 怒りの咆哮 > SR,https://www.kamehouse-db.com/product/301,https://www.kamehouse-db.com/product/301?utm_source=mercari&utm_medium=cpc&utm_campaign=infeed_test,https://www.kamehouse-db.com/data/kamehouse/product/20241223_7fd640.JPG,180,あり
300,ベジータ(FB03-089/SR),FB03 怒りの咆哮 収録,FB03 怒りの咆哮 > SR,https://www.kamehouse-db.com/product/300,https://www.kamehouse-db.com/product/300?utm_source=mercari&utm_medium=cpc&utm_campaign=infeed_test,https://www.kamehouse-db.com/data/kamehouse/product/20241223_ab1fb6.JPG,120,あり
299,ピッコロ(FB03-070/SR),FB03 怒りの咆哮 収録,FB03 怒りの咆哮 > SR,https://www.kamehouse-db.com/product/299,https://www.kamehouse-db.com/product/299?utm_source=mercari&utm_medium=cpc&utm_campaign=infeed_test,https://www.kamehouse-db.com/data/kamehouse/product/20241223_952e55.JPG,80,あり
298,孫悟空(FB03-064/SR),FB03 怒りの咆哮 収録,FB03 怒りの咆哮 > SR,https://www.kamehouse-db.com/product/298,https://www.kamehouse-db.com/product/298?utm_source=mercari&utm_medium=cpc&utm_campaign=infeed_test,https://www.kamehouse-db.com/data/kamehouse/product/20241223_4d561d.JPG,80,あり
297,ビーデル(FB03-042/SR),FB03 怒りの咆哮 収録,FB03 怒りの咆哮 > SR,https://www.kamehouse-db.com/product/297,https://www.kamehouse-db.com/product/297?utm_source=mercari&utm_medium=cpc&utm_campaign=infeed_test,https://www.kamehouse-db.com/data/kamehouse/product/20241223_f0f8bd.JPG,120,あり
296,孫悟飯:青年期(FB03-039/SR),FB03 怒りの咆哮 収録,FB03 怒りの咆哮 > SR,https://www.kamehouse-db.com/product/296,https://www.kamehouse-db.com/product/296?utm_source=mercari&utm_medium=cpc&utm_campaign=infeed_test,https://www.kamehouse-db.com/data/kamehouse/product/20241223_417efa.JPG,120,あり
295,ベジータ(FB03-020/SR),FB03 怒りの咆哮 収録,FB03 怒りの咆哮 > SR,https://www.kamehouse-db.com/product/295,https://www.kamehouse-db.com/product/295?utm_source=mercari&utm_medium=cpc&utm_campaign=infeed_test,https://www.kamehouse-db.com/data/kamehouse/product/20241223_9de145.JPG,120,あり
294,トッポ(FB03-016/SR),FB03 怒りの咆哮 収録,FB03 怒りの咆哮 > SR,https://www.kamehouse-db.com/product/294,https://www.kamehouse-db.com/product/294?utm_source=mercari&utm_medium=cpc&utm_campaign=infeed_test,https://www.kamehouse-db.com/data/kamehouse/product/20241223_6e5bc1.JPG,80,あり
293,魔人ブウ(FB03-093/SR☆),FB03 怒りの咆哮 収録,FB03 怒りの咆哮 > パラレル,https://www.kamehouse-db.com/product/293,https://www.kamehouse-db.com/product/293?utm_source=mercari&utm_medium=cpc&utm_campaign=infeed_test,https://www.kamehouse-db.com/data/kamehouse/product/20241223_c1f735.JPG,480,あり
292,ジレン(FB03-009/SR),FB03 怒りの咆哮 収録,FB03 怒りの咆哮 > SR,https://www.kamehouse-db.com/product/292,https://www.kamehouse-db.com/product/292?utm_source=mercari&utm_medium=cpc&utm_campaign=infeed_test,https://www.kamehouse-db.com/data/kamehouse/product/20241223_b0deac.JPG,80,あり
290,ベジータ(FB02-105/L☆),FB02 烈火の闘気 収録,FB02 烈火の闘気 > L☆,https://www.kamehouse-db.com/product/290,https://www.kamehouse-db.com/product/290?utm_source=mercari&utm_medium=cpc&utm_campaign=infeed_test,https://www.kamehouse-db.com/data/kamehouse/product/20241223_f2dfe8.JPG,1730,あり
289,ベジータ(FB02-133/SR),FB02 烈火の闘気 収録,FB02 烈火の闘気 > SR,https://www.kamehouse-db.com/product/289,https://www.kamehouse-db.com/product/289?utm_source=mercari&utm_medium=cpc&utm_campaign=infeed_test,https://www.kamehouse-db.com/data/kamehouse/product/20241223_790a5d.JPG,80,あり
288,ブルマ(FB02-130/SR),FB02 烈火の闘気 収録,FB02 烈火の闘気 > SR,https://www.kamehouse-db.com/product/288,https://www.kamehouse-db.com/product/288?utm_source=mercari&utm_medium=cpc&utm_campaign=infeed_test,https://www.kamehouse-db.com/data/kamehouse/product/20241223_0d0e8a.JPG,80,あり
287,孫悟空(FB02-119/SR),FB02 烈火の闘気 収録,FB02 烈火の闘気 > SR,https://www.kamehouse-db.com/product/287,https://www.kamehouse-db.com/product/287?utm_source=mercari&utm_medium=cpc&utm_campaign=infeed_test,https://www.kamehouse-db.com/data/kamehouse/product/20241223_8de449.JPG,120,あり
286,トランクス:未来(FB02-091/SR),FB02 烈火の闘気 収録,FB02 烈火の闘気 > SR,https://www.kamehouse-db.com/product/286,https://www.kamehouse-db.com/product/286?utm_source=mercari&utm_medium=cpc&utm_campaign=infeed_test,https://www.kamehouse-db.com/data/kamehouse/product/20241223_626d7b.JPG,120,あり
285,孫悟飯:未来(FB02-089/SR),FB02 烈火の闘気 収録,FB02 烈火の闘気 > SR,https://www.kamehouse-db.com/product/285,https://www.kamehouse-db.com/product/285?utm_source=mercari&utm_medium=cpc&utm_campaign=infeed_test,https://www.kamehouse-db.com/data/kamehouse/product/20241223_1e8537.JPG,80,あり
284,セル(FB02-084/SR),FB02 烈火の闘気 収録,FB02 烈火の闘気 > SR,https://www.kamehouse-db.com/product/284,https://www.kamehouse-db.com/product/284?utm_source=mercari&utm_medium=cpc&utm_campaign=infeed_test,https://www.kamehouse-db.com/data/kamehouse/product/20241223_f9ad00.JPG,80,あり
283,ベジット(FB02-061/SR),FB02 烈火の闘気 収録,FB02 烈火の闘気 > SR,https://www.kamehouse-db.com/product/283,https://www.kamehouse-db.com/product/283?utm_source=mercari&utm_medium=cpc&utm_campaign=infeed_test,https://www.kamehouse-db.com/data/kamehouse/product/20241223_0e6bf5.JPG,80,あり
282,ザマス:合体(FB02-044/SR),FB02 烈火の闘気 収録,FB02 烈火の闘気 > SR,https://www.kamehouse-db.com/product/282,https://www.kamehouse-db.com/product/282?utm_source=mercari&utm_medium=cpc&utm_campaign=infeed_test,https://www.kamehouse-db.com/data/kamehouse/product/20241223_31b72f.JPG,80,あり
281,ザマス(FB02-043/SR),FB02 烈火の闘気 収録,FB02 烈火の闘気 > SR,https://www.kamehouse-db.com/product/281,https://www.kamehouse-db.com/product/281?utm_source=mercari&utm_medium=cpc&utm_campaign=infeed_test,https://www.kamehouse-db.com/data/kamehouse/product/20241223_e93c2b.JPG,80,あり
280,孫悟飯:青年期(FB02-018/SR),FB02 烈火の闘気 収録,FB02 烈火の闘気 > SR,https://www.kamehouse-db.com/product/280,https://www.kamehouse-db.com/product/280?utm_source=mercari&utm_medium=cpc&utm_campaign=infeed_test,https://www.kamehouse-db.com/data/kamehouse/product/20241223_ca402f.JPG,80,あり
279,人造人間17号(FB02-015/SR),FB02 烈火の闘気 収録,FB02 烈火の闘気 > SR,https://www.kamehouse-db.com/product/279,https://www.kamehouse-db.com/product/279?utm_source=mercari&utm_medium=cpc&utm_campaign=infeed_test,https://www.kamehouse-db.com/data/kamehouse/product/20241223_95dbd7.JPG,80,あり
278,ケフラ(FB02-013/SR),FB02 烈火の闘気 収録,FB02 烈火の闘気 > SR,https://www.kamehouse-db.com/product/278,https://www.kamehouse-db.com/product/278?utm_source=mercari&utm_medium=cpc&utm_campaign=infeed_test,https://www.kamehouse-db.com/data/kamehouse/product/20241223_c5646b.JPG,120,あり
277,ゴールデンフリーザ(FB02-140/SCR),FB02 烈火の闘気 収録,FB02 烈火の闘気 > SCR,https://www.kamehouse-db.com/product/277,https://www.kamehouse-db.com/product/277?utm_source=mercari&utm_medium=cpc&utm_campaign=infeed_test,https://www.kamehouse-db.com/data/kamehouse/product/20241223_1e6858.JPG,210,あり
276,ブルマ(FB02-130/SR☆),FB02 烈火の闘気 収録,FB02 烈火の闘気 > パラレル,https://www.kamehouse-db.com/product/276,https://www.kamehouse-db.com/product/276?utm_source=mercari&utm_medium=cpc&utm_campaign=infeed_test,https://www.kamehouse-db.com/data/kamehouse/product/20241223_cd9542.JPG,460,あり
274,孫悟飯:未来(FB02-089/SR☆),FB02 烈火の闘気 収録,FB02 烈火の闘気 > パラレル,https://www.kamehouse-db.com/product/274,https://www.kamehouse-db.com/product/274?utm_source=mercari&utm_medium=cpc&utm_campaign=infeed_test,https://www.kamehouse-db.com/data/kamehouse/product/20241223_fdb7ca.JPG,350,あり
273,ザマス:合体(FB02-044/SR☆),FB02 烈火の闘気 収録,FB02 烈火の闘気 > パラレル,https://www.kamehouse-db.com/product/273,https://www.kamehouse-db.com/product/273?utm_source=mercari&utm_medium=cpc&utm_campaign=infeed_test,https://www.kamehouse-db.com/data/kamehouse/product/20241223_567842.JPG,370,あり
272,ザマス(FB02-043/SR☆),FB02 烈火の闘気 収録,FB02 烈火の闘気 > パラレル,https://www.kamehouse-db.com/product/272,https://www.kamehouse-db.com/product/272?utm_source=mercari&utm_medium=cpc&utm_campaign=infeed_test,https://www.kamehouse-db.com/data/kamehouse/product/20241223_d35818.JPG,370,あり
270,ザマス:合体(FB02-036/L☆),FB02 烈火の闘気 収録,FB02 烈火の闘気 > L☆,https://www.kamehouse-db.com/product/270,https://www.kamehouse-db.com/product/270?utm_source=mercari&utm_medium=cpc&utm_campaign=infeed_test,https://www.kamehouse-db.com/data/kamehouse/product/20241223_cdc2fd.JPG,750,あり
267,マイ:未来(FB01-062/SR☆),FB01 覚醒の鼓動 収録,FB01 覚醒の鼓動 > パラレル,https://www.kamehouse-db.com/product/267,https://www.kamehouse-db.com/product/267?utm_source=mercari&utm_medium=cpc&utm_campaign=infeed_test,https://www.kamehouse-db.com/data/kamehouse/product/20241223_04cf3e.JPG,370,あり
265,人造人間17号/人造人間18号(FB01-070/L☆),FB01 覚醒の鼓動 収録,FB01 覚醒の鼓動 > L☆,https://www.kamehouse-db.com/product/265,https://www.kamehouse-db.com/product/265?utm_source=mercari&utm_medium=cpc&utm_campaign=infeed_test,https://www.kamehouse-db.com/data/kamehouse/product/20241223_52def2.JPG,2290,あり
264,エナジーマーカー(E01-01☆),オフィシャルカードケース01＜孫悟空＞ 収録,エナジーマーカー > 配布・特典・景品,https://www.kamehouse-db.com/product/264,https://www.kamehouse-db.com/product/264?utm_source=mercari&utm_medium=cpc&utm_campaign=infeed_test,https://www.kamehouse-db.com/data/kamehouse/product/20241223_4df634.JPG,6160,あり
262,孫悟空(FB04-059/SR☆),FB04 限界を超えし者 収録,FB04 限界を超えし者 > パラレル,https://www.kamehouse-db.com/product/262,https://www.kamehouse-db.com/product/262?utm_source=mercari&utm_medium=cpc&utm_campaign=infeed_test,https://www.kamehouse-db.com/data/kamehouse/product/20241223_eb7ed5.JPG,980,あり
251,ベジータ:DA(FS07-07/SR),FS07 ベジータ(ミニ) 収録,スタートデッキ > FS07 ベジータ(ミニ),https://www.kamehouse-db.com/product/251,https://www.kamehouse-db.com/product/251?utm_source=mercari&utm_medium=cpc&utm_campaign=infeed_test,https://www.kamehouse-db.com/data/kamehouse/product/20241222_56bae3.JPG,80,あり
250,ピッコロ(ミニ):DA(FS07-05/SR),FS07 ベジータ(ミニ) 収録,スタートデッキ > FS07 ベジータ(ミニ),https://www.kamehouse-db.com/product/250,https://www.kamehouse-db.com/product/250?utm_source=mercari&utm_medium=cpc&utm_campaign=infeed_test,https://www.kamehouse-db.com/data/kamehouse/product/20241222_d5f90b.JPG,80,あり
249,ベジータ(ミニ):DA(FS07-01/L),FS07 ベジータ(ミニ) 収録,スタートデッキ > FS07 ベジータ(ミニ),https://www.kamehouse-db.com/product/249,https://www.kamehouse-db.com/product/249?utm_source=mercari&utm_medium=cpc&utm_campaign=infeed_test,https://www.kamehouse-db.com/data/kamehouse/product/20241222_f0ef5b.JPG,50,あり
244,シン（ミニ）：DA（FS06-03 SR）,FS06 孫悟空(ミニ) 収録,スタートデッキ > FS06 孫悟空(ミニ),https://www.kamehouse-db.com/product/244,https://www.kamehouse-db.com/product/244?utm_source=mercari&utm_medium=cpc&utm_campaign=infeed_test,https://www.kamehouse-db.com/data/kamehouse/product/20260626_29af8a.jpeg,80,あり
242,孫悟天(ミニ):DA(FS06-07/C),FS06 孫悟空(ミニ) 収録,スタートデッキ > FS06 孫悟空(ミニ),https://www.kamehouse-db.com/product/242,https://www.kamehouse-db.com/product/242?utm_source=mercari&utm_medium=cpc&utm_campaign=infeed_test,https://www.kamehouse-db.com/data/kamehouse/product/20241221_7f2486.JPG,120,あり
238,孫悟空:DA(FS06-06/SR),FS06 孫悟空(ミニ) 収録,スタートデッキ > FS06 孫悟空(ミニ),https://www.kamehouse-db.com/product/238,https://www.kamehouse-db.com/product/238?utm_source=mercari&utm_medium=cpc&utm_campaign=infeed_test,https://www.kamehouse-db.com/data/kamehouse/product/20241221_05c347.JPG,80,あり
236,孫悟空(ミニ):DA(FS06-01/L),FS06 孫悟空(ミニ) 収録,スタートデッキ > FS06 孫悟空(ミニ),https://www.kamehouse-db.com/product/236,https://www.kamehouse-db.com/product/236?utm_source=mercari&utm_medium=cpc&utm_campaign=infeed_test,https://www.kamehouse-db.com/data/kamehouse/product/20241221_4e6809.JPG,50,あり
229,バーダック(FS05-11/SR),FS05 バーダック 収録,スタートデッキ > FS05 バーダック,https://www.kamehouse-db.com/product/229,https://www.kamehouse-db.com/product/229?utm_source=mercari&utm_medium=cpc&utm_campaign=infeed_test,https://www.kamehouse-db.com/data/kamehouse/product/20241221_1029b1.JPG,120,あり
227,ナッパ:青年期(FS05-09/C),FS05 バーダック 収録,スタートデッキ > FS05 バーダック,https://www.kamehouse-db.com/product/227,https://www.kamehouse-db.com/product/227?utm_source=mercari&utm_medium=cpc&utm_campaign=infeed_test,https://www.kamehouse-db.com/data/kamehouse/product/20241221_78b79c.JPG,120,あり
223,孫悟飯(FS05-05/C),FS05 バーダック 収録,スタートデッキ > FS05 バーダック,https://www.kamehouse-db.com/product/223,https://www.kamehouse-db.com/product/223?utm_source=mercari&utm_medium=cpc&utm_campaign=infeed_test,https://www.kamehouse-db.com/data/kamehouse/product/20241221_d30387.JPG,120,あり
221,カカロット(FS05-03/SR),FS05 バーダック 収録,スタートデッキ > FS05 バーダック,https://www.kamehouse-db.com/product/221,https://www.kamehouse-db.com/product/221?utm_source=mercari&utm_medium=cpc&utm_campaign=infeed_test,https://www.kamehouse-db.com/data/kamehouse/product/20241221_9eac9e.JPG,120,あり
219,バーダック(FS05-01/L),FS05 バーダック 収録,スタートデッキ > FS05 バーダック,https://www.kamehouse-db.com/product/219,https://www.kamehouse-db.com/product/219?utm_source=mercari&utm_medium=cpc&utm_campaign=infeed_test,https://www.kamehouse-db.com/data/kamehouse/product/20241221_707dfd.JPG,50,あり
212,フリーザ(FS04-11/C),FS04 フリーザ 収録,スタートデッキ > FS04 フリーザ,https://www.kamehouse-db.com/product/212,https://www.kamehouse-db.com/product/212?utm_source=mercari&utm_medium=cpc&utm_campaign=infeed_test,https://www.kamehouse-db.com/data/kamehouse/product/20241221_4a38b9.JPG,80,あり
204,コルド大王(FS04-04/SR),FS04 フリーザ 収録,スタートデッキ > FS04 フリーザ,https://www.kamehouse-db.com/product/204,https://www.kamehouse-db.com/product/204?utm_source=mercari&utm_medium=cpc&utm_campaign=infeed_test,https://www.kamehouse-db.com/data/kamehouse/product/20241221_f442be.JPG,80,あり
203,ゴールデンフリーザ(FS04-03/SR),FS04 フリーザ 収録,スタートデッキ > FS04 フリーザ,https://www.kamehouse-db.com/product/203,https://www.kamehouse-db.com/product/203?utm_source=mercari&utm_medium=cpc&utm_campaign=infeed_test,https://www.kamehouse-db.com/data/kamehouse/product/20241221_e9de24.JPG,80,あり
202,フリーザ(FS04-01/L),FS04 フリーザ 収録,スタートデッキ > FS04 フリーザ,https://www.kamehouse-db.com/product/202,https://www.kamehouse-db.com/product/202?utm_source=mercari&utm_medium=cpc&utm_campaign=infeed_test,https://www.kamehouse-db.com/data/kamehouse/product/20241221_e114f1.JPG,50,あり
187,ブロリー:BR(FS03-10/SR),FS03 ブロリー 収録,スタートデッキ > FS03 ブロリー,https://www.kamehouse-db.com/product/187,https://www.kamehouse-db.com/product/187?utm_source=mercari&utm_medium=cpc&utm_campaign=infeed_test,https://www.kamehouse-db.com/data/kamehouse/product/20241221_67ef94.JPG,120,あり
186,ターレス(FS03-04/SR),FS03 ブロリー 収録,スタートデッキ > FS03 ブロリー,https://www.kamehouse-db.com/product/186,https://www.kamehouse-db.com/product/186?utm_source=mercari&utm_medium=cpc&utm_campaign=infeed_test,https://www.kamehouse-db.com/data/kamehouse/product/20241221_f263df.JPG,80,あり
185,ブロリー(FS03-01/L),FS03 ブロリー 収録,スタートデッキ > FS03 ブロリー,https://www.kamehouse-db.com/product/185,https://www.kamehouse-db.com/product/185?utm_source=mercari&utm_medium=cpc&utm_campaign=infeed_test,https://www.kamehouse-db.com/data/kamehouse/product/20241221_0a5ca6.JPG,80,あり
178,ビーデル(FS02-10/C),FS02 ベジータ 収録,スタートデッキ > FS02 ベジータ,https://www.kamehouse-db.com/product/178,https://www.kamehouse-db.com/product/178?utm_source=mercari&utm_medium=cpc&utm_campaign=infeed_test,https://www.kamehouse-db.com/data/kamehouse/product/20241221_2737f1.JPG,80,あり
170,ベジータ(FS02-13/SR),FS02 ベジータ 収録,スタートデッキ > FS02 ベジータ,https://www.kamehouse-db.com/product/170,https://www.kamehouse-db.com/product/170?utm_source=mercari&utm_medium=cpc&utm_campaign=infeed_test,https://www.kamehouse-db.com/data/kamehouse/product/20241221_d561ab.JPG,80,あり
169,ゴテンクス(FS02-03/SR),FS02 ベジータ 収録,スタートデッキ > FS02 ベジータ,https://www.kamehouse-db.com/product/169,https://www.kamehouse-db.com/product/169?utm_source=mercari&utm_medium=cpc&utm_campaign=infeed_test,https://www.kamehouse-db.com/data/kamehouse/product/20241221_0195cf.JPG,120,あり
168,ベジータ(FS02-01/L),FS02 ベジータ 収録,スタートデッキ > FS02 ベジータ,https://www.kamehouse-db.com/product/168,https://www.kamehouse-db.com/product/168?utm_source=mercari&utm_medium=cpc&utm_campaign=infeed_test,https://www.kamehouse-db.com/data/kamehouse/product/20241221_02c039.JPG,80,あり
153,孫悟飯:青年期(FS01-09/SR),FS01 孫悟空 収録,スタートデッキ > FS01 孫悟空,https://www.kamehouse-db.com/product/153,https://www.kamehouse-db.com/product/153?utm_source=mercari&utm_medium=cpc&utm_campaign=infeed_test,https://www.kamehouse-db.com/data/kamehouse/product/20241221_8ae170.JPG,80,あり
152,孫悟空(FS01-08/SR),FS01 孫悟空 収録,スタートデッキ > FS01 孫悟空,https://www.kamehouse-db.com/product/152,https://www.kamehouse-db.com/product/152?utm_source=mercari&utm_medium=cpc&utm_campaign=infeed_test,https://www.kamehouse-db.com/data/kamehouse/product/20241221_9b117e.JPG,80,あり
141,人造人間17号(E01-09),エナジーマーカーパック01 収録,エナジーマーカー > エナジーマーカーパック01,https://www.kamehouse-db.com/product/141,https://www.kamehouse-db.com/product/141?utm_source=mercari&utm_medium=cpc&utm_campaign=infeed_test,https://www.kamehouse-db.com/data/kamehouse/product/20250302_a4c749.jpeg,270,あり
134,ビルス(FB01-002/L☆),FB01 覚醒の鼓動 収録,FB01 覚醒の鼓動 > L☆,https://www.kamehouse-db.com/product/134,https://www.kamehouse-db.com/product/134?utm_source=mercari&utm_medium=cpc&utm_campaign=infeed_test,https://www.kamehouse-db.com/data/kamehouse/product/20241214_36e58f.JPG,840,あり
132,スーパーベビー2(FB04-103/L☆),FB04 限界を超えし者 収録,FB04 限界を超えし者 > L☆,https://www.kamehouse-db.com/product/132,https://www.kamehouse-db.com/product/132?utm_source=mercari&utm_medium=cpc&utm_campaign=infeed_test,https://www.kamehouse-db.com/data/kamehouse/product/20241214_40eded.JPG,1890,あり
131,孫悟飯:青年期(FB04-026/L☆),FB04 限界を超えし者 収録,FB04 限界を超えし者 > L☆,https://www.kamehouse-db.com/product/131,https://www.kamehouse-db.com/product/131?utm_source=mercari&utm_medium=cpc&utm_campaign=infeed_test,https://www.kamehouse-db.com/data/kamehouse/product/20241214_0dd15b.JPG,2080,あり
123,ゴテンクス(FP-028/PR),2024年11月21日発売 Vジャンプ1月特大号 付録,プロモーションカード > 雑誌付録,https://www.kamehouse-db.com/product/123,https://www.kamehouse-db.com/product/123?utm_source=mercari&utm_medium=cpc&utm_campaign=infeed_test,https://www.kamehouse-db.com/data/kamehouse/product/20241212_68d794.JPG,80,あり
122,カトペスラ(FB02-004/R☆),バトルパック02 収録,プロモーションカード > バトルパック,https://www.kamehouse-db.com/product/122,https://www.kamehouse-db.com/product/122?utm_source=mercari&utm_medium=cpc&utm_campaign=infeed_test,https://www.kamehouse-db.com/data/kamehouse/product/20241212_72b94a.JPG,120,あり
118,孫悟飯(FS05-05/C☆),FS05 バーダック ボーナスパック収録,スタートデッキ > FS05 バーダック,https://www.kamehouse-db.com/product/118,https://www.kamehouse-db.com/product/118?utm_source=mercari&utm_medium=cpc&utm_campaign=infeed_test,https://www.kamehouse-db.com/data/kamehouse/product/20241212_523eaf.JPG,180,あり
117,バーダック(FS05-11/SR☆),FS05 バーダック ボーナスパック収録,スタートデッキ > FS05 バーダック,https://www.kamehouse-db.com/product/117,https://www.kamehouse-db.com/product/117?utm_source=mercari&utm_medium=cpc&utm_campaign=infeed_test,https://www.kamehouse-db.com/data/kamehouse/product/20241212_a07fd3.JPG,900,あり
116,カカロット(FS05-03/SR☆),FS05 バーダック ボーナスパック収録,スタートデッキ > FS05 バーダック,https://www.kamehouse-db.com/product/116,https://www.kamehouse-db.com/product/116?utm_source=mercari&utm_medium=cpc&utm_campaign=infeed_test,https://www.kamehouse-db.com/data/kamehouse/product/20241212_f7d851.JPG,460,あり
114,チライ(FS04-09/C☆),FS04 フリーザ ボーナスパック収録,スタートデッキ > FS04 フリーザ,https://www.kamehouse-db.com/product/114,https://www.kamehouse-db.com/product/114?utm_source=mercari&utm_medium=cpc&utm_campaign=infeed_test,https://www.kamehouse-db.com/data/kamehouse/product/20241212_dda9c3.JPG,180,あり
112,ギガンティックミーティア(FS03-15/C☆),FS03 ブロリー ボーナスパック収録,スタートデッキ > FS03 ブロリー,https://www.kamehouse-db.com/product/112,https://www.kamehouse-db.com/product/112?utm_source=mercari&utm_medium=cpc&utm_campaign=infeed_test,https://www.kamehouse-db.com/data/kamehouse/product/20241212_b40151.JPG,180,あり
111,破壊の剛腕(FS03-16/C☆),FS03 ブロリー ボーナスパック収録,スタートデッキ > FS03 ブロリー,https://www.kamehouse-db.com/product/111,https://www.kamehouse-db.com/product/111?utm_source=mercari&utm_medium=cpc&utm_campaign=infeed_test,https://www.kamehouse-db.com/data/kamehouse/product/20241212_e14bd4.JPG,180,あり
110,ベジータ王(FS03-12/C☆),FS03 ブロリー ボーナスパック収録,スタートデッキ > FS03 ブロリー,https://www.kamehouse-db.com/product/110,https://www.kamehouse-db.com/product/110?utm_source=mercari&utm_medium=cpc&utm_campaign=infeed_test,https://www.kamehouse-db.com/data/kamehouse/product/20241212_7ec844.JPG,180,あり
109,ブロリー:BR(FS03-10/SR☆),FS03 ブロリー ボーナスパック収録,スタートデッキ > FS03 ブロリー,https://www.kamehouse-db.com/product/109,https://www.kamehouse-db.com/product/109?utm_source=mercari&utm_medium=cpc&utm_campaign=infeed_test,https://www.kamehouse-db.com/data/kamehouse/product/20241212_9a614f.JPG,280,あり
108,ギャリック砲(FS02-15/C☆),FS02 ベジータ ボーナスパック収録,スタートデッキ > FS02 ベジータ,https://www.kamehouse-db.com/product/108,https://www.kamehouse-db.com/product/108?utm_source=mercari&utm_medium=cpc&utm_campaign=infeed_test,https://www.kamehouse-db.com/data/kamehouse/product/20241212_18161f.JPG,180,あり
106,ビーデル(FS02-10/C☆),FS02 ベジータ ボーナスパック収録,スタートデッキ > FS02 ベジータ,https://www.kamehouse-db.com/product/106,https://www.kamehouse-db.com/product/106?utm_source=mercari&utm_medium=cpc&utm_campaign=infeed_test,https://www.kamehouse-db.com/data/kamehouse/product/20241212_2a2727.JPG,360,あり
105,トランクス:幼年期(FS02-09/C☆),FS02 ベジータ ボーナスパック収録,スタートデッキ > FS02 ベジータ,https://www.kamehouse-db.com/product/105,https://www.kamehouse-db.com/product/105?utm_source=mercari&utm_medium=cpc&utm_campaign=infeed_test,https://www.kamehouse-db.com/data/kamehouse/product/20241212_fa9548.JPG,80,あり
104,孫悟天(FS02-06/C☆),FS02 ベジータ ボーナスパック収録,スタートデッキ > FS02 ベジータ,https://www.kamehouse-db.com/product/104,https://www.kamehouse-db.com/product/104?utm_source=mercari&utm_medium=cpc&utm_campaign=infeed_test,https://www.kamehouse-db.com/data/kamehouse/product/20241212_5b37f7.JPG,80,あり
103,クリリン(FS01-04/C☆),FS01 孫悟空 ボーナスパック収録,スタートデッキ > FS01 孫悟空,https://www.kamehouse-db.com/product/103,https://www.kamehouse-db.com/product/103?utm_source=mercari&utm_medium=cpc&utm_campaign=infeed_test,https://www.kamehouse-db.com/data/kamehouse/product/20241212_d238c5.JPG,120,あり
102,ウイス(FS01-02/C☆),FS01 孫悟空 ボーナスパック収録,スタートデッキ > FS01 孫悟空,https://www.kamehouse-db.com/product/102,https://www.kamehouse-db.com/product/102?utm_source=mercari&utm_medium=cpc&utm_campaign=infeed_test,https://www.kamehouse-db.com/data/kamehouse/product/20241212_a80e77.JPG,120,あり
101,シン(FS01-05/C☆),FS01 孫悟空 ボーナスパック収録,スタートデッキ > FS01 孫悟空,https://www.kamehouse-db.com/product/101,https://www.kamehouse-db.com/product/101?utm_source=mercari&utm_medium=cpc&utm_campaign=infeed_test,https://www.kamehouse-db.com/data/kamehouse/product/20241212_9cd016.JPG,180,あり
99,魔人ブウ:純粋(FB04-094/SR☆),FB04 限界を超えし者 収録,FB04 限界を超えし者 > パラレル,https://www.kamehouse-db.com/product/99,https://www.kamehouse-db.com/product/99?utm_source=mercari&utm_medium=cpc&utm_campaign=infeed_test,https://www.kamehouse-db.com/data/kamehouse/product/20241212_aba4a7.JPG,750,あり
98,スーパーベビー1(FB04-108/SR☆),FB04 限界を超えし者 収録,FB04 限界を超えし者 > パラレル,https://www.kamehouse-db.com/product/98,https://www.kamehouse-db.com/product/98?utm_source=mercari&utm_medium=cpc&utm_campaign=infeed_test,https://www.kamehouse-db.com/data/kamehouse/product/20241212_622767.JPG,370,あり
89,魔人ブウ(FB03-078/L☆),FB03 怒りの咆哮 収録,FB03 怒りの咆哮 > L☆,https://www.kamehouse-db.com/product/89,https://www.kamehouse-db.com/product/89?utm_source=mercari&utm_medium=cpc&utm_campaign=infeed_test,https://www.kamehouse-db.com/data/kamehouse/product/20241212_a7c279.JPG,2290,あり
88,孫悟飯:幼年期(FB03-139/SCR),FB03 怒りの咆哮 収録,FB03 怒りの咆哮 > SCR,https://www.kamehouse-db.com/product/88,https://www.kamehouse-db.com/product/88?utm_source=mercari&utm_medium=cpc&utm_campaign=infeed_test,https://www.kamehouse-db.com/data/kamehouse/product/20241212_4e9dc7.JPG,780,あり
87,トッポ(FB03-016/SR☆),FB03 怒りの咆哮 収録,FB03 怒りの咆哮 > パラレル,https://www.kamehouse-db.com/product/87,https://www.kamehouse-db.com/product/87?utm_source=mercari&utm_medium=cpc&utm_campaign=infeed_test,https://www.kamehouse-db.com/data/kamehouse/product/20241212_01a316.JPG,370,あり
86,ベジータ(FB03-089/SR☆),FB03 怒りの咆哮 収録,FB03 怒りの咆哮 > パラレル,https://www.kamehouse-db.com/product/86,https://www.kamehouse-db.com/product/86?utm_source=mercari&utm_medium=cpc&utm_campaign=infeed_test,https://www.kamehouse-db.com/data/kamehouse/product/20241212_a40fb5.JPG,1600,あり
85,孫悟飯:青年期(FB03-039/SR☆),FB03 怒りの咆哮 収録,FB03 怒りの咆哮 > パラレル,https://www.kamehouse-db.com/product/85,https://www.kamehouse-db.com/product/85?utm_source=mercari&utm_medium=cpc&utm_campaign=infeed_test,https://www.kamehouse-db.com/data/kamehouse/product/20241212_8ace11.JPG,350,あり
84,ベジータ(FB03-020/SR☆),FB03 怒りの咆哮 収録,FB03 怒りの咆哮 > パラレル,https://www.kamehouse-db.com/product/84,https://www.kamehouse-db.com/product/84?utm_source=mercari&utm_medium=cpc&utm_campaign=infeed_test,https://www.kamehouse-db.com/data/kamehouse/product/20241212_03dc81.JPG,450,あり
83,パン:GT(FB03-125/SR☆),FB03 怒りの咆哮 収録,FB03 怒りの咆哮 > パラレル,https://www.kamehouse-db.com/product/83,https://www.kamehouse-db.com/product/83?utm_source=mercari&utm_medium=cpc&utm_campaign=infeed_test,https://www.kamehouse-db.com/data/kamehouse/product/20241212_1b79a7.JPG,460,あり
82,ピッコロ(FB03-070/SR☆),FB03 怒りの咆哮 収録,FB03 怒りの咆哮 > パラレル,https://www.kamehouse-db.com/product/82,https://www.kamehouse-db.com/product/82?utm_source=mercari&utm_medium=cpc&utm_campaign=infeed_test,https://www.kamehouse-db.com/data/kamehouse/product/20241212_cf95db.JPG,460,あり
80,孫悟空(FB03-064/SR☆),FB03 怒りの咆哮 収録,FB03 怒りの咆哮 > パラレル,https://www.kamehouse-db.com/product/80,https://www.kamehouse-db.com/product/80?utm_source=mercari&utm_medium=cpc&utm_campaign=infeed_test,https://www.kamehouse-db.com/data/kamehouse/product/20241212_19b600.JPG,1550,あり
79,バーダック(FB03-121/SR☆),FB03 怒りの咆哮 収録,FB03 怒りの咆哮 > パラレル,https://www.kamehouse-db.com/product/79,https://www.kamehouse-db.com/product/79?utm_source=mercari&utm_medium=cpc&utm_campaign=infeed_test,https://www.kamehouse-db.com/data/kamehouse/product/20241212_bb052c.JPG,460,あり
78,孫悟空:GT(FB03-111/SR☆),FB03 怒りの咆哮 収録,FB03 怒りの咆哮 > パラレル,https://www.kamehouse-db.com/product/78,https://www.kamehouse-db.com/product/78?utm_source=mercari&utm_medium=cpc&utm_campaign=infeed_test,https://www.kamehouse-db.com/data/kamehouse/product/20241212_694647.JPG,560,あり
77,ベジット(FB02-139/SCR),FB02 烈火の闘気 収録,FB02 烈火の闘気 > SCR,https://www.kamehouse-db.com/product/77,https://www.kamehouse-db.com/product/77?utm_source=mercari&utm_medium=cpc&utm_campaign=infeed_test,https://www.kamehouse-db.com/data/kamehouse/product/20241212_1cd2a0.JPG,310,あり
74,孫悟飯:少年期(FB01-140/SCR),FB01 覚醒の鼓動 収録,FB01 覚醒の鼓動 > SCR,https://www.kamehouse-db.com/product/74,https://www.kamehouse-db.com/product/74?utm_source=mercari&utm_medium=cpc&utm_campaign=infeed_test,https://www.kamehouse-db.com/data/kamehouse/product/20241212_edafb9.JPG,910,あり
73,人造人間17号/18号(FB01-078/SR☆),FB01 覚醒の鼓動 収録,FB01 覚醒の鼓動 > パラレル,https://www.kamehouse-db.com/product/73,https://www.kamehouse-db.com/product/73?utm_source=mercari&utm_medium=cpc&utm_campaign=infeed_test,https://www.kamehouse-db.com/data/kamehouse/product/20241212_d8b651.JPG,720,あり
72,人造人間18号(FB01-079/SR☆),FB01 覚醒の鼓動 収録,FB01 覚醒の鼓動 > パラレル,https://www.kamehouse-db.com/product/72,https://www.kamehouse-db.com/product/72?utm_source=mercari&utm_medium=cpc&utm_campaign=infeed_test,https://www.kamehouse-db.com/data/kamehouse/product/20241212_7ad36b.JPG,370,あり
70,孫悟空(FB01-015/SR☆),FB01 覚醒の鼓動 収録,FB01 覚醒の鼓動 > パラレル,https://www.kamehouse-db.com/product/70,https://www.kamehouse-db.com/product/70?utm_source=mercari&utm_medium=cpc&utm_campaign=infeed_test,https://www.kamehouse-db.com/data/kamehouse/product/20241212_f1c51c.JPG,560,あり
69,人造人間17号(FB02-015/SR☆),FB02 烈火の闘気 収録,FB02 烈火の闘気 > パラレル,https://www.kamehouse-db.com/product/69,https://www.kamehouse-db.com/product/69?utm_source=mercari&utm_medium=cpc&utm_campaign=infeed_test,https://www.kamehouse-db.com/data/kamehouse/product/20241212_125bb8.JPG,370,あり
62,ベジータ(ミニ):DA(FS07-01/L☆),【プロモーションカード】 リーダーリミテッドバトル 景品,プロモーションカード > 交流会・ショップバトル,https://www.kamehouse-db.com/product/62,https://www.kamehouse-db.com/product/62?utm_source=mercari&utm_medium=cpc&utm_campaign=infeed_test,https://www.kamehouse-db.com/data/kamehouse/product/20241212_0f492a.JPG,1600,あり
61,魔人ブウ:悪(FB04-077/L☆),FB04 限界を超えし者 収録,FB04 限界を超えし者 > L☆,https://www.kamehouse-db.com/product/61,https://www.kamehouse-db.com/product/61?utm_source=mercari&utm_medium=cpc&utm_campaign=infeed_test,https://www.kamehouse-db.com/data/kamehouse/product/20241212_6469f7.JPG,2010,あり
59,ゴールデンフリーザ(FB02-140/SCR☆),FB02 烈火の闘気 収録,FB02 烈火の闘気 > SCR,https://www.kamehouse-db.com/product/59,https://www.kamehouse-db.com/product/59?utm_source=mercari&utm_medium=cpc&utm_campaign=infeed_test,https://www.kamehouse-db.com/data/kamehouse/product/20241212_03d367.JPG,1460,あり
58,孫悟飯:少年期(FB01-140/SCR☆),FB01 覚醒の鼓動 収録,FB01 覚醒の鼓動 > SCR,https://www.kamehouse-db.com/product/58,https://www.kamehouse-db.com/product/58?utm_source=mercari&utm_medium=cpc&utm_campaign=infeed_test,https://www.kamehouse-db.com/data/kamehouse/product/20241212_e3d51a.JPG,7980,あり
50,ベジット (FB04-130/SCR),FB04 限界を超えし者 収録,FB04 限界を超えし者 > SCR,https://www.kamehouse-db.com/product/50,https://www.kamehouse-db.com/product/50?utm_source=mercari&utm_medium=cpc&utm_campaign=infeed_test,https://www.kamehouse-db.com/data/kamehouse/product/20241212_727cca.JPG,650,あり
48,孫悟空 (FB04-001/L☆),FB04 限界を超えし者 収録,FB04 限界を超えし者 > L☆,https://www.kamehouse-db.com/product/48,https://www.kamehouse-db.com/product/48?utm_source=mercari&utm_medium=cpc&utm_campaign=infeed_test,https://www.kamehouse-db.com/data/kamehouse/product/20241223_5d3081.JPG,3120,あり
47,トランクス:GT (FB04-114/SR☆),FB04 限界を超えし者 収録,FB04 限界を超えし者 > パラレル,https://www.kamehouse-db.com/product/47,https://www.kamehouse-db.com/product/47?utm_source=mercari&utm_medium=cpc&utm_campaign=infeed_test,https://www.kamehouse-db.com/data/kamehouse/product/20241212_c09d41.JPG,560,あり
46,大猿ベビー (FB04-104/SR☆),FB04 限界を超えし者 収録,FB04 限界を超えし者 > パラレル,https://www.kamehouse-db.com/product/46,https://www.kamehouse-db.com/product/46?utm_source=mercari&utm_medium=cpc&utm_campaign=infeed_test,https://www.kamehouse-db.com/data/kamehouse/product/20241212_f0bac2.JPG,460,あり
45,魔人ブウ:悪 (FB04-093/SR☆),FB04 限界を超えし者 収録,FB04 限界を超えし者 > パラレル,https://www.kamehouse-db.com/product/45,https://www.kamehouse-db.com/product/45?utm_source=mercari&utm_medium=cpc&utm_campaign=infeed_test,https://www.kamehouse-db.com/data/kamehouse/product/20241212_b4ba1f.JPG,910,あり
44,大猿ベジータ (FB04-052/SR☆),FB04 限界を超えし者 収録,FB04 限界を超えし者 > パラレル,https://www.kamehouse-db.com/product/44,https://www.kamehouse-db.com/product/44?utm_source=mercari&utm_medium=cpc&utm_campaign=infeed_test,https://www.kamehouse-db.com/data/kamehouse/product/20241212_8e9297.JPG,460,あり
43,ナッパ (FB04-064/SR☆),FB04 限界を超えし者 収録,FB04 限界を超えし者 > パラレル,https://www.kamehouse-db.com/product/43,https://www.kamehouse-db.com/product/43?utm_source=mercari&utm_medium=cpc&utm_campaign=infeed_test,https://www.kamehouse-db.com/data/kamehouse/product/20241212_9fd549.JPG,560,あり
41,孫悟空(ミニ):DA (FB04-012/SR☆),FB04 限界を超えし者 収録,FB04 限界を超えし者 > パラレル,https://www.kamehouse-db.com/product/41,https://www.kamehouse-db.com/product/41?utm_source=mercari&utm_medium=cpc&utm_campaign=infeed_test,https://www.kamehouse-db.com/data/kamehouse/product/20241212_261aaa.JPG,910,あり
40,フリーザ (FB04-018/SR☆),FB04 限界を超えし者 収録,FB04 限界を超えし者 > パラレル,https://www.kamehouse-db.com/product/40,https://www.kamehouse-db.com/product/40?utm_source=mercari&utm_medium=cpc&utm_campaign=infeed_test,https://www.kamehouse-db.com/data/kamehouse/product/20241212_524aad.JPG,1320,あり
39,大猿ベビー (FB04-104/SR),FB04 限界を超えし者 収録,FB04 限界を超えし者 > SR,https://www.kamehouse-db.com/product/39,https://www.kamehouse-db.com/product/39?utm_source=mercari&utm_medium=cpc&utm_campaign=infeed_test,https://www.kamehouse-db.com/data/kamehouse/product/20241212_0a5168.JPG,80,あり
38,スーパーベビー1 (FB04-108/SR),FB04 限界を超えし者 収録,FB04 限界を超えし者 > SR,https://www.kamehouse-db.com/product/38,https://www.kamehouse-db.com/product/38?utm_source=mercari&utm_medium=cpc&utm_campaign=infeed_test,https://www.kamehouse-db.com/data/kamehouse/product/20241212_fd816a.JPG,80,あり
37,トランクス:GT (FB04-114/SR),FB04 限界を超えし者 収録,FB04 限界を超えし者 > SR,https://www.kamehouse-db.com/product/37,https://www.kamehouse-db.com/product/37?utm_source=mercari&utm_medium=cpc&utm_campaign=infeed_test,https://www.kamehouse-db.com/data/kamehouse/product/20241212_47d40a.JPG,210,あり
36,魔人ブウ:純粋 (FB04-094/SR),FB04 限界を超えし者 収録,FB04 限界を超えし者 > SR,https://www.kamehouse-db.com/product/36,https://www.kamehouse-db.com/product/36?utm_source=mercari&utm_medium=cpc&utm_campaign=infeed_test,https://www.kamehouse-db.com/data/kamehouse/product/20241212_5d2834.JPG,210,あり
35,魔人ブウ:悪 (FB04-093/SR),FB04 限界を超えし者 収録,FB04 限界を超えし者 > SR,https://www.kamehouse-db.com/product/35,https://www.kamehouse-db.com/product/35?utm_source=mercari&utm_medium=cpc&utm_campaign=infeed_test,https://www.kamehouse-db.com/data/kamehouse/product/20241212_a2679e.JPG,280,あり
34,大猿ベジータ (FB04-052/SR),FB04 限界を超えしもの 収録,FB04 限界を超えし者 > SR,https://www.kamehouse-db.com/product/34,https://www.kamehouse-db.com/product/34?utm_source=mercari&utm_medium=cpc&utm_campaign=infeed_test,https://www.kamehouse-db.com/data/kamehouse/product/20241212_754328.JPG,80,あり
33,孫悟空 (FB04-059/SR),FB04 限界を超えし者 収録,FB04 限界を超えし者 > SR,https://www.kamehouse-db.com/product/33,https://www.kamehouse-db.com/product/33?utm_source=mercari&utm_medium=cpc&utm_campaign=infeed_test,https://www.kamehouse-db.com/data/kamehouse/product/20241212_f80ef0.JPG,80,あり
32,ナッパ (FB04-064/SR),FB04 限界を超えし者 収録,FB04 限界を超えし者 > SR,https://www.kamehouse-db.com/product/32,https://www.kamehouse-db.com/product/32?utm_source=mercari&utm_medium=cpc&utm_campaign=infeed_test,https://www.kamehouse-db.com/data/kamehouse/product/20241212_6703b5.JPG,270,あり
31,ゴテンクス (FB04-033/SR),FB04 限界を超えし者 収録,FB04 限界を超えし者 > SR,https://www.kamehouse-db.com/product/31,https://www.kamehouse-db.com/product/31?utm_source=mercari&utm_medium=cpc&utm_campaign=infeed_test,https://www.kamehouse-db.com/data/kamehouse/product/20241212_5f2083.JPG,80,あり
30,ベジータ(ミニ):DA (FB04-045/SR),FB04 限界を超えし者 収録,FB04 限界を超えし者 > SR,https://www.kamehouse-db.com/product/30,https://www.kamehouse-db.com/product/30?utm_source=mercari&utm_medium=cpc&utm_campaign=infeed_test,https://www.kamehouse-db.com/data/kamehouse/product/20241212_75c607.JPG,120,あり
29,フリーザ (FB04-018/SR),FB04 限界を超えし者 収録,FB04 限界を超えし者 > SR,https://www.kamehouse-db.com/product/29,https://www.kamehouse-db.com/product/29?utm_source=mercari&utm_medium=cpc&utm_campaign=infeed_test,https://www.kamehouse-db.com/data/kamehouse/product/20241214_4fdb4c.JPG,120,あり
28,孫悟空(ミニ):DA (FB04-012/SR),FB04 限界を超えし者 収録,FB04 限界を超えし者 > SR,https://www.kamehouse-db.com/product/28,https://www.kamehouse-db.com/product/28?utm_source=mercari&utm_medium=cpc&utm_campaign=infeed_test,https://www.kamehouse-db.com/data/kamehouse/product/20241212_a2764f.JPG,180,あり
27,ピッコロ(ミニ):DA (FB04-067/R☆),FB04 限界を超えし者 収録,FB04 限界を超えし者 > パラレル,https://www.kamehouse-db.com/product/27,https://www.kamehouse-db.com/product/27?utm_source=mercari&utm_medium=cpc&utm_campaign=infeed_test,https://www.kamehouse-db.com/data/kamehouse/product/20241212_8ab46b.JPG,170,あり
26,ブルマ(ミニ):DA (FB04-043/R☆),FB04 限界を超えし者 収録,FB04 限界を超えし者 > パラレル,https://www.kamehouse-db.com/product/26,https://www.kamehouse-db.com/product/26?utm_source=mercari&utm_medium=cpc&utm_campaign=infeed_test,https://www.kamehouse-db.com/data/kamehouse/product/20241212_b95f8e.JPG,80,あり
25,シン(ミニ):DA (FS06-03/SR☆),FS06 孫悟空(ミニ) ボーナスカード収録,スタートデッキ > FS06 孫悟空(ミニ),https://www.kamehouse-db.com/product/25,https://www.kamehouse-db.com/product/25?utm_source=mercari&utm_medium=cpc&utm_campaign=infeed_test,https://www.kamehouse-db.com/data/kamehouse/product/20241212_089eca.JPG,110,あり
24,ゴールデンデスビーム (FS04-15/C☆),FS04 フリーザ ボーナスパック収録,スタートデッキ > FS04 フリーザ,https://www.kamehouse-db.com/product/24,https://www.kamehouse-db.com/product/24?utm_source=mercari&utm_medium=cpc&utm_campaign=infeed_test,https://www.kamehouse-db.com/data/kamehouse/product/20241212_801e47.JPG,120,あり
20,グロリオ:DA (FB04-105/R☆),FB04 限界を超えし者 収録,FB04 限界を超えし者 > パラレル,https://www.kamehouse-db.com/product/20,https://www.kamehouse-db.com/product/20?utm_source=mercari&utm_medium=cpc&utm_campaign=infeed_test,https://www.kamehouse-db.com/data/kamehouse/product/20241212_63f2d9.JPG,270,あり
19,キング・ゴマー:DA (FB04-080/R☆),FB04 限界を超えし者 収録,FB04 限界を超えし者 > パラレル,https://www.kamehouse-db.com/product/19,https://www.kamehouse-db.com/product/19?utm_source=mercari&utm_medium=cpc&utm_campaign=infeed_test,https://www.kamehouse-db.com/data/kamehouse/product/20241212_f92853.JPG,170,あり
18,フリーザ (FS04-12/C☆/アルバト),【プロモーションカード】 アルティメットバトル 上位入賞景品,プロモーションカード > アルティメットバトル,https://www.kamehouse-db.com/product/18,https://www.kamehouse-db.com/product/18?utm_source=mercari&utm_medium=cpc&utm_campaign=infeed_test,https://www.kamehouse-db.com/data/kamehouse/product/20241212_dc6505.JPG,1640,あり
15,蒼き力の覚醒 (FB02-136/UC☆),ショップバトル景品,プロモーションカード > 交流会・ショップバトル,https://www.kamehouse-db.com/product/15,https://www.kamehouse-db.com/product/15?utm_source=mercari&utm_medium=cpc&utm_campaign=infeed_test,https://www.kamehouse-db.com/data/kamehouse/product/20241212_3ab9a4.JPG,180,あり
14,フリーザ (FS05-13/C☆),FS05 バーダック ボーナスパック収録,スタートデッキ > FS05 バーダック,https://www.kamehouse-db.com/product/14,https://www.kamehouse-db.com/product/14?utm_source=mercari&utm_medium=cpc&utm_campaign=infeed_test,https://www.kamehouse-db.com/data/kamehouse/product/20241212_a16a38.JPG,120,あり
13,孫悟空:GT (FB03-140/SCR☆),FB03 怒りの咆哮 収録,FB03 怒りの咆哮 > SCR,https://www.kamehouse-db.com/product/13,https://www.kamehouse-db.com/product/13?utm_source=mercari&utm_medium=cpc&utm_campaign=infeed_test,https://www.kamehouse-db.com/data/kamehouse/product/20241212_ad436e.JPG,1960,あり
12,トランクス:未来 (FB01-036/L☆),FB01 覚醒の鼓動 収録,FB01 覚醒の鼓動 > L☆,https://www.kamehouse-db.com/product/12,https://www.kamehouse-db.com/product/12?utm_source=mercari&utm_medium=cpc&utm_campaign=infeed_test,https://www.kamehouse-db.com/data/kamehouse/product/20241212_4f7b80.JPG,1480,あり
9,デスボール (FS04-16/C☆/再録),FB02 烈火の闘気 収録,FB02 烈火の闘気 > パラレル,https://www.kamehouse-db.com/product/9,https://www.kamehouse-db.com/product/9?utm_source=mercari&utm_medium=cpc&utm_campaign=infeed_test,https://www.kamehouse-db.com/data/kamehouse/product/20241212_56df3e.JPG,3480,あり
7,ジレン (FB03-001/L☆),FB03 怒りの咆哮 収録,FB03 怒りの咆哮 > L☆,https://www.kamehouse-db.com/product/7,https://www.kamehouse-db.com/product/7?utm_source=mercari&utm_medium=cpc&utm_campaign=infeed_test,https://www.kamehouse-db.com/data/kamehouse/product/20241212_274c9f.JPG,1320,あり
5,ケフラ (FB02-013/SR☆),FB02 烈火の闘気 収録,FB02 烈火の闘気 > パラレル,https://www.kamehouse-db.com/product/5,https://www.kamehouse-db.com/product/5?utm_source=mercari&utm_medium=cpc&utm_campaign=infeed_test,https://www.kamehouse-db.com/data/kamehouse/product/20241212_b1ffcb.JPG,370,あり
4,ジレン (FB03-009/SR☆),FB03 怒りの咆哮 収録,FB03 怒りの咆哮 > パラレル,https://www.kamehouse-db.com/product/4,https://www.kamehouse-db.com/product/4?utm_source=mercari&utm_medium=cpc&utm_campaign=infeed_test,https://www.kamehouse-db.com/data/kamehouse/product/20241212_2b7229.JPG,460,あり
3,孫悟飯:青年期 (FB02-018/SR☆),FB02 烈火の闘気 収録,FB02 烈火の闘気 > パラレル,https://www.kamehouse-db.com/product/3,https://www.kamehouse-db.com/product/3?utm_source=mercari&utm_medium=cpc&utm_campaign=infeed_test,https://www.kamehouse-db.com/data/kamehouse/product/20241212_5b6a6d.JPG,560,あり
3507,忠誠の盾（FB10-095 R★）,FB10 CROSS FORCE収録,FB10 CROSS FORCE > R以下,https://www.kamehouse-db.com/product/3507,https://www.kamehouse-db.com/product/3507?utm_source=mercari&utm_medium=cpc&utm_campaign=infeed_test,https://www.kamehouse-db.com/data/kamehouse/product/20260831_d7a36c.jpeg,2080,あり
222,セリパ(FS05-04/C),FS05 バーダック 収録,スタートデッキ > FS05 バーダック,https://www.kamehouse-db.com/product/222,https://www.kamehouse-db.com/product/222?utm_source=mercari&utm_medium=cpc&utm_campaign=infeed_test,https://www.kamehouse-db.com/data/kamehouse/product/20241221_4ac33f.JPG,50,あり
1241,買取キット(カメハウスオリジナル),カメハウスオリジナルの買取キットです。24時間以内発送商品！コンビニ持ち込みだけで当店に届く仕様なので、出勤前や夜中でも簡単に買取にお出しいただけます!!!(※買取申込は公式LINEからご依頼ください)買取キットのご利用で買取成立の場合は、買取金額から360円上乗せしてお支払いします。＼買取成立で実質無料の買取キットをこの機会にお試しください／【内容物】PP袋ダンボール板輪ゴム着払いラベル封筒【使い方】買取申込を購入する(買取キットと同時でもOK)買取キットが届いたら中身を確認する宛名ラベルに自分の名前と住所を記入する3を封筒の表面に貼る身分証明書のコピーを4の封筒に入れる送りたいカードをPP袋にいれる(濡れ防止)6をダンボール板で挟む(折れ防止)7を輪ゴムで十字に留める(固定)8を4で作った封筒に入れる封筒の封をするヤマト運輸の営業所またはコンビニへお持ち込みいただく査定を待つ!!!!【よくある質問】Q.身分証明書は何が有効ですか？A.現住所記載の身分証明書が必要です。詳しくはこちらをご確認ください。Q.買取申し込みは必要ですか？A.はい。古物営業法で定められた方法にて、非対面での買取を実施しております。こちらからカートにいれてご決済までお願いしております。(商品代金は0円です。購入を持って買取申し込みとしております。)Q.買取の時、スリーブは外しますか？A.外す必要はございません。ただし、査定時に破棄いたしますのでお手元に残したい大事なスリーブ等はお使いにならないようお願いいたします。Q.買取キットのSサイズとMサイズってなんですか？A.買取キットの中に入れられるカードの枚数でサイズを分けています。以下はスリーブ未着用での目安枚数になります。Sサイズ40枚程度 Mサイズ100枚程度それ以上の枚数は、買取キットの想定の範囲外になりますので、お客様ご自身で発送方法をお選びください。Q.買取キット以外でも買取できますか？A.はい。可能です。当店へ発送前に、買取申し込みをご購入いただき、購入時の確認メールに記載の住所へお送りくださいませ。発送にかかる料金につきましては、発払い(お客様負担)でお願いしており、着払いは受け取りができません。買取成立時には、かかった送料を買取金額に上乗せしてお支払いいたします。(当店負担上限360円)その他、ご質問がございましたらお気軽にお問,ネット買取,https://www.kamehouse-db.com/product/1241,https://www.kamehouse-db.com/product/1241?utm_source=mercari&utm_medium=cpc&utm_campaign=infeed_test,https://www.kamehouse-db.com/data/kamehouse/product/20251004_702e24.png,360,あり
3262,クウラ（FB01-105 L）,FB01 覚醒の鼓動 収録,FB01 覚醒の鼓動 > R以下,https://www.kamehouse-db.com/product/3262,https://www.kamehouse-db.com/product/3262?utm_source=mercari&utm_medium=cpc&utm_campaign=infeed_test,https://www.kamehouse-db.com/data/kamehouse/product/product_47614596.jpg,80,あり
3227,ボディチェンジ（FB01-137 R）,FB01 覚醒の鼓動 収録,FB01 覚醒の鼓動 > R以下,https://www.kamehouse-db.com/product/3227,https://www.kamehouse-db.com/product/3227?utm_source=mercari&utm_medium=cpc&utm_campaign=infeed_test,https://www.kamehouse-db.com/data/kamehouse/product/product_47614452.jpg,80,あり
937,ギンナンマン(FS10-02/C),FS10 ジブレット 収録,スタートデッキEX > FS10 ジブレット,https://www.kamehouse-db.com/product/937,https://www.kamehouse-db.com/product/937?utm_source=mercari&utm_medium=cpc&utm_campaign=infeed_test,https://www.kamehouse-db.com/data/kamehouse/product/20250614_e84f1e.jpeg,50,あり
934,ザマス(FS10-05/C),FS10 ジブレット 収録,スタートデッキEX > FS10 ジブレット,https://www.kamehouse-db.com/product/934,https://www.kamehouse-db.com/product/934?utm_source=mercari&utm_medium=cpc&utm_campaign=infeed_test,https://www.kamehouse-db.com/data/kamehouse/product/20250614_bd5380.jpeg,50,あり
933,ジブレット(FS10-06/C),FS10 ジブレット 収録,スタートデッキEX > FS10 ジブレット,https://www.kamehouse-db.com/product/933,https://www.kamehouse-db.com/product/933?utm_source=mercari&utm_medium=cpc&utm_campaign=infeed_test,https://www.kamehouse-db.com/data/kamehouse/product/20250614_7d5101.jpeg,50,あり
932,ジャネンバ(FS10-07/C),FS10 ジブレット 収録,スタートデッキEX > FS10 ジブレット,https://www.kamehouse-db.com/product/932,https://www.kamehouse-db.com/product/932?utm_source=mercari&utm_medium=cpc&utm_campaign=infeed_test,https://www.kamehouse-db.com/data/kamehouse/product/20250614_2e6352.jpeg,50,あり
930,スーパーベビー2(FS10-09/C),FS10 ジブレット 収録,スタートデッキEX > FS10 ジブレット,https://www.kamehouse-db.com/product/930,https://www.kamehouse-db.com/product/930?utm_source=mercari&utm_medium=cpc&utm_campaign=infeed_test,https://www.kamehouse-db.com/data/kamehouse/product/20250614_f9a6f1.jpeg,50,あり
929,セル(FS10-10/C),FS10 ジブレット 収録,スタートデッキEX > FS10 ジブレット,https://www.kamehouse-db.com/product/929,https://www.kamehouse-db.com/product/929?utm_source=mercari&utm_medium=cpc&utm_campaign=infeed_test,https://www.kamehouse-db.com/data/kamehouse/product/20250614_bb4355.jpeg,50,あり
928,ターレス(FS10-11/C),FS10 ジブレット 収録,スタートデッキEX > FS10 ジブレット,https://www.kamehouse-db.com/product/928,https://www.kamehouse-db.com/product/928?utm_source=mercari&utm_medium=cpc&utm_campaign=infeed_test,https://www.kamehouse-db.com/data/kamehouse/product/20250614_9feb79.jpeg,50,あり
927,ヒット(FS10-12/C),FS10 ジブレット 収録,スタートデッキEX > FS10 ジブレット,https://www.kamehouse-db.com/product/927,https://www.kamehouse-db.com/product/927?utm_source=mercari&utm_medium=cpc&utm_campaign=infeed_test,https://www.kamehouse-db.com/data/kamehouse/product/20250614_5161e6.jpeg,50,あり
926,フリーザ(FS10-13/C),FS10 ジブレット 収録,スタートデッキEX > FS10 ジブレット,https://www.kamehouse-db.com/product/926,https://www.kamehouse-db.com/product/926?utm_source=mercari&utm_medium=cpc&utm_campaign=infeed_test,https://www.kamehouse-db.com/data/kamehouse/product/20250614_c4a360.jpeg,50,あり
924,魔人ブウ：純粋(FS10-15/C),FS10 ジブレット 収録,スタートデッキEX > FS10 ジブレット,https://www.kamehouse-db.com/product/924,https://www.kamehouse-db.com/product/924?utm_source=mercari&utm_medium=cpc&utm_campaign=infeed_test,https://www.kamehouse-db.com/data/kamehouse/product/20250614_af35c2.jpeg,120,あり
923,ラディッツ(FS10-16/C),FS10 ジブレット 収録,スタートデッキEX > FS10 ジブレット,https://www.kamehouse-db.com/product/923,https://www.kamehouse-db.com/product/923?utm_source=mercari&utm_medium=cpc&utm_campaign=infeed_test,https://www.kamehouse-db.com/data/kamehouse/product/20250614_7ad4d5.jpeg,180,あり
922,怒りと憎悪のサイヤ人(FS10-17/C),FS10 ジブレット 収録,スタートデッキEX > FS10 ジブレット,https://www.kamehouse-db.com/product/922,https://www.kamehouse-db.com/product/922?utm_source=mercari&utm_medium=cpc&utm_campaign=infeed_test,https://www.kamehouse-db.com/data/kamehouse/product/20250614_26f742.jpeg,50,あり
921,歪められた正義(FS10-18/C),FS10 ジブレット 収録,スタートデッキEX > FS10 ジブレット,https://www.kamehouse-db.com/product/921,https://www.kamehouse-db.com/product/921?utm_source=mercari&utm_medium=cpc&utm_campaign=infeed_test,https://www.kamehouse-db.com/data/kamehouse/product/20250614_82c712.jpeg,180,あり
901,キンカンマン(FS09-02/C),FS09 シャロット 収録,スタートデッキEX > FS09 シャロット,https://www.kamehouse-db.com/product/901,https://www.kamehouse-db.com/product/901?utm_source=mercari&utm_medium=cpc&utm_campaign=infeed_test,https://www.kamehouse-db.com/data/kamehouse/product/20250614_0fef36.jpeg,50,あり
900,ザッハ(FS09-03/C),FS09 シャロット 収録,スタートデッキEX > FS09 シャロット,https://www.kamehouse-db.com/product/900,https://www.kamehouse-db.com/product/900?utm_source=mercari&utm_medium=cpc&utm_campaign=infeed_test,https://www.kamehouse-db.com/data/kamehouse/product/20250614_b217bc.jpeg,50,あり
899,ジャコ(FS09-04/C),FS09 シャロット 収録,スタートデッキEX > FS09 シャロット,https://www.kamehouse-db.com/product/899,https://www.kamehouse-db.com/product/899?utm_source=mercari&utm_medium=cpc&utm_campaign=infeed_test,https://www.kamehouse-db.com/data/kamehouse/product/20250614_01cd82.jpeg,50,あり
898,シャロット(FS09-05/C),FS09 シャロット 収録,スタートデッキEX > FS09 シャロット,https://www.kamehouse-db.com/product/898,https://www.kamehouse-db.com/product/898?utm_source=mercari&utm_medium=cpc&utm_campaign=infeed_test,https://www.kamehouse-db.com/data/kamehouse/product/20250614_9d079c.jpeg,50,あり
897,孫悟空(FS09-06/C),FS09 シャロット 収録,スタートデッキEX > FS09 シャロット,https://www.kamehouse-db.com/product/897,https://www.kamehouse-db.com/product/897?utm_source=mercari&utm_medium=cpc&utm_campaign=infeed_test,https://www.kamehouse-db.com/data/kamehouse/product/20250614_95d4c8.jpeg,50,あり
891,トランクス：未来(FS09-11/C),FS09 シャロット 収録,スタートデッキEX > FS09 シャロット,https://www.kamehouse-db.com/product/891,https://www.kamehouse-db.com/product/891?utm_source=mercari&utm_medium=cpc&utm_campaign=infeed_test,https://www.kamehouse-db.com/data/kamehouse/product/20250614_98df29.jpeg,50,あり
890,ナッパ(FS09-12/C),FS09 シャロット 収録,スタートデッキEX > FS09 シャロット,https://www.kamehouse-db.com/product/890,https://www.kamehouse-db.com/product/890?utm_source=mercari&utm_medium=cpc&utm_campaign=infeed_test,https://www.kamehouse-db.com/data/kamehouse/product/20250614_f0fd81.jpeg,50,あり
889,ビルス(FS09-13/C),FS09 シャロット 収録,スタートデッキEX > FS09 シャロット,https://www.kamehouse-db.com/product/889,https://www.kamehouse-db.com/product/889?utm_source=mercari&utm_medium=cpc&utm_campaign=infeed_test,https://www.kamehouse-db.com/data/kamehouse/product/20250614_345b58.jpeg,50,あり
884,ナニサマのつもりだああっ(FS09-18/C),FS09 シャロット 収録,スタートデッキEX > FS09 シャロット,https://www.kamehouse-db.com/product/884,https://www.kamehouse-db.com/product/884?utm_source=mercari&utm_medium=cpc&utm_campaign=infeed_test,https://www.kamehouse-db.com/data/kamehouse/product/20250614_9c9b42.jpeg,50,あり
799,カダン：DA(FS08-02/C),FS08 ベジータ(ミニ)-超サイヤ人3- 収録,スタートデッキ > FS08 -ベジータ(ミニ)超サイヤ人3-,https://www.kamehouse-db.com/product/799,https://www.kamehouse-db.com/product/799?utm_source=mercari&utm_medium=cpc&utm_campaign=infeed_test,https://www.kamehouse-db.com/data/kamehouse/product/20250504_cd61de.jpeg,50,あり
798,キビト(ミニ)：DA(FS08-03/C),FS08 ベジータ(ミニ)-超サイヤ人3- 収録,スタートデッキ > FS08 -ベジータ(ミニ)超サイヤ人3-,https://www.kamehouse-db.com/product/798,https://www.kamehouse-db.com/product/798?utm_source=mercari&utm_medium=cpc&utm_campaign=infeed_test,https://www.kamehouse-db.com/data/kamehouse/product/20250504_9309ef.jpeg,50,あり
797,グロリオ：DA(FS08-04/C),FS08 ベジータ(ミニ)-超サイヤ人3- 収録,スタートデッキ > FS08 -ベジータ(ミニ)超サイヤ人3-,https://www.kamehouse-db.com/product/797,https://www.kamehouse-db.com/product/797?utm_source=mercari&utm_medium=cpc&utm_campaign=infeed_test,https://www.kamehouse-db.com/data/kamehouse/product/20250504_9d0434.jpeg,50,あり
796,シン(ミニ)：DA(FS08-05/C),FS08 ベジータ(ミニ)-超サイヤ人3- 収録,スタートデッキ > FS08 -ベジータ(ミニ)超サイヤ人3-,https://www.kamehouse-db.com/product/796,https://www.kamehouse-db.com/product/796?utm_source=mercari&utm_medium=cpc&utm_campaign=infeed_test,https://www.kamehouse-db.com/data/kamehouse/product/20250504_06a618.jpeg,50,あり
794,デンデ(ミニ)：DA(FS08-07/C),FS08 ベジータ(ミニ)-超サイヤ人3- 収録,スタートデッキ > FS08 -ベジータ(ミニ)超サイヤ人3-,https://www.kamehouse-db.com/product/794,https://www.kamehouse-db.com/product/794?utm_source=mercari&utm_medium=cpc&utm_campaign=infeed_test,https://www.kamehouse-db.com/data/kamehouse/product/20250504_478042.jpeg,50,あり
793,トロル：DA(FS08-08/C),FS08 ベジータ(ミニ)-超サイヤ人3- 収録,スタートデッキ > FS08 -ベジータ(ミニ)超サイヤ人3-,https://www.kamehouse-db.com/product/793,https://www.kamehouse-db.com/product/793?utm_source=mercari&utm_medium=cpc&utm_campaign=infeed_test,https://www.kamehouse-db.com/data/kamehouse/product/20250504_cf6b03.jpeg,50,あり
792,パンジ：DA(FS08-09/C),FS08 ベジータ(ミニ)-超サイヤ人3- 収録,スタートデッキ > FS08 -ベジータ(ミニ)超サイヤ人3-,https://www.kamehouse-db.com/product/792,https://www.kamehouse-db.com/product/792?utm_source=mercari&utm_medium=cpc&utm_campaign=infeed_test,https://www.kamehouse-db.com/data/kamehouse/product/20250504_1a7216.jpeg,50,あり
791,ピッコロ(ミニ)：DA(FS08-10/C),FS08 ベジータ(ミニ)-超サイヤ人3- 収録,スタートデッキ > FS08 -ベジータ(ミニ)超サイヤ人3-,https://www.kamehouse-db.com/product/791,https://www.kamehouse-db.com/product/791?utm_source=mercari&utm_medium=cpc&utm_campaign=infeed_test,https://www.kamehouse-db.com/data/kamehouse/product/20250504_2d5436.jpeg,50,あり
790,ブルマ(ミニ)：DA(FS08-11/C),FS08 ベジータ(ミニ)-超サイヤ人3- 収録,スタートデッキ > FS08 -ベジータ(ミニ)超サイヤ人3-,https://www.kamehouse-db.com/product/790,https://www.kamehouse-db.com/product/790?utm_source=mercari&utm_medium=cpc&utm_campaign=infeed_test,https://www.kamehouse-db.com/data/kamehouse/product/20250504_d4cea8.jpeg,50,あり
789,ベジータ(ミニ)：DA(FS08-12/C),FS08 ベジータ(ミニ)-超サイヤ人3- 収録,スタートデッキ > FS08 -ベジータ(ミニ)超サイヤ人3-,https://www.kamehouse-db.com/product/789,https://www.kamehouse-db.com/product/789?utm_source=mercari&utm_medium=cpc&utm_campaign=infeed_test,https://www.kamehouse-db.com/data/kamehouse/product/20250504_973552.jpeg,50,あり
787,ペラル：DA(FS08-14/C),FS08 ベジータ(ミニ)-超サイヤ人3- 収録,スタートデッキ > FS08 -ベジータ(ミニ)超サイヤ人3-,https://www.kamehouse-db.com/product/787,https://www.kamehouse-db.com/product/787?utm_source=mercari&utm_medium=cpc&utm_campaign=infeed_test,https://www.kamehouse-db.com/data/kamehouse/product/20250504_04df42.jpeg,50,あり
785,復活虫(FS08-16/C),FS08 ベジータ(ミニ)-超サイヤ人3- 収録,スタートデッキ > FS08 -ベジータ(ミニ)超サイヤ人3-,https://www.kamehouse-db.com/product/785,https://www.kamehouse-db.com/product/785?utm_source=mercari&utm_medium=cpc&utm_campaign=infeed_test,https://www.kamehouse-db.com/data/kamehouse/product/20250504_68c46c.jpeg,50,あり
260,誇り高きサイヤ人(FS07-12/C),FS07 ベジータ(ミニ) 収録,スタートデッキ > FS07 ベジータ(ミニ),https://www.kamehouse-db.com/product/260,https://www.kamehouse-db.com/product/260?utm_source=mercari&utm_medium=cpc&utm_campaign=infeed_test,https://www.kamehouse-db.com/data/kamehouse/product/20241222_5717cf.JPG,50,あり
259,ベジータの戦闘服(FS07-11/C),FS07 ベジータ(ミニ) 収録,スタートデッキ > FS07 ベジータ(ミニ),https://www.kamehouse-db.com/product/259,https://www.kamehouse-db.com/product/259?utm_source=mercari&utm_medium=cpc&utm_campaign=infeed_test,https://www.kamehouse-db.com/data/kamehouse/product/20241222_209e02.JPG,50,あり
258,ミスター・サタン(ミニ):DA(FS07-10/C),FS07 ベジータ(ミニ) 収録,スタートデッキ > FS07 ベジータ(ミニ),https://www.kamehouse-db.com/product/258,https://www.kamehouse-db.com/product/258?utm_source=mercari&utm_medium=cpc&utm_campaign=infeed_test,https://www.kamehouse-db.com/data/kamehouse/product/20241222_64e2d7.JPG,50,あり
257,魔人ブウ(ミニ):DA(FS07-09/C),FS07 ベジータ(ミニ) 収録,スタートデッキ > FS07 ベジータ(ミニ),https://www.kamehouse-db.com/product/257,https://www.kamehouse-db.com/product/257?utm_source=mercari&utm_medium=cpc&utm_campaign=infeed_test,https://www.kamehouse-db.com/data/kamehouse/product/20241222_a0551d.JPG,50,あり
256,マーロン(FS07-08/C),FS07 ベジータ(ミニ) 収録,スタートデッキ > FS07 ベジータ(ミニ),https://www.kamehouse-db.com/product/256,https://www.kamehouse-db.com/product/256?utm_source=mercari&utm_medium=cpc&utm_campaign=infeed_test,https://www.kamehouse-db.com/data/kamehouse/product/20241222_81f620.JPG,50,あり
255,ブルマ(ミニ):DA(FS07-06/C),FS07 ベジータ(ミニ) 収録,スタートデッキ > FS07 ベジータ(ミニ),https://www.kamehouse-db.com/product/255,https://www.kamehouse-db.com/product/255?utm_source=mercari&utm_medium=cpc&utm_campaign=infeed_test,https://www.kamehouse-db.com/data/kamehouse/product/20241222_cf5431.JPG,50,あり
254,トランクス(ミニ):DA(FS07-04/C),FS07 ベジータ(ミニ) 収録,スタートデッキ > FS07 ベジータ(ミニ),https://www.kamehouse-db.com/product/254,https://www.kamehouse-db.com/product/254?utm_source=mercari&utm_medium=cpc&utm_campaign=infeed_test,https://www.kamehouse-db.com/data/kamehouse/product/20241222_f6d9b6.JPG,80,あり
253,人造人間18号(FS07-03/C),FS07 ベジータ(ミニ) 収録,スタートデッキ > FS07 ベジータ(ミニ),https://www.kamehouse-db.com/product/253,https://www.kamehouse-db.com/product/253?utm_source=mercari&utm_medium=cpc&utm_campaign=infeed_test,https://www.kamehouse-db.com/data/kamehouse/product/20241222_ee422a.JPG,50,あり
252,クリリン(FS07-02/C),FS07 ベジータ(ミニ) 収録,スタートデッキ > FS07 ベジータ(ミニ),https://www.kamehouse-db.com/product/252,https://www.kamehouse-db.com/product/252?utm_source=mercari&utm_medium=cpc&utm_campaign=infeed_test,https://www.kamehouse-db.com/data/kamehouse/product/20241222_ba7c86.JPG,50,あり
247,如意棒(FS06-12/C),FS06 孫悟空(ミニ) 収録,スタートデッキ > FS06 孫悟空(ミニ),https://www.kamehouse-db.com/product/247,https://www.kamehouse-db.com/product/247?utm_source=mercari&utm_medium=cpc&utm_campaign=infeed_test,https://www.kamehouse-db.com/data/kamehouse/product/20241221_5a2ff7.JPG,50,あり
246,筋斗雲(FS06-11/C),FS06 孫悟空(ミニ) 収録,スタートデッキ > FS06 孫悟空(ミニ),https://www.kamehouse-db.com/product/246,https://www.kamehouse-db.com/product/246?utm_source=mercari&utm_medium=cpc&utm_campaign=infeed_test,https://www.kamehouse-db.com/data/kamehouse/product/20241221_367579.JPG,50,あり
245,ピッコロ(FS06-10/C),FS06 孫悟空(ミニ) 収録,スタートデッキ > FS06 孫悟空(ミニ),https://www.kamehouse-db.com/product/245,https://www.kamehouse-db.com/product/245?utm_source=mercari&utm_medium=cpc&utm_campaign=infeed_test,https://www.kamehouse-db.com/data/kamehouse/product/20241221_183c89.JPG,50,あり
243,孫悟飯:青年期(FS06-08/C),FS06 孫悟空(ミニ) 収録,スタートデッキ > FS06 孫悟空(ミニ),https://www.kamehouse-db.com/product/243,https://www.kamehouse-db.com/product/243?utm_source=mercari&utm_medium=cpc&utm_campaign=infeed_test,https://www.kamehouse-db.com/data/kamehouse/product/20241221_82ced8.JPG,50,あり
241,人造人間18号(ミニ):DA(FS06-05/C),FS06 孫悟空(ミニ) 収録,スタートデッキ > FS06 孫悟空(ミニ),https://www.kamehouse-db.com/product/241,https://www.kamehouse-db.com/product/241?utm_source=mercari&utm_medium=cpc&utm_campaign=infeed_test,https://www.kamehouse-db.com/data/kamehouse/product/20241221_98cf52.JPG,50,あり
240,人造人間17号(FS06-04/C),FS06 孫悟空(ミニ) 収録,スタートデッキ > FS06 孫悟空(ミニ),https://www.kamehouse-db.com/product/240,https://www.kamehouse-db.com/product/240?utm_source=mercari&utm_medium=cpc&utm_campaign=infeed_test,https://www.kamehouse-db.com/data/kamehouse/product/20241221_b8e082.JPG,50,あり
239,クリリン(ミニ):DA(FS06-02/C),FS06 孫悟空(ミニ) 収録,スタートデッキ > FS06 孫悟空(ミニ),https://www.kamehouse-db.com/product/239,https://www.kamehouse-db.com/product/239?utm_source=mercari&utm_medium=cpc&utm_campaign=infeed_test,https://www.kamehouse-db.com/data/kamehouse/product/20241221_9e294d.JPG,50,あり
237,シン(ミニ):DA(FS06-03/SR),FS06 孫悟空(ミニ) 収録,スタートデッキ > FS06 孫悟空(ミニ),https://www.kamehouse-db.com/product/237,https://www.kamehouse-db.com/product/237?utm_source=mercari&utm_medium=cpc&utm_campaign=infeed_test,https://www.kamehouse-db.com/data/kamehouse/product/20241221_57bcc6.JPG,50,あり
234,たったひとりの最終決戦(FS05-16/C),FS05 バーダック 収録,スタートデッキ > FS05 バーダック,https://www.kamehouse-db.com/product/234,https://www.kamehouse-db.com/product/234?utm_source=mercari&utm_medium=cpc&utm_campaign=infeed_test,https://www.kamehouse-db.com/data/kamehouse/product/20241221_73d2a6.JPG,50,あり
233,運命への抵抗(FS05-15/C),FS05 バーダック 収録,スタートデッキ > FS05 バーダック,https://www.kamehouse-db.com/product/233,https://www.kamehouse-db.com/product/233?utm_source=mercari&utm_medium=cpc&utm_campaign=infeed_test,https://www.kamehouse-db.com/data/kamehouse/product/20241221_f4032b.JPG,50,あり
232,ベジータ:幼年期(FS05-14/C),FS05 バーダック 収録,スタートデッキ > FS05 バーダック,https://www.kamehouse-db.com/product/232,https://www.kamehouse-db.com/product/232?utm_source=mercari&utm_medium=cpc&utm_campaign=infeed_test,https://www.kamehouse-db.com/data/kamehouse/product/20241221_3311b4.JPG,50,あり
230,パンブーキン(FS05-12/C),FS05 バーダック 収録,スタートデッキ > FS05 バーダック,https://www.kamehouse-db.com/product/230,https://www.kamehouse-db.com/product/230?utm_source=mercari&utm_medium=cpc&utm_campaign=infeed_test,https://www.kamehouse-db.com/data/kamehouse/product/20241221_998897.JPG,50,あり
228,バーダック(FS05-10/C),FS05 バーダック 収録,スタートデッキ > FS05 バーダック,https://www.kamehouse-db.com/product/228,https://www.kamehouse-db.com/product/228?utm_source=mercari&utm_medium=cpc&utm_campaign=infeed_test,https://www.kamehouse-db.com/data/kamehouse/product/20241221_660913.JPG,50,あり
226,ドドリア(FS05-08/C),FS05 バーダック 収録,スタートデッキ > FS05 バーダック,https://www.kamehouse-db.com/product/226,https://www.kamehouse-db.com/product/226?utm_source=mercari&utm_medium=cpc&utm_campaign=infeed_test,https://www.kamehouse-db.com/data/kamehouse/product/20241221_ff34d4.JPG,50,あり
225,トテッポ(FS05-07/C),FS05 バーダック 収録,スタートデッキ > FS05 バーダック,https://www.kamehouse-db.com/product/225,https://www.kamehouse-db.com/product/225?utm_source=mercari&utm_medium=cpc&utm_campaign=infeed_test,https://www.kamehouse-db.com/data/kamehouse/product/20241221_384b3b.JPG,50,あり
224,トーマ(FS05-06/C),FS05 バーダック 収録,スタートデッキ > FS05 バーダック,https://www.kamehouse-db.com/product/224,https://www.kamehouse-db.com/product/224?utm_source=mercari&utm_medium=cpc&utm_campaign=infeed_test,https://www.kamehouse-db.com/data/kamehouse/product/20241221_12f2e8.JPG,50,あり
220,大猿バーダック(FS05-02/C),FS05 バーダック 収録,スタートデッキ > FS05 バーダック,https://www.kamehouse-db.com/product/220,https://www.kamehouse-db.com/product/220?utm_source=mercari&utm_medium=cpc&utm_campaign=infeed_test,https://www.kamehouse-db.com/data/kamehouse/product/20241221_e5d042.JPG,50,あり
217,デスボール(FS04-16/C),FS04 フリーザ 収録,スタートデッキ > FS04 フリーザ,https://www.kamehouse-db.com/product/217,https://www.kamehouse-db.com/product/217?utm_source=mercari&utm_medium=cpc&utm_campaign=infeed_test,https://www.kamehouse-db.com/data/kamehouse/product/20241221_2fa36d.JPG,50,あり
216,ゴールデンデスビーム(FS04-15/C),FS04 フリーザ 収録,スタートデッキ > FS04 フリーザ,https://www.kamehouse-db.com/product/216,https://www.kamehouse-db.com/product/216?utm_source=mercari&utm_medium=cpc&utm_campaign=infeed_test,https://www.kamehouse-db.com/data/kamehouse/product/20241221_a8e835.JPG,50,あり
215,レモ:BR(FS04-14/C),FS04 フリーザ 収録,スタートデッキ > FS04 フリーザ,https://www.kamehouse-db.com/product/215,https://www.kamehouse-db.com/product/215?utm_source=mercari&utm_medium=cpc&utm_campaign=infeed_test,https://www.kamehouse-db.com/data/kamehouse/product/20241221_95c505.JPG,50,あり
214,フリーザ(FS04-13/C),FS04 フリーザ 収録,スタートデッキ > FS04 フリーザ,https://www.kamehouse-db.com/product/214,https://www.kamehouse-db.com/product/214?utm_source=mercari&utm_medium=cpc&utm_campaign=infeed_test,https://www.kamehouse-db.com/data/kamehouse/product/20241221_55c91e.JPG,50,あり
213,フリーザ(FS04-12/C),FS04 フリーザ 収録,スタートデッキ > FS04 フリーザ,https://www.kamehouse-db.com/product/213,https://www.kamehouse-db.com/product/213?utm_source=mercari&utm_medium=cpc&utm_campaign=infeed_test,https://www.kamehouse-db.com/data/kamehouse/product/20241221_8a36bb.JPG,50,あり
211,ドドリア(FS04-10/C),FS04 フリーザ 収録,スタートデッキ > FS04 フリーザ,https://www.kamehouse-db.com/product/211,https://www.kamehouse-db.com/product/211?utm_source=mercari&utm_medium=cpc&utm_campaign=infeed_test,https://www.kamehouse-db.com/data/kamehouse/product/20241221_df10db.JPG,50,あり
210,チライ:BR(FS04-09/C),FS04 フリーザ 収録,スタートデッキ > FS04 フリーザ,https://www.kamehouse-db.com/product/210,https://www.kamehouse-db.com/product/210?utm_source=mercari&utm_medium=cpc&utm_campaign=infeed_test,https://www.kamehouse-db.com/data/kamehouse/product/20241221_45bc4d.JPG,50,あり
209,タゴマ(FS04-08/C),FS04 フリーザ 収録,スタートデッキ > FS04 フリーザ,https://www.kamehouse-db.com/product/209,https://www.kamehouse-db.com/product/209?utm_source=mercari&utm_medium=cpc&utm_campaign=infeed_test,https://www.kamehouse-db.com/data/kamehouse/product/20241221_c7a357.JPG,50,あり
208,ソルベ(FS04-07/C),FS04 フリーザ 収録,スタートデッキ > FS04 フリーザ,https://www.kamehouse-db.com/product/208,https://www.kamehouse-db.com/product/208?utm_source=mercari&utm_medium=cpc&utm_campaign=infeed_test,https://www.kamehouse-db.com/data/kamehouse/product/20241221_5e9693.JPG,50,あり
207,シサミ(FS04-06/C),FS04 フリーザ 収録,スタートデッキ > FS04 フリーザ,https://www.kamehouse-db.com/product/207,https://www.kamehouse-db.com/product/207?utm_source=mercari&utm_medium=cpc&utm_campaign=infeed_test,https://www.kamehouse-db.com/data/kamehouse/product/20241221_814d45.JPG,50,あり
205,キュイ(FS04-02/C),FS04 フリーザ 収録,スタートデッキ > FS04 フリーザ,https://www.kamehouse-db.com/product/205,https://www.kamehouse-db.com/product/205?utm_source=mercari&utm_medium=cpc&utm_campaign=infeed_test,https://www.kamehouse-db.com/data/kamehouse/product/20241221_74fc78.JPG,50,あり
198,ラディッツ(FS03-14/C),FS03 ブロリー 収録,スタートデッキ > FS03 ブロリー,https://www.kamehouse-db.com/product/198,https://www.kamehouse-db.com/product/198?utm_source=mercari&utm_medium=cpc&utm_campaign=infeed_test,https://www.kamehouse-db.com/data/kamehouse/product/20241221_162dc7.JPG,50,あり
196,ベジータ王(FS03-12/C),FS03 ブロリー 収録,スタートデッキ > FS03 ブロリー,https://www.kamehouse-db.com/product/196,https://www.kamehouse-db.com/product/196?utm_source=mercari&utm_medium=cpc&utm_campaign=infeed_test,https://www.kamehouse-db.com/data/kamehouse/product/20241221_beca8f.JPG,50,あり
195,ベジータ(FS03-11/C),FS03 ブロリー 収録,スタートデッキ > FS03 ブロリー,https://www.kamehouse-db.com/product/195,https://www.kamehouse-db.com/product/195?utm_source=mercari&utm_medium=cpc&utm_campaign=infeed_test,https://www.kamehouse-db.com/data/kamehouse/product/20241221_948ba4.JPG,50,あり
194,ブロリー(FS03-09/C),FS03 ブロリー 収録,スタートデッキ > FS03 ブロリー,https://www.kamehouse-db.com/product/194,https://www.kamehouse-db.com/product/194?utm_source=mercari&utm_medium=cpc&utm_campaign=infeed_test,https://www.kamehouse-db.com/data/kamehouse/product/20241221_f4e264.JPG,50,あり
193,ブロリー(FS03-08/C),FS03 ブロリー 収録,スタートデッキ > FS03 ブロリー,https://www.kamehouse-db.com/product/193,https://www.kamehouse-db.com/product/193?utm_source=mercari&utm_medium=cpc&utm_campaign=infeed_test,https://www.kamehouse-db.com/data/kamehouse/product/20241221_35bd7f.JPG,50,あり
192,パラガス(FS03-07/C),FS03 ブロリー 収録,スタートデッキ > FS03 ブロリー,https://www.kamehouse-db.com/product/192,https://www.kamehouse-db.com/product/192?utm_source=mercari&utm_medium=cpc&utm_campaign=infeed_test,https://www.kamehouse-db.com/data/kamehouse/product/20241221_6ca542.JPG,50,あり
191,パラガス(FS03-06/C),FS03 ブロリー 収録,スタートデッキ > FS03 ブロリー,https://www.kamehouse-db.com/product/191,https://www.kamehouse-db.com/product/191?utm_source=mercari&utm_medium=cpc&utm_campaign=infeed_test,https://www.kamehouse-db.com/data/kamehouse/product/20241221_4fef74.JPG,50,あり
190,ナッパ(FS03-05/C),FS03 ブロリー 収録,スタートデッキ > FS03 ブロリー,https://www.kamehouse-db.com/product/190,https://www.kamehouse-db.com/product/190?utm_source=mercari&utm_medium=cpc&utm_campaign=infeed_test,https://www.kamehouse-db.com/data/kamehouse/product/20241221_37d26d.JPG,50,あり
189,シャモ星人(FS03-03/C),FS03 ブロリー 収録,スタートデッキ > FS03 ブロリー,https://www.kamehouse-db.com/product/189,https://www.kamehouse-db.com/product/189?utm_source=mercari&utm_medium=cpc&utm_campaign=infeed_test,https://www.kamehouse-db.com/data/kamehouse/product/20241221_32b77f.JPG,50,あり
188,アンゴル(FS03-02/C),FS03 ブロリー 収録,スタートデッキ > FS03 ブロリー,https://www.kamehouse-db.com/product/188,https://www.kamehouse-db.com/product/188?utm_source=mercari&utm_medium=cpc&utm_campaign=infeed_test,https://www.kamehouse-db.com/data/kamehouse/product/20241221_22eb29.JPG,50,あり
183,ファイナルフラッシュ(FS02-16/C),FS02 ベジータ 収録,スタートデッキ > FS02 ベジータ,https://www.kamehouse-db.com/product/183,https://www.kamehouse-db.com/product/183?utm_source=mercari&utm_medium=cpc&utm_campaign=infeed_test,https://www.kamehouse-db.com/data/kamehouse/product/20241221_0738e0.JPG,50,あり
181,魔人ブウ:善(FS02-14/C),FS02 ベジータ 収録,スタートデッキ > FS02 ベジータ,https://www.kamehouse-db.com/product/181,https://www.kamehouse-db.com/product/181?utm_source=mercari&utm_medium=cpc&utm_campaign=infeed_test,https://www.kamehouse-db.com/data/kamehouse/product/20241221_03d7bc.JPG,50,あり
180,ブルマ(FS02-12/C),FS02 ベジータ 収録,スタートデッキ > FS02 ベジータ,https://www.kamehouse-db.com/product/180,https://www.kamehouse-db.com/product/180?utm_source=mercari&utm_medium=cpc&utm_campaign=infeed_test,https://www.kamehouse-db.com/data/kamehouse/product/20241221_3100a7.JPG,50,あり
179,ピッコロ(FS02-11/C),FS02 ベジータ 収録,スタートデッキ > FS02 ベジータ,https://www.kamehouse-db.com/product/179,https://www.kamehouse-db.com/product/179?utm_source=mercari&utm_medium=cpc&utm_campaign=infeed_test,https://www.kamehouse-db.com/data/kamehouse/product/20241221_80d4e8.JPG,50,あり
176,トランクス:幼年期(FS02-08/C),FS02 ベジータ 収録,スタートデッキ > FS02 ベジータ,https://www.kamehouse-db.com/product/176,https://www.kamehouse-db.com/product/176?utm_source=mercari&utm_medium=cpc&utm_campaign=infeed_test,https://www.kamehouse-db.com/data/kamehouse/product/20241221_932d24.JPG,50,あり
175,孫悟飯:青年期(FS02-07/C),FS02 ベジータ 収録,スタートデッキ > FS02 ベジータ,https://www.kamehouse-db.com/product/175,https://www.kamehouse-db.com/product/175?utm_source=mercari&utm_medium=cpc&utm_campaign=infeed_test,https://www.kamehouse-db.com/data/kamehouse/product/20241221_c4c2a7.JPG,50,あり
174,孫悟天(FS02-06/C),FS02 ベジータ 収録,スタートデッキ > FS02 ベジータ,https://www.kamehouse-db.com/product/174,https://www.kamehouse-db.com/product/174?utm_source=mercari&utm_medium=cpc&utm_campaign=infeed_test,https://www.kamehouse-db.com/data/kamehouse/product/20241221_9a46b6.JPG,50,あり
173,孫悟天(FS02-05/C),FS02 ベジータ 収録,スタートデッキ > FS02 ベジータ,https://www.kamehouse-db.com/product/173,https://www.kamehouse-db.com/product/173?utm_source=mercari&utm_medium=cpc&utm_campaign=infeed_test,https://www.kamehouse-db.com/data/kamehouse/product/20241221_5d738e.JPG,50,あり
172,孫悟空(FS02-04/C),FS02 ベジータ 収録,スタートデッキ > FS02 ベジータ,https://www.kamehouse-db.com/product/172,https://www.kamehouse-db.com/product/172?utm_source=mercari&utm_medium=cpc&utm_campaign=infeed_test,https://www.kamehouse-db.com/data/kamehouse/product/20241221_53e081.JPG,50,あり
171,ゴテンクス(FS02-02/C),FS02 ベジータ 収録,スタートデッキ > FS02 ベジータ,https://www.kamehouse-db.com/product/171,https://www.kamehouse-db.com/product/171?utm_source=mercari&utm_medium=cpc&utm_campaign=infeed_test,https://www.kamehouse-db.com/data/kamehouse/product/20241221_fbfa8c.JPG,50,あり
164,ベジータ(FS01-14/C),FS01 孫悟空 収録,スタートデッキ > FS01 孫悟空,https://www.kamehouse-db.com/product/164,https://www.kamehouse-db.com/product/164?utm_source=mercari&utm_medium=cpc&utm_campaign=infeed_test,https://www.kamehouse-db.com/data/kamehouse/product/20241221_258857.JPG,50,あり
163,フリーザ(FS01-13/C),FS01 孫悟空 収録,スタートデッキ > FS01 孫悟空,https://www.kamehouse-db.com/product/163,https://www.kamehouse-db.com/product/163?utm_source=mercari&utm_medium=cpc&utm_campaign=infeed_test,https://www.kamehouse-db.com/data/kamehouse/product/20241221_77a0f2.JPG,50,あり
162,ビルス(FS01-12/C),FS01 孫悟空 収録,スタートデッキ > FS01 孫悟空,https://www.kamehouse-db.com/product/162,https://www.kamehouse-db.com/product/162?utm_source=mercari&utm_medium=cpc&utm_campaign=infeed_test,https://www.kamehouse-db.com/data/kamehouse/product/20241221_cddb2e.JPG,50,あり
161,ピッコロ(FS01-11/C),FS01 孫悟空 収録,スタートデッキ > FS01 孫悟空,https://www.kamehouse-db.com/product/161,https://www.kamehouse-db.com/product/161?utm_source=mercari&utm_medium=cpc&utm_campaign=infeed_test,https://www.kamehouse-db.com/data/kamehouse/product/20241221_238cd8.JPG,50,あり
160,天津飯(FS01-10/C),FS01 孫悟空 収録,スタートデッキ > FS01 孫悟空,https://www.kamehouse-db.com/product/160,https://www.kamehouse-db.com/product/160?utm_source=mercari&utm_medium=cpc&utm_campaign=infeed_test,https://www.kamehouse-db.com/data/kamehouse/product/20241221_08550e.JPG,50,あり
159,人造人間18号(FS01-07/C),FS01 孫悟空 収録,スタートデッキ > FS01 孫悟空,https://www.kamehouse-db.com/product/159,https://www.kamehouse-db.com/product/159?utm_source=mercari&utm_medium=cpc&utm_campaign=infeed_test,https://www.kamehouse-db.com/data/kamehouse/product/20241221_940447.JPG,50,あり
158,人造人間17号(FS01-06/C),FS01 孫悟空 収録,スタートデッキ > FS01 孫悟空,https://www.kamehouse-db.com/product/158,https://www.kamehouse-db.com/product/158?utm_source=mercari&utm_medium=cpc&utm_campaign=infeed_test,https://www.kamehouse-db.com/data/kamehouse/product/20241221_17e731.JPG,50,あり
157,シン(FS01-05/C),FS01 孫悟空 収録,スタートデッキ > FS01 孫悟空,https://www.kamehouse-db.com/product/157,https://www.kamehouse-db.com/product/157?utm_source=mercari&utm_medium=cpc&utm_campaign=infeed_test,https://www.kamehouse-db.com/data/kamehouse/product/20241221_f07b57.JPG,50,あり
156,クリリン(FS01-04/C),FS01 孫悟空 収録,スタートデッキ > FS01 孫悟空,https://www.kamehouse-db.com/product/156,https://www.kamehouse-db.com/product/156?utm_source=mercari&utm_medium=cpc&utm_campaign=infeed_test,https://www.kamehouse-db.com/data/kamehouse/product/20241221_5244dd.JPG,50,あり
155,亀仙人(FS01-03/C),FS01 孫悟空 収録,スタートデッキ > FS01 孫悟空,https://www.kamehouse-db.com/product/155,https://www.kamehouse-db.com/product/155?utm_source=mercari&utm_medium=cpc&utm_campaign=infeed_test,https://www.kamehouse-db.com/data/kamehouse/product/20241221_a353b5.JPG,50,あり
154,ウイス(FS01-02/C),FS01 孫悟空 収録,スタートデッキ > FS01 孫悟空,https://www.kamehouse-db.com/product/154,https://www.kamehouse-db.com/product/154?utm_source=mercari&utm_medium=cpc&utm_campaign=infeed_test,https://www.kamehouse-db.com/data/kamehouse/product/20241221_df27f4.JPG,50,あり
115,ナッパ:青年期(FS05-09/C☆),FS05 バーダック ボーナスパック収録,スタートデッキ > FS05 バーダック,https://www.kamehouse-db.com/product/115,https://www.kamehouse-db.com/product/115?utm_source=mercari&utm_medium=cpc&utm_campaign=infeed_test,https://www.kamehouse-db.com/data/kamehouse/product/20241212_862746.JPG,110,あり
